contribution_type,proposal_id,proposal_reference,proposal_title,proposal_votes_totalCount,proposal_createdAt,proposal_publishedAt,proposal_updatedAt,proposal_publicationStatus,proposal_trashedAt,proposal_trashedReason,proposal_link,proposal_author_id,proposal_author_username,proposal_author_isEmailConfirmed,proposal_author_email,proposal_author_userType_id,proposal_author_userType_name,proposal_status_name,proposal_estimation,proposal_category_name,proposal_theme_title,"Evaluez l'importance de votre proposition","Evaluez le coût de votre proposition",Documents,Bilans,"Évaluer la proposition","Donnez plus d'informations sur l'évaluation","Comment trouvez-vous cette présentation ?","Quelle définition pour cette proposition ?","En résumé","Classez vos choix","Who is the best ?",proposal_formattedAddress,proposal_district_name,proposal_illustration,proposal_summary,proposal_description,proposal_votes_id,proposal_votes_createdAt,proposal_votes_publishedAt,proposal_votes_anonymous,proposal_votes_author_id,proposal_votes_author_username,proposal_votes_author_isEmailConfirmed,proposal_votes_ranking,proposal_votes_author_userType_id,proposal_votes_author_userType_name,proposal_comments_id,proposal_comments_body,proposal_comments_parent,proposal_comments_createdAt,proposal_comments_publishedAt,proposal_comments_updatedAt,proposal_comments_author_id,proposal_comments_author_username,proposal_comments_author_isEmailConfirmed,proposal_comments_author_userType_id,proposal_comments_author_userType_name,proposal_comments_author_email,proposal_comments_pinned,proposal_comments_publicationStatus,proposal_comments_vote_id,proposal_comments_vote_createdAt,proposal_comments_vote_publishedAt,proposal_comments_vote_published,proposal_comments_vote_author_id,proposal_comments_vote_author_username,proposal_comments_vote_author_isEmailConfirmed,proposal_comments_vote_author_userType_id,proposal_comments_vote_author_userType_name,proposal_news_id,proposal_news_title,proposal_news_themes,proposal_news_linkedProjects,proposal_news_linkedProposal,proposal_news_createdAt,proposal_news_updatedAt,proposal_news_publishedAt,proposal_news_publicationStatus,proposal_news_commentable,proposal_news_displayedOnBlog,proposal_news_authors_id,proposal_news_authors_username,proposal_news_authors_isEmailConfirmed,proposal_news_authors_userType_id,proposal_news_authors_userType_name,proposal_news_comments_id,proposal_news_comments_body,proposal_news_comments_parent,proposal_news_comments_createdAt,proposal_news_comments_updatedAt,proposal_news_comments_author_id,proposal_news_comments_author_username,proposal_news_comments_author_isEmailConfirmed,proposal_news_comments_author_userType_id,proposal_news_comments_author_userType_name,proposal_news_comments_author_email,proposal_news_comments_pinned,proposal_news_comments_publicationStatus,proposal_news_comments_vote_id,proposal_news_comments_vote_createdAt,proposal_news_comments_vote_publishedAt,proposal_news_comments_vote_published,proposal_news_comments_vote_author_id,proposal_news_comments_vote_author_username,proposal_news_comments_vote_author_isEmailConfirmed,proposal_news_comments_vote_author_userType_id,proposal_news_comments_vote_author_userType_name,proposal_news_comments_reportings_id,proposal_news_comments_reportings_createdAt,proposal_news_comments_reportings_published,proposal_news_comments_reportings_author_id,proposal_news_comments_reportings_author_username,proposal_news_comments_reportings_author_isEmailConfirmed,proposal_news_comments_reportings_author_userType_id,proposal_news_comments_reportings_author_userType_name,proposal_reportings_id,proposal_reportings_body,proposal_reportings_createdAt,proposal_reportings_author_id,proposal_reportings_author_username,proposal_reportings_author_isEmailConfirmed,proposal_reportings_author_userType_id,proposal_reportings_author_userType_name
proposal,UHJvcG9zYWw6cHJvcG9zYWwx,"""1-1""","Ravalement de la façade de la bibliothèque municipale",0,@datetime@,@datetime@,@datetime@,PUBLISHED,,,https://capco.dev/projects/budget-participatif-rennes/collect/collecte-des-propositions/proposals/ravalement-de-la-facade-de-la-bibliotheque-municipale,VXNlcjp1c2VyNTAy,welcomattic,1,msantostefano@jolicode.com,1,Citoyen,"En cours",,Politique,Justice,souhaitable,"250 000 €",,,"Cette proposition me parait inadaptée.","Cette évaluation est effectivement utile, mais ce n'est clairement pas prioritaire.",,"Incohérente, Que de la publicité (mensongère en plus !)","Je dis oui",,,"10 Cours des Alliés, 35000 Rennes, France",Beauregard,,,"Lorem ipsum dolor sit amet, consectetur adipiscing elit. In in elit eget dui bibendum luctus euismod sit amet odio. Pellentesque habitant morbi tristique senectus et netus et malesuada fames ac turpis egestas. Aliquam erat volutpat. Nulla mollis aliquam faucibus. Nullam pharetra mattis lacus. In vitae ex nisl. Integer faucibus, purus vitae egestas gravida, ante nisi semper magna, nec interdum est orci at purus.",,,,,,,,,,,,,,,,,,,,,,,,,,,,,,,,,,,,,,,,,,,,,,,,,,,,,,,,,,,,,,,,,,,,,,,,,,,,,,,,,,,,,,,
proposalReporting,UHJvcG9zYWw6cHJvcG9zYWwx,"""1-1""","Ravalement de la façade de la bibliothèque municipale",0,@datetime@,@datetime@,@datetime@,PUBLISHED,,,https://capco.dev/projects/budget-participatif-rennes/collect/collecte-des-propositions/proposals/ravalement-de-la-facade-de-la-bibliotheque-municipale,VXNlcjp1c2VyNTAy,welcomattic,1,msantostefano@jolicode.com,1,Citoyen,"En cours",,Politique,Justice,souhaitable,"250 000 €",,,"Cette proposition me parait inadaptée.","Cette évaluation est effectivement utile, mais ce n'est clairement pas prioritaire.",,"Incohérente, Que de la publicité (mensongère en plus !)","Je dis oui",,,"10 Cours des Alliés, 35000 Rennes, France",Beauregard,,,"Lorem ipsum dolor sit amet, consectetur adipiscing elit. In in elit eget dui bibendum luctus euismod sit amet odio. Pellentesque habitant morbi tristique senectus et netus et malesuada fames ac turpis egestas. Aliquam erat volutpat. Nulla mollis aliquam faucibus. Nullam pharetra mattis lacus. In vitae ex nisl. Integer faucibus, purus vitae egestas gravida, ante nisi semper magna, nec interdum est orci at purus.",,,,,,,,,,,,,,,,,,,,,,,,,,,,,,,,,,,,,,,,,,,,,,,,,,,,,,,,,,,,,,,,,,,,,,,,,,,,,,,,2,"Sapiente occaecati natus assumenda reiciendis. Et laudantium vel nisi ea itaque est.Omnis aut enim nihil repellat. Culpa dolore rem est est. Neque autem nihil esse. Pariatur reprehenderit assumenda error consequatur fugit ad iste.",@datetime@,VXNlcjp1c2VyMTAw,user100,1,1,Citoyen
proposalComment,UHJvcG9zYWw6cHJvcG9zYWwx,"""1-1""","Ravalement de la façade de la bibliothèque municipale",0,@datetime@,@datetime@,@datetime@,PUBLISHED,,,https://capco.dev/projects/budget-participatif-rennes/collect/collecte-des-propositions/proposals/ravalement-de-la-facade-de-la-bibliotheque-municipale,VXNlcjp1c2VyNTAy,welcomattic,1,msantostefano@jolicode.com,1,Citoyen,"En cours",,Politique,Justice,souhaitable,"250 000 €",,,"Cette proposition me parait inadaptée.","Cette évaluation est effectivement utile, mais ce n'est clairement pas prioritaire.",,"Incohérente, Que de la publicité (mensongère en plus !)","Je dis oui",,,"10 Cours des Alliés, 35000 Rennes, France",Beauregard,,,"Lorem ipsum dolor sit amet, consectetur adipiscing elit. In in elit eget dui bibendum luctus euismod sit amet odio. Pellentesque habitant morbi tristique senectus et netus et malesuada fames ac turpis egestas. Aliquam erat volutpat. Nulla mollis aliquam faucibus. Nullam pharetra mattis lacus. In vitae ex nisl. Integer faucibus, purus vitae egestas gravida, ante nisi semper magna, nec interdum est orci at purus.",,,,,,,,,,,proposalComment1,"Lorem ipsum dolor sit amet, consectetur adipiscing elit. In in elit eget dui bibendum luctus euismod sit amet odio. Pellentesque habitant morbi tristique senectus et netus et malesuada fames ac turpis egestas. Aliquam erat volutpat. Nulla mollis aliquam faucibus. Nullam pharetra mattis lacus. In vitae ex nisl. Integer faucibus, purus vitae egestas gravida, ante nisi semper magna, nec interdum est orci at purus.",,@datetime@,@datetime@,@datetime@,VXNlcjp1c2VyMg==,sfavot,1,1,Citoyen,sfavot@jolicode.com,1,PUBLISHED,,,,,,,,,,,,,,,,,,,,,,,,,,,,,,,,,,,,,,,,,,,,,,,,,,,,,,,,,,,,,,,
proposalComment,UHJvcG9zYWw6cHJvcG9zYWwx,"""1-1""","Ravalement de la façade de la bibliothèque municipale",0,@datetime@,@datetime@,@datetime@,PUBLISHED,,,https://capco.dev/projects/budget-participatif-rennes/collect/collecte-des-propositions/proposals/ravalement-de-la-facade-de-la-bibliotheque-municipale,VXNlcjp1c2VyNTAy,welcomattic,1,msantostefano@jolicode.com,1,Citoyen,"En cours",,Politique,Justice,souhaitable,"250 000 €",,,"Cette proposition me parait inadaptée.","Cette évaluation est effectivement utile, mais ce n'est clairement pas prioritaire.",,"Incohérente, Que de la publicité (mensongère en plus !)","Je dis oui",,,"10 Cours des Alliés, 35000 Rennes, France",Beauregard,,,"Lorem ipsum dolor sit amet, consectetur adipiscing elit. In in elit eget dui bibendum luctus euismod sit amet odio. Pellentesque habitant morbi tristique senectus et netus et malesuada fames ac turpis egestas. Aliquam erat volutpat. Nulla mollis aliquam faucibus. Nullam pharetra mattis lacus. In vitae ex nisl. Integer faucibus, purus vitae egestas gravida, ante nisi semper magna, nec interdum est orci at purus.",,,,,,,,,,,proposalComment5,"Lorem ipsum dolor sit amet, consectetur adipiscing elit. In in elit eget dui bibendum luctus euismod sit amet odio. Pellentesque habitant morbi tristique senectus et netus et malesuada fames ac turpis egestas. Aliquam erat volutpat. Nulla mollis aliquam faucibus. Nullam pharetra mattis lacus. In vitae ex nisl. Integer faucibus, purus vitae egestas gravida, ante nisi semper magna, nec interdum est orci at purus.",,@datetime@,@datetime@,@datetime@,VXNlcjp1c2VyMw==,xlacot,1,1,Citoyen,xlacot@jolicode.com,,PUBLISHED,,,,,,,,,,,,,,,,,,,,,,,,,,,,,,,,,,,,,,,,,,,,,,,,,,,,,,,,,,,,,,,
proposalComment,UHJvcG9zYWw6cHJvcG9zYWwx,"""1-1""","Ravalement de la façade de la bibliothèque municipale",0,@datetime@,@datetime@,@datetime@,PUBLISHED,,,https://capco.dev/projects/budget-participatif-rennes/collect/collecte-des-propositions/proposals/ravalement-de-la-facade-de-la-bibliotheque-municipale,VXNlcjp1c2VyNTAy,welcomattic,1,msantostefano@jolicode.com,1,Citoyen,"En cours",,Politique,Justice,souhaitable,"250 000 €",,,"Cette proposition me parait inadaptée.","Cette évaluation est effectivement utile, mais ce n'est clairement pas prioritaire.",,"Incohérente, Que de la publicité (mensongère en plus !)","Je dis oui",,,"10 Cours des Alliés, 35000 Rennes, France",Beauregard,,,"Lorem ipsum dolor sit amet, consectetur adipiscing elit. In in elit eget dui bibendum luctus euismod sit amet odio. Pellentesque habitant morbi tristique senectus et netus et malesuada fames ac turpis egestas. Aliquam erat volutpat. Nulla mollis aliquam faucibus. Nullam pharetra mattis lacus. In vitae ex nisl. Integer faucibus, purus vitae egestas gravida, ante nisi semper magna, nec interdum est orci at purus.",,,,,,,,,,,proposalComment12,"Lorem ipsum dolor sit amet, consectetur adipiscing elit. In in elit eget dui bibendum luctus euismod sit amet odio. Pellentesque habitant morbi tristique senectus et netus et malesuada fames ac turpis egestas. Aliquam erat volutpat. Nulla mollis aliquam faucibus. Nullam pharetra mattis lacus. In vitae ex nisl. Integer faucibus, purus vitae egestas gravida, ante nisi semper magna, nec interdum est orci at purus.",,@datetime@,@datetime@,@datetime@,VXNlcjp1c2VyQWRtaW4=,admin,1,1,Citoyen,admin@test.com,1,PUBLISHED,,,,,,,,,,,,,,,,,,,,,,,,,,,,,,,,,,,,,,,,,,,,,,,,,,,,,,,,,,,,,,,
proposalComment,UHJvcG9zYWw6cHJvcG9zYWwx,"""1-1""","Ravalement de la façade de la bibliothèque municipale",0,@datetime@,@datetime@,@datetime@,PUBLISHED,,,https://capco.dev/projects/budget-participatif-rennes/collect/collecte-des-propositions/proposals/ravalement-de-la-facade-de-la-bibliotheque-municipale,VXNlcjp1c2VyNTAy,welcomattic,1,msantostefano@jolicode.com,1,Citoyen,"En cours",,Politique,Justice,souhaitable,"250 000 €",,,"Cette proposition me parait inadaptée.","Cette évaluation est effectivement utile, mais ce n'est clairement pas prioritaire.",,"Incohérente, Que de la publicité (mensongère en plus !)","Je dis oui",,,"10 Cours des Alliés, 35000 Rennes, France",Beauregard,,,"Lorem ipsum dolor sit amet, consectetur adipiscing elit. In in elit eget dui bibendum luctus euismod sit amet odio. Pellentesque habitant morbi tristique senectus et netus et malesuada fames ac turpis egestas. Aliquam erat volutpat. Nulla mollis aliquam faucibus. Nullam pharetra mattis lacus. In vitae ex nisl. Integer faucibus, purus vitae egestas gravida, ante nisi semper magna, nec interdum est orci at purus.",,,,,,,,,,,proposalComment17,"Lorem ipsum dolor sit amet, consectetur adipiscing elit. In in elit eget dui bibendum luctus euismod sit amet odio. Pellentesque habitant morbi tristique senectus et netus et malesuada fames ac turpis egestas. Aliquam erat volutpat. Nulla mollis aliquam faucibus. Nullam pharetra mattis lacus. In vitae ex nisl. Integer faucibus, purus vitae egestas gravida, ante nisi semper magna, nec interdum est orci at purus.",,@datetime@,@datetime@,@datetime@,VXNlcjp1c2VyMg==,sfavot,1,1,Citoyen,sfavot@jolicode.com,1,PUBLISHED,,,,,,,,,,,,,,,,,,,,,,,,,,,,,,,,,,,,,,,,,,,,,,,,,,,,,,,,,,,,,,,
proposalComment,UHJvcG9zYWw6cHJvcG9zYWwx,"""1-1""","Ravalement de la façade de la bibliothèque municipale",0,@datetime@,@datetime@,@datetime@,PUBLISHED,,,https://capco.dev/projects/budget-participatif-rennes/collect/collecte-des-propositions/proposals/ravalement-de-la-facade-de-la-bibliotheque-municipale,VXNlcjp1c2VyNTAy,welcomattic,1,msantostefano@jolicode.com,1,Citoyen,"En cours",,Politique,Justice,souhaitable,"250 000 €",,,"Cette proposition me parait inadaptée.","Cette évaluation est effectivement utile, mais ce n'est clairement pas prioritaire.",,"Incohérente, Que de la publicité (mensongère en plus !)","Je dis oui",,,"10 Cours des Alliés, 35000 Rennes, France",Beauregard,,,"Lorem ipsum dolor sit amet, consectetur adipiscing elit. In in elit eget dui bibendum luctus euismod sit amet odio. Pellentesque habitant morbi tristique senectus et netus et malesuada fames ac turpis egestas. Aliquam erat volutpat. Nulla mollis aliquam faucibus. Nullam pharetra mattis lacus. In vitae ex nisl. Integer faucibus, purus vitae egestas gravida, ante nisi semper magna, nec interdum est orci at purus.",,,,,,,,,,,proposalComment19,"Lorem ipsum dolor sit amet, consectetur adipiscing elit. In in elit eget dui bibendum luctus euismod sit amet odio. Pellentesque habitant morbi tristique senectus et netus et malesuada fames ac turpis egestas. Aliquam erat volutpat. Nulla mollis aliquam faucibus. Nullam pharetra mattis lacus. In vitae ex nisl. Integer faucibus, purus vitae egestas gravida, ante nisi semper magna, nec interdum est orci at purus.",,@datetime@,@datetime@,@datetime@,VXNlcjp1c2VyQWRtaW4=,admin,1,1,Citoyen,admin@test.com,1,PUBLISHED,,,,,,,,,,,,,,,,,,,,,,,,,,,,,,,,,,,,,,,,,,,,,,,,,,,,,,,,,,,,,,,
proposalComment,UHJvcG9zYWw6cHJvcG9zYWwx,"""1-1""","Ravalement de la façade de la bibliothèque municipale",0,@datetime@,@datetime@,@datetime@,PUBLISHED,,,https://capco.dev/projects/budget-participatif-rennes/collect/collecte-des-propositions/proposals/ravalement-de-la-facade-de-la-bibliotheque-municipale,VXNlcjp1c2VyNTAy,welcomattic,1,msantostefano@jolicode.com,1,Citoyen,"En cours",,Politique,Justice,souhaitable,"250 000 €",,,"Cette proposition me parait inadaptée.","Cette évaluation est effectivement utile, mais ce n'est clairement pas prioritaire.",,"Incohérente, Que de la publicité (mensongère en plus !)","Je dis oui",,,"10 Cours des Alliés, 35000 Rennes, France",Beauregard,,,"Lorem ipsum dolor sit amet, consectetur adipiscing elit. In in elit eget dui bibendum luctus euismod sit amet odio. Pellentesque habitant morbi tristique senectus et netus et malesuada fames ac turpis egestas. Aliquam erat volutpat. Nulla mollis aliquam faucibus. Nullam pharetra mattis lacus. In vitae ex nisl. Integer faucibus, purus vitae egestas gravida, ante nisi semper magna, nec interdum est orci at purus.",,,,,,,,,,,proposalComment20,"Lorem ipsum dolor sit amet, consectetur adipiscing elit. In in elit eget dui bibendum luctus euismod sit amet odio. Pellentesque habitant morbi tristique senectus et netus et malesuada fames ac turpis egestas. Aliquam erat volutpat. Nulla mollis aliquam faucibus. Nullam pharetra mattis lacus. In vitae ex nisl. Integer faucibus, purus vitae egestas gravida, ante nisi semper magna, nec interdum est orci at purus.",,@datetime@,@datetime@,@datetime@,VXNlcjp1c2VyQWRtaW4=,admin,1,1,Citoyen,admin@test.com,1,PUBLISHED,,,,,,,,,,,,,,,,,,,,,,,,,,,,,,,,,,,,,,,,,,,,,,,,,,,,,,,,,,,,,,,
proposalComment,UHJvcG9zYWw6cHJvcG9zYWwx,"""1-1""","Ravalement de la façade de la bibliothèque municipale",0,@datetime@,@datetime@,@datetime@,PUBLISHED,,,https://capco.dev/projects/budget-participatif-rennes/collect/collecte-des-propositions/proposals/ravalement-de-la-facade-de-la-bibliotheque-municipale,VXNlcjp1c2VyNTAy,welcomattic,1,msantostefano@jolicode.com,1,Citoyen,"En cours",,Politique,Justice,souhaitable,"250 000 €",,,"Cette proposition me parait inadaptée.","Cette évaluation est effectivement utile, mais ce n'est clairement pas prioritaire.",,"Incohérente, Que de la publicité (mensongère en plus !)","Je dis oui",,,"10 Cours des Alliés, 35000 Rennes, France",Beauregard,,,"Lorem ipsum dolor sit amet, consectetur adipiscing elit. In in elit eget dui bibendum luctus euismod sit amet odio. Pellentesque habitant morbi tristique senectus et netus et malesuada fames ac turpis egestas. Aliquam erat volutpat. Nulla mollis aliquam faucibus. Nullam pharetra mattis lacus. In vitae ex nisl. Integer faucibus, purus vitae egestas gravida, ante nisi semper magna, nec interdum est orci at purus.",,,,,,,,,,,proposalComment4,"Lorem ipsum dolor sit amet, consectetur adipiscing elit. In in elit eget dui bibendum luctus euismod sit amet odio. Pellentesque habitant morbi tristique senectus et netus et malesuada fames ac turpis egestas. Aliquam erat volutpat. Nulla mollis aliquam faucibus. Nullam pharetra mattis lacus. In vitae ex nisl. Integer faucibus, purus vitae egestas gravida, ante nisi semper magna, nec interdum est orci at purus.",,@datetime@,@datetime@,@datetime@,VXNlcjp1c2VyMg==,sfavot,1,1,Citoyen,sfavot@jolicode.com,1,PUBLISHED,,,,,,,,,,,,,,,,,,,,,,,,,,,,,,,,,,,,,,,,,,,,,,,,,,,,,,,,,,,,,,,
proposalComment,UHJvcG9zYWw6cHJvcG9zYWwx,"""1-1""","Ravalement de la façade de la bibliothèque municipale",0,@datetime@,@datetime@,@datetime@,PUBLISHED,,,https://capco.dev/projects/budget-participatif-rennes/collect/collecte-des-propositions/proposals/ravalement-de-la-facade-de-la-bibliotheque-municipale,VXNlcjp1c2VyNTAy,welcomattic,1,msantostefano@jolicode.com,1,Citoyen,"En cours",,Politique,Justice,souhaitable,"250 000 €",,,"Cette proposition me parait inadaptée.","Cette évaluation est effectivement utile, mais ce n'est clairement pas prioritaire.",,"Incohérente, Que de la publicité (mensongère en plus !)","Je dis oui",,,"10 Cours des Alliés, 35000 Rennes, France",Beauregard,,,"Lorem ipsum dolor sit amet, consectetur adipiscing elit. In in elit eget dui bibendum luctus euismod sit amet odio. Pellentesque habitant morbi tristique senectus et netus et malesuada fames ac turpis egestas. Aliquam erat volutpat. Nulla mollis aliquam faucibus. Nullam pharetra mattis lacus. In vitae ex nisl. Integer faucibus, purus vitae egestas gravida, ante nisi semper magna, nec interdum est orci at purus.",,,,,,,,,,,proposalComment7,"Lorem ipsum dolor sit amet, consectetur adipiscing elit. In in elit eget dui bibendum luctus euismod sit amet odio. Pellentesque habitant morbi tristique senectus et netus et malesuada fames ac turpis egestas. Aliquam erat volutpat. Nulla mollis aliquam faucibus. Nullam pharetra mattis lacus. In vitae ex nisl. Integer faucibus, purus vitae egestas gravida, ante nisi semper magna, nec interdum est orci at purus.",,@datetime@,@datetime@,@datetime@,VXNlcjp1c2VyMg==,sfavot,1,1,Citoyen,sfavot@jolicode.com,1,PUBLISHED,,,,,,,,,,,,,,,,,,,,,,,,,,,,,,,,,,,,,,,,,,,,,,,,,,,,,,,,,,,,,,,
proposalComment,UHJvcG9zYWw6cHJvcG9zYWwx,"""1-1""","Ravalement de la façade de la bibliothèque municipale",0,@datetime@,@datetime@,@datetime@,PUBLISHED,,,https://capco.dev/projects/budget-participatif-rennes/collect/collecte-des-propositions/proposals/ravalement-de-la-facade-de-la-bibliotheque-municipale,VXNlcjp1c2VyNTAy,welcomattic,1,msantostefano@jolicode.com,1,Citoyen,"En cours",,Politique,Justice,souhaitable,"250 000 €",,,"Cette proposition me parait inadaptée.","Cette évaluation est effectivement utile, mais ce n'est clairement pas prioritaire.",,"Incohérente, Que de la publicité (mensongère en plus !)","Je dis oui",,,"10 Cours des Alliés, 35000 Rennes, France",Beauregard,,,"Lorem ipsum dolor sit amet, consectetur adipiscing elit. In in elit eget dui bibendum luctus euismod sit amet odio. Pellentesque habitant morbi tristique senectus et netus et malesuada fames ac turpis egestas. Aliquam erat volutpat. Nulla mollis aliquam faucibus. Nullam pharetra mattis lacus. In vitae ex nisl. Integer faucibus, purus vitae egestas gravida, ante nisi semper magna, nec interdum est orci at purus.",,,,,,,,,,,proposalComment10,"Lorem ipsum dolor sit amet, consectetur adipiscing elit. In in elit eget dui bibendum luctus euismod sit amet odio. Pellentesque habitant morbi tristique senectus et netus et malesuada fames ac turpis egestas. Aliquam erat volutpat. Nulla mollis aliquam faucibus. Nullam pharetra mattis lacus. In vitae ex nisl. Integer faucibus, purus vitae egestas gravida, ante nisi semper magna, nec interdum est orci at purus.",,@datetime@,@datetime@,@datetime@,VXNlcjp1c2VyNQ==,user,1,1,Citoyen,user@test.com,,PUBLISHED,,,,,,,,,,,,,,,,,,,,,,,,,,,,,,,,,,,,,,,,,,,,,,,,,,,,,,,,,,,,,,,
proposalComment,UHJvcG9zYWw6cHJvcG9zYWwx,"""1-1""","Ravalement de la façade de la bibliothèque municipale",0,@datetime@,@datetime@,@datetime@,PUBLISHED,,,https://capco.dev/projects/budget-participatif-rennes/collect/collecte-des-propositions/proposals/ravalement-de-la-facade-de-la-bibliotheque-municipale,VXNlcjp1c2VyNTAy,welcomattic,1,msantostefano@jolicode.com,1,Citoyen,"En cours",,Politique,Justice,souhaitable,"250 000 €",,,"Cette proposition me parait inadaptée.","Cette évaluation est effectivement utile, mais ce n'est clairement pas prioritaire.",,"Incohérente, Que de la publicité (mensongère en plus !)","Je dis oui",,,"10 Cours des Alliés, 35000 Rennes, France",Beauregard,,,"Lorem ipsum dolor sit amet, consectetur adipiscing elit. In in elit eget dui bibendum luctus euismod sit amet odio. Pellentesque habitant morbi tristique senectus et netus et malesuada fames ac turpis egestas. Aliquam erat volutpat. Nulla mollis aliquam faucibus. Nullam pharetra mattis lacus. In vitae ex nisl. Integer faucibus, purus vitae egestas gravida, ante nisi semper magna, nec interdum est orci at purus.",,,,,,,,,,,proposalComment11,"Lorem ipsum dolor sit amet, consectetur adipiscing elit. In in elit eget dui bibendum luctus euismod sit amet odio. Pellentesque habitant morbi tristique senectus et netus et malesuada fames ac turpis egestas. Aliquam erat volutpat. Nulla mollis aliquam faucibus. Nullam pharetra mattis lacus. In vitae ex nisl. Integer faucibus, purus vitae egestas gravida, ante nisi semper magna, nec interdum est orci at purus.",,@datetime@,@datetime@,@datetime@,VXNlcjp1c2VyNQ==,user,1,1,Citoyen,user@test.com,,PUBLISHED,,,,,,,,,,,,,,,,,,,,,,,,,,,,,,,,,,,,,,,,,,,,,,,,,,,,,,,,,,,,,,,
proposalComment,UHJvcG9zYWw6cHJvcG9zYWwx,"""1-1""","Ravalement de la façade de la bibliothèque municipale",0,@datetime@,@datetime@,@datetime@,PUBLISHED,,,https://capco.dev/projects/budget-participatif-rennes/collect/collecte-des-propositions/proposals/ravalement-de-la-facade-de-la-bibliotheque-municipale,VXNlcjp1c2VyNTAy,welcomattic,1,msantostefano@jolicode.com,1,Citoyen,"En cours",,Politique,Justice,souhaitable,"250 000 €",,,"Cette proposition me parait inadaptée.","Cette évaluation est effectivement utile, mais ce n'est clairement pas prioritaire.",,"Incohérente, Que de la publicité (mensongère en plus !)","Je dis oui",,,"10 Cours des Alliés, 35000 Rennes, France",Beauregard,,,"Lorem ipsum dolor sit amet, consectetur adipiscing elit. In in elit eget dui bibendum luctus euismod sit amet odio. Pellentesque habitant morbi tristique senectus et netus et malesuada fames ac turpis egestas. Aliquam erat volutpat. Nulla mollis aliquam faucibus. Nullam pharetra mattis lacus. In vitae ex nisl. Integer faucibus, purus vitae egestas gravida, ante nisi semper magna, nec interdum est orci at purus.",,,,,,,,,,,proposalComment13,"Lorem ipsum dolor sit amet, consectetur adipiscing elit. In in elit eget dui bibendum luctus euismod sit amet odio. Pellentesque habitant morbi tristique senectus et netus et malesuada fames ac turpis egestas. Aliquam erat volutpat. Nulla mollis aliquam faucibus. Nullam pharetra mattis lacus. In vitae ex nisl. Integer faucibus, purus vitae egestas gravida, ante nisi semper magna, nec interdum est orci at purus.",,@datetime@,@datetime@,@datetime@,VXNlcjp1c2VyNQ==,user,1,1,Citoyen,user@test.com,,PUBLISHED,,,,,,,,,,,,,,,,,,,,,,,,,,,,,,,,,,,,,,,,,,,,,,,,,,,,,,,,,,,,,,,
proposalComment,UHJvcG9zYWw6cHJvcG9zYWwx,"""1-1""","Ravalement de la façade de la bibliothèque municipale",0,@datetime@,@datetime@,@datetime@,PUBLISHED,,,https://capco.dev/projects/budget-participatif-rennes/collect/collecte-des-propositions/proposals/ravalement-de-la-facade-de-la-bibliotheque-municipale,VXNlcjp1c2VyNTAy,welcomattic,1,msantostefano@jolicode.com,1,Citoyen,"En cours",,Politique,Justice,souhaitable,"250 000 €",,,"Cette proposition me parait inadaptée.","Cette évaluation est effectivement utile, mais ce n'est clairement pas prioritaire.",,"Incohérente, Que de la publicité (mensongère en plus !)","Je dis oui",,,"10 Cours des Alliés, 35000 Rennes, France",Beauregard,,,"Lorem ipsum dolor sit amet, consectetur adipiscing elit. In in elit eget dui bibendum luctus euismod sit amet odio. Pellentesque habitant morbi tristique senectus et netus et malesuada fames ac turpis egestas. Aliquam erat volutpat. Nulla mollis aliquam faucibus. Nullam pharetra mattis lacus. In vitae ex nisl. Integer faucibus, purus vitae egestas gravida, ante nisi semper magna, nec interdum est orci at purus.",,,,,,,,,,,proposalComment14,"Lorem ipsum dolor sit amet, consectetur adipiscing elit. In in elit eget dui bibendum luctus euismod sit amet odio. Pellentesque habitant morbi tristique senectus et netus et malesuada fames ac turpis egestas. Aliquam erat volutpat. Nulla mollis aliquam faucibus. Nullam pharetra mattis lacus. In vitae ex nisl. Integer faucibus, purus vitae egestas gravida, ante nisi semper magna, nec interdum est orci at purus.",,@datetime@,@datetime@,@datetime@,VXNlcjp1c2VyNQ==,user,1,1,Citoyen,user@test.com,,PUBLISHED,,,,,,,,,,,,,,,,,,,,,,,,,,,,,,,,,,,,,,,,,,,,,,,,,,,,,,,,,,,,,,,
proposalComment,UHJvcG9zYWw6cHJvcG9zYWwx,"""1-1""","Ravalement de la façade de la bibliothèque municipale",0,@datetime@,@datetime@,@datetime@,PUBLISHED,,,https://capco.dev/projects/budget-participatif-rennes/collect/collecte-des-propositions/proposals/ravalement-de-la-facade-de-la-bibliotheque-municipale,VXNlcjp1c2VyNTAy,welcomattic,1,msantostefano@jolicode.com,1,Citoyen,"En cours",,Politique,Justice,souhaitable,"250 000 €",,,"Cette proposition me parait inadaptée.","Cette évaluation est effectivement utile, mais ce n'est clairement pas prioritaire.",,"Incohérente, Que de la publicité (mensongère en plus !)","Je dis oui",,,"10 Cours des Alliés, 35000 Rennes, France",Beauregard,,,"Lorem ipsum dolor sit amet, consectetur adipiscing elit. In in elit eget dui bibendum luctus euismod sit amet odio. Pellentesque habitant morbi tristique senectus et netus et malesuada fames ac turpis egestas. Aliquam erat volutpat. Nulla mollis aliquam faucibus. Nullam pharetra mattis lacus. In vitae ex nisl. Integer faucibus, purus vitae egestas gravida, ante nisi semper magna, nec interdum est orci at purus.",,,,,,,,,,,proposalComment15,"Lorem ipsum dolor sit amet, consectetur adipiscing elit. In in elit eget dui bibendum luctus euismod sit amet odio. Pellentesque habitant morbi tristique senectus et netus et malesuada fames ac turpis egestas. Aliquam erat volutpat. Nulla mollis aliquam faucibus. Nullam pharetra mattis lacus. In vitae ex nisl. Integer faucibus, purus vitae egestas gravida, ante nisi semper magna, nec interdum est orci at purus.",,@datetime@,@datetime@,@datetime@,VXNlcjp1c2VyMw==,xlacot,1,1,Citoyen,xlacot@jolicode.com,,PUBLISHED,,,,,,,,,,,,,,,,,,,,,,,,,,,,,,,,,,,,,,,,,,,,,,,,,,,,,,,,,,,,,,,
proposalComment,UHJvcG9zYWw6cHJvcG9zYWwx,"""1-1""","Ravalement de la façade de la bibliothèque municipale",0,@datetime@,@datetime@,@datetime@,PUBLISHED,,,https://capco.dev/projects/budget-participatif-rennes/collect/collecte-des-propositions/proposals/ravalement-de-la-facade-de-la-bibliotheque-municipale,VXNlcjp1c2VyNTAy,welcomattic,1,msantostefano@jolicode.com,1,Citoyen,"En cours",,Politique,Justice,souhaitable,"250 000 €",,,"Cette proposition me parait inadaptée.","Cette évaluation est effectivement utile, mais ce n'est clairement pas prioritaire.",,"Incohérente, Que de la publicité (mensongère en plus !)","Je dis oui",,,"10 Cours des Alliés, 35000 Rennes, France",Beauregard,,,"Lorem ipsum dolor sit amet, consectetur adipiscing elit. In in elit eget dui bibendum luctus euismod sit amet odio. Pellentesque habitant morbi tristique senectus et netus et malesuada fames ac turpis egestas. Aliquam erat volutpat. Nulla mollis aliquam faucibus. Nullam pharetra mattis lacus. In vitae ex nisl. Integer faucibus, purus vitae egestas gravida, ante nisi semper magna, nec interdum est orci at purus.",,,,,,,,,,,proposalComment16,"Lorem ipsum dolor sit amet, consectetur adipiscing elit. In in elit eget dui bibendum luctus euismod sit amet odio. Pellentesque habitant morbi tristique senectus et netus et malesuada fames ac turpis egestas. Aliquam erat volutpat. Nulla mollis aliquam faucibus. Nullam pharetra mattis lacus. In vitae ex nisl. Integer faucibus, purus vitae egestas gravida, ante nisi semper magna, nec interdum est orci at purus.",,@datetime@,@datetime@,@datetime@,VXNlcjp1c2VyMQ==,lbrunet,1,1,Citoyen,lbrunet@jolicode.com,,PUBLISHED,,,,,,,,,,,,,,,,,,,,,,,,,,,,,,,,,,,,,,,,,,,,,,,,,,,,,,,,,,,,,,,
proposalComment,UHJvcG9zYWw6cHJvcG9zYWwx,"""1-1""","Ravalement de la façade de la bibliothèque municipale",0,@datetime@,@datetime@,@datetime@,PUBLISHED,,,https://capco.dev/projects/budget-participatif-rennes/collect/collecte-des-propositions/proposals/ravalement-de-la-facade-de-la-bibliotheque-municipale,VXNlcjp1c2VyNTAy,welcomattic,1,msantostefano@jolicode.com,1,Citoyen,"En cours",,Politique,Justice,souhaitable,"250 000 €",,,"Cette proposition me parait inadaptée.","Cette évaluation est effectivement utile, mais ce n'est clairement pas prioritaire.",,"Incohérente, Que de la publicité (mensongère en plus !)","Je dis oui",,,"10 Cours des Alliés, 35000 Rennes, France",Beauregard,,,"Lorem ipsum dolor sit amet, consectetur adipiscing elit. In in elit eget dui bibendum luctus euismod sit amet odio. Pellentesque habitant morbi tristique senectus et netus et malesuada fames ac turpis egestas. Aliquam erat volutpat. Nulla mollis aliquam faucibus. Nullam pharetra mattis lacus. In vitae ex nisl. Integer faucibus, purus vitae egestas gravida, ante nisi semper magna, nec interdum est orci at purus.",,,,,,,,,,,proposalComment18,"Lorem ipsum dolor sit amet, consectetur adipiscing elit. In in elit eget dui bibendum luctus euismod sit amet odio. Pellentesque habitant morbi tristique senectus et netus et malesuada fames ac turpis egestas. Aliquam erat volutpat. Nulla mollis aliquam faucibus. Nullam pharetra mattis lacus. In vitae ex nisl. Integer faucibus, purus vitae egestas gravida, ante nisi semper magna, nec interdum est orci at purus.",,@datetime@,@datetime@,@datetime@,VXNlcjp1c2VyMQ==,lbrunet,1,1,Citoyen,lbrunet@jolicode.com,,PUBLISHED,,,,,,,,,,,,,,,,,,,,,,,,,,,,,,,,,,,,,,,,,,,,,,,,,,,,,,,,,,,,,,,
proposalComment,UHJvcG9zYWw6cHJvcG9zYWwx,"""1-1""","Ravalement de la façade de la bibliothèque municipale",0,@datetime@,@datetime@,@datetime@,PUBLISHED,,,https://capco.dev/projects/budget-participatif-rennes/collect/collecte-des-propositions/proposals/ravalement-de-la-facade-de-la-bibliotheque-municipale,VXNlcjp1c2VyNTAy,welcomattic,1,msantostefano@jolicode.com,1,Citoyen,"En cours",,Politique,Justice,souhaitable,"250 000 €",,,"Cette proposition me parait inadaptée.","Cette évaluation est effectivement utile, mais ce n'est clairement pas prioritaire.",,"Incohérente, Que de la publicité (mensongère en plus !)","Je dis oui",,,"10 Cours des Alliés, 35000 Rennes, France",Beauregard,,,"Lorem ipsum dolor sit amet, consectetur adipiscing elit. In in elit eget dui bibendum luctus euismod sit amet odio. Pellentesque habitant morbi tristique senectus et netus et malesuada fames ac turpis egestas. Aliquam erat volutpat. Nulla mollis aliquam faucibus. Nullam pharetra mattis lacus. In vitae ex nisl. Integer faucibus, purus vitae egestas gravida, ante nisi semper magna, nec interdum est orci at purus.",,,,,,,,,,,proposalComment2,"Lorem ipsum dolor sit amet, consectetur adipiscing elit. In in elit eget dui bibendum luctus euismod sit amet odio. Pellentesque habitant morbi tristique senectus et netus et malesuada fames ac turpis egestas. Aliquam erat volutpat. Nulla mollis aliquam faucibus. Nullam pharetra mattis lacus. In vitae ex nisl. Integer faucibus, purus vitae egestas gravida, ante nisi semper magna, nec interdum est orci at purus.",,@datetime@,@datetime@,@datetime@,VXNlcjp1c2VyMw==,xlacot,1,1,Citoyen,xlacot@jolicode.com,,PUBLISHED,,,,,,,,,,,,,,,,,,,,,,,,,,,,,,,,,,,,,,,,,,,,,,,,,,,,,,,,,,,,,,,
proposalComment,UHJvcG9zYWw6cHJvcG9zYWwx,"""1-1""","Ravalement de la façade de la bibliothèque municipale",0,@datetime@,@datetime@,@datetime@,PUBLISHED,,,https://capco.dev/projects/budget-participatif-rennes/collect/collecte-des-propositions/proposals/ravalement-de-la-facade-de-la-bibliotheque-municipale,VXNlcjp1c2VyNTAy,welcomattic,1,msantostefano@jolicode.com,1,Citoyen,"En cours",,Politique,Justice,souhaitable,"250 000 €",,,"Cette proposition me parait inadaptée.","Cette évaluation est effectivement utile, mais ce n'est clairement pas prioritaire.",,"Incohérente, Que de la publicité (mensongère en plus !)","Je dis oui",,,"10 Cours des Alliés, 35000 Rennes, France",Beauregard,,,"Lorem ipsum dolor sit amet, consectetur adipiscing elit. In in elit eget dui bibendum luctus euismod sit amet odio. Pellentesque habitant morbi tristique senectus et netus et malesuada fames ac turpis egestas. Aliquam erat volutpat. Nulla mollis aliquam faucibus. Nullam pharetra mattis lacus. In vitae ex nisl. Integer faucibus, purus vitae egestas gravida, ante nisi semper magna, nec interdum est orci at purus.",,,,,,,,,,,proposalComment3,"Lorem ipsum dolor sit amet, consectetur adipiscing elit. In in elit eget dui bibendum luctus euismod sit amet odio. Pellentesque habitant morbi tristique senectus et netus et malesuada fames ac turpis egestas. Aliquam erat volutpat. Nulla mollis aliquam faucibus. Nullam pharetra mattis lacus. In vitae ex nisl. Integer faucibus, purus vitae egestas gravida, ante nisi semper magna, nec interdum est orci at purus.",,@datetime@,@datetime@,@datetime@,VXNlcjp1c2VyMw==,xlacot,1,1,Citoyen,xlacot@jolicode.com,,PUBLISHED,,,,,,,,,,,,,,,,,,,,,,,,,,,,,,,,,,,,,,,,,,,,,,,,,,,,,,,,,,,,,,,
proposalComment,UHJvcG9zYWw6cHJvcG9zYWwx,"""1-1""","Ravalement de la façade de la bibliothèque municipale",0,@datetime@,@datetime@,@datetime@,PUBLISHED,,,https://capco.dev/projects/budget-participatif-rennes/collect/collecte-des-propositions/proposals/ravalement-de-la-facade-de-la-bibliotheque-municipale,VXNlcjp1c2VyNTAy,welcomattic,1,msantostefano@jolicode.com,1,Citoyen,"En cours",,Politique,Justice,souhaitable,"250 000 €",,,"Cette proposition me parait inadaptée.","Cette évaluation est effectivement utile, mais ce n'est clairement pas prioritaire.",,"Incohérente, Que de la publicité (mensongère en plus !)","Je dis oui",,,"10 Cours des Alliés, 35000 Rennes, France",Beauregard,,,"Lorem ipsum dolor sit amet, consectetur adipiscing elit. In in elit eget dui bibendum luctus euismod sit amet odio. Pellentesque habitant morbi tristique senectus et netus et malesuada fames ac turpis egestas. Aliquam erat volutpat. Nulla mollis aliquam faucibus. Nullam pharetra mattis lacus. In vitae ex nisl. Integer faucibus, purus vitae egestas gravida, ante nisi semper magna, nec interdum est orci at purus.",,,,,,,,,,,proposalComment6,"Lorem ipsum dolor sit amet, consectetur adipiscing elit. In in elit eget dui bibendum luctus euismod sit amet odio. Pellentesque habitant morbi tristique senectus et netus et malesuada fames ac turpis egestas. Aliquam erat volutpat. Nulla mollis aliquam faucibus. Nullam pharetra mattis lacus. In vitae ex nisl. Integer faucibus, purus vitae egestas gravida, ante nisi semper magna, nec interdum est orci at purus.",,@datetime@,@datetime@,@datetime@,,,,,,,,PUBLISHED,,,,,,,,,,,,,,,,,,,,,,,,,,,,,,,,,,,,,,,,,,,,,,,,,,,,,,,,,,,,,,,
proposalComment,UHJvcG9zYWw6cHJvcG9zYWwx,"""1-1""","Ravalement de la façade de la bibliothèque municipale",0,@datetime@,@datetime@,@datetime@,PUBLISHED,,,https://capco.dev/projects/budget-participatif-rennes/collect/collecte-des-propositions/proposals/ravalement-de-la-facade-de-la-bibliotheque-municipale,VXNlcjp1c2VyNTAy,welcomattic,1,msantostefano@jolicode.com,1,Citoyen,"En cours",,Politique,Justice,souhaitable,"250 000 €",,,"Cette proposition me parait inadaptée.","Cette évaluation est effectivement utile, mais ce n'est clairement pas prioritaire.",,"Incohérente, Que de la publicité (mensongère en plus !)","Je dis oui",,,"10 Cours des Alliés, 35000 Rennes, France",Beauregard,,,"Lorem ipsum dolor sit amet, consectetur adipiscing elit. In in elit eget dui bibendum luctus euismod sit amet odio. Pellentesque habitant morbi tristique senectus et netus et malesuada fames ac turpis egestas. Aliquam erat volutpat. Nulla mollis aliquam faucibus. Nullam pharetra mattis lacus. In vitae ex nisl. Integer faucibus, purus vitae egestas gravida, ante nisi semper magna, nec interdum est orci at purus.",,,,,,,,,,,proposalComment8,"Lorem ipsum dolor sit amet, consectetur adipiscing elit. In in elit eget dui bibendum luctus euismod sit amet odio. Pellentesque habitant morbi tristique senectus et netus et malesuada fames ac turpis egestas. Aliquam erat volutpat. Nulla mollis aliquam faucibus. Nullam pharetra mattis lacus. In vitae ex nisl. Integer faucibus, purus vitae egestas gravida, ante nisi semper magna, nec interdum est orci at purus.",,@datetime@,@datetime@,@datetime@,VXNlcjp1c2VyMQ==,lbrunet,1,1,Citoyen,lbrunet@jolicode.com,,PUBLISHED,,,,,,,,,,,,,,,,,,,,,,,,,,,,,,,,,,,,,,,,,,,,,,,,,,,,,,,,,,,,,,,
proposalComment,UHJvcG9zYWw6cHJvcG9zYWwx,"""1-1""","Ravalement de la façade de la bibliothèque municipale",0,@datetime@,@datetime@,@datetime@,PUBLISHED,,,https://capco.dev/projects/budget-participatif-rennes/collect/collecte-des-propositions/proposals/ravalement-de-la-facade-de-la-bibliotheque-municipale,VXNlcjp1c2VyNTAy,welcomattic,1,msantostefano@jolicode.com,1,Citoyen,"En cours",,Politique,Justice,souhaitable,"250 000 €",,,"Cette proposition me parait inadaptée.","Cette évaluation est effectivement utile, mais ce n'est clairement pas prioritaire.",,"Incohérente, Que de la publicité (mensongère en plus !)","Je dis oui",,,"10 Cours des Alliés, 35000 Rennes, France",Beauregard,,,"Lorem ipsum dolor sit amet, consectetur adipiscing elit. In in elit eget dui bibendum luctus euismod sit amet odio. Pellentesque habitant morbi tristique senectus et netus et malesuada fames ac turpis egestas. Aliquam erat volutpat. Nulla mollis aliquam faucibus. Nullam pharetra mattis lacus. In vitae ex nisl. Integer faucibus, purus vitae egestas gravida, ante nisi semper magna, nec interdum est orci at purus.",,,,,,,,,,,proposalComment9,"Lorem ipsum dolor sit amet, consectetur adipiscing elit. In in elit eget dui bibendum luctus euismod sit amet odio. Pellentesque habitant morbi tristique senectus et netus et malesuada fames ac turpis egestas. Aliquam erat volutpat. Nulla mollis aliquam faucibus. Nullam pharetra mattis lacus. In vitae ex nisl. Integer faucibus, purus vitae egestas gravida, ante nisi semper magna, nec interdum est orci at purus.",,@datetime@,@datetime@,@datetime@,VXNlcjp1c2VyMw==,xlacot,1,1,Citoyen,xlacot@jolicode.com,,PUBLISHED,,,,,,,,,,,,,,,,,,,,,,,,,,,,,,,,,,,,,,,,,,,,,,,,,,,,,,,,,,,,,,,
proposalNews,UHJvcG9zYWw6cHJvcG9zYWwx,"""1-1""","Ravalement de la façade de la bibliothèque municipale",0,@datetime@,@datetime@,@datetime@,PUBLISHED,,,https://capco.dev/projects/budget-participatif-rennes/collect/collecte-des-propositions/proposals/ravalement-de-la-facade-de-la-bibliotheque-municipale,VXNlcjp1c2VyNTAy,welcomattic,1,msantostefano@jolicode.com,1,Citoyen,"En cours",,Politique,Justice,souhaitable,"250 000 €",,,"Cette proposition me parait inadaptée.","Cette évaluation est effectivement utile, mais ce n'est clairement pas prioritaire.",,"Incohérente, Que de la publicité (mensongère en plus !)","Je dis oui",,,"10 Cours des Alliés, 35000 Rennes, France",Beauregard,,,"Lorem ipsum dolor sit amet, consectetur adipiscing elit. In in elit eget dui bibendum luctus euismod sit amet odio. Pellentesque habitant morbi tristique senectus et netus et malesuada fames ac turpis egestas. Aliquam erat volutpat. Nulla mollis aliquam faucibus. Nullam pharetra mattis lacus. In vitae ex nisl. Integer faucibus, purus vitae egestas gravida, ante nisi semper magna, nec interdum est orci at purus.",,,,,,,,,,,,,,,,,,,,,,,,,,,,,,,,,,UG9zdDo2,"Réponses officielle","Immobilier, Justice",,"Ravalement de la façade de la bibliothèque municipale",@datetime@,@datetime@,@datetime@,PUBLISHED,Yes,Yes,VXNlcjp1c2VyMw==,xlacot,1,1,Citoyen,,,,,,,,,,,,,,,,,,,,,,,,,,,,,,,,,,,,,,
proposal,UHJvcG9zYWw6cHJvcG9zYWwy,"""1-2""","Rénovation du gymnase",0,@datetime@,@datetime@,@datetime@,PUBLISHED,,,https://capco.dev/projects/budget-participatif-rennes/collect/collecte-des-propositions/proposals/renovation-du-gymnase,VXNlcjp1c2VyNQ==,user,1,user@test.com,1,Citoyen,Approuvé,,Aménagement,Transport,souhaitable,"1 million !",,,"Cette proposition est top.","Cette évaluation est hyper utile, à accepter.","Pas la folie tout ça…",Incohérente,"Je dis non","Réalisable, Importante, Compréhensible",,"263 Avenue Général Leclerc, 35700 Rennes, France","Nord Saint-Martin",,,"On va en faire un beau gymnase, promis :)",,,,,,,,,,,,,,,,,,,,,,,,,,,,,,,,,,,,,,,,,,,,,,,,,,,,,,,,,,,,,,,,,,,,,,,,,,,,,,,,,,,,,,,
proposal,UHJvcG9zYWw6cHJvcG9zYWwz,"""1-3""","Installation de bancs sur la place de la mairie",0,@datetime@,@datetime@,,PUBLISHED,,,https://capco.dev/projects/budget-participatif-rennes/collect/collecte-des-propositions/proposals/installation-de-bancs-sur-la-place-de-la-mairie,VXNlcjp1c2VyNTAy,welcomattic,1,msantostefano@jolicode.com,1,Citoyen,"En cours",,Politique,Justice,,"réponse obligatoire",,,"Proposition que ma femme approuve ... Pas moi.","Que dire de plus ?",,"C'est de la diffamation !, Que de la publicité (mensongère en plus !)","J'ai rien compris","Réalisable, Compréhensible, Importante",,"Place de la Mairie, 35000 Rennes, France",Beaulieu,,"Un beau résumé","\"Lorem ipsum dolor sit amet, consectetur adipiscing elit. In in elit eget dui bibendum luctus euismod sit amet odio. Pellentesque habitant morbi tristique senectus et netus et malesuada fames ac turpis egestas. Aliquam erat volutpat. Nulla mollis aliquam faucibus. Nullam pharetra mattis lacus. In vitae ex nisl. Integer faucibus, purus vitae egestas gravida, ante nisi semper magna, nec interdum est orci at purus.\"",,,,,,,,,,,,,,,,,,,,,,,,,,,,,,,,,,,,,,,,,,,,,,,,,,,,,,,,,,,,,,,,,,,,,,,,,,,,,,,,,,,,,,,
proposal,UHJvcG9zYWw6cHJvcG9zYWw0,"""1-4""","Plantation de tulipes dans les jardinière du parking de l'église avec un titre très long pour tester la césure",0,@datetime@,@datetime@,,PUBLISHED,,,https://capco.dev/projects/budget-participatif-rennes/collect/collecte-des-propositions/proposals/plantation-de-tulipes-dans-les-jardiniere-du-parking-de-leglise-avec-un-titre-tres-long-pour-tester-la-cesure,VXNlcjp1c2VyNw==,user7,1,user7@cap-collectif.com,1,Citoyen,,,,Justice,,"réponse obligatoire",,,,,,,,,,"45 Rue de Brest, 35000 Rennes, France","Nord Saint-Martin",,,"Lorem ipsum dolor sit amet, consectetur adipiscing elit. In in elit eget dui bibendum luctus euismod sit amet odio. Pellentesque habitant morbi tristique senectus et netus et malesuada fames ac turpis egestas. Aliquam erat volutpat. Nulla mollis aliquam faucibus. Nullam pharetra mattis lacus. In vitae ex nisl. Integer faucibus, purus vitae egestas gravida, ante nisi semper magna, nec interdum est orci at purus.",,,,,,,,,,,,,,,,,,,,,,,,,,,,,,,,,,,,,,,,,,,,,,,,,,,,,,,,,,,,,,,,,,,,,,,,,,,,,,,,,,,,,,,
proposal,UHJvcG9zYWw6cHJvcG9zYWw1,"""1-5""","Proposition à la corbeille (visible)",0,@datetime@,@datetime@,,TRASHED,@datetime@,Pub,https://capco.dev/projects/budget-participatif-rennes/collect/collecte-des-propositions/proposals/proposition-a-la-corbeille-visible,VXNlcjp1c2VyNw==,user7,1,user7@cap-collectif.com,1,Citoyen,Rejeté,,,"Thème vide",,"réponse obligatoire",,,,,,,,,,,"Maurepas Patton",,,"Lorem ipsum dolor sit amet, consectetur adipiscing elit. In in elit eget dui bibendum luctus euismod sit amet odio. Pellentesque habitant morbi tristique senectus et netus et malesuada fames ac turpis egestas. Aliquam erat volutpat. Nulla mollis aliquam faucibus. Nullam pharetra mattis lacus. In vitae ex nisl. Integer faucibus, purus vitae egestas gravida, ante nisi semper magna, nec interdum est orci at purus.",,,,,,,,,,,,,,,,,,,,,,,,,,,,,,,,,,,,,,,,,,,,,,,,,,,,,,,,,,,,,,,,,,,,,,,,,,,,,,,,,,,,,,,
proposal,UHJvcG9zYWw6cHJvcG9zYWw2,"""1-6""","Proposition à la corbeille (invisible)",0,@datetime@,@datetime@,@datetime@,TRASHED_NOT_VISIBLE,@datetime@,Raciste,https://capco.dev/projects/budget-participatif-rennes/collect/collecte-des-propositions/proposals/proposition-a-la-corbeille-invisible,VXNlcjp1c2VyQWRtaW4=,admin,1,admin@test.com,1,Citoyen,"En cours",,,Justice,,"réponse obligatoire",,,,,,,,,,,"Maurepas Patton",,,"Lorem ipsum dolor sit amet, consectetur adipiscing elit. In in elit eget dui bibendum luctus euismod sit amet odio. Pellentesque habitant morbi tristique senectus et netus et malesuada fames ac turpis egestas. Aliquam erat volutpat. Nulla mollis aliquam faucibus. Nullam pharetra mattis lacus. In vitae ex nisl. Integer faucibus, purus vitae egestas gravida, ante nisi semper magna, nec interdum est orci at purus.",,,,,,,,,,,,,,,,,,,,,,,,,,,,,,,,,,,,,,,,,,,,,,,,,,,,,,,,,,,,,,,,,,,,,,,,,,,,,,,,,,,,,,,
proposal,UHJvcG9zYWw6cHJvcG9zYWwxMA==,"""1-7""","Proposition pas encore votable",0,@datetime@,@datetime@,@datetime@,PUBLISHED,,,https://capco.dev/projects/budget-participatif-rennes/collect/collecte-des-propositions/proposals/proposition-pas-encore-votable,VXNlcjp1c2VyQWRtaW4=,admin,1,admin@test.com,1,Citoyen,"En cours",100,,Justice,,,,,,,,,,,,,"Maurepas Patton",,,"Lorem ipsum dolor sit amet, consectetur adipiscing elit. In in elit eget dui bibendum luctus euismod sit amet odio. Pellentesque habitant morbi tristique senectus et netus et malesuada fames ac turpis egestas. Aliquam erat volutpat. Nulla mollis aliquam faucibus. Nullam pharetra mattis lacus. In vitae ex nisl. Integer faucibus, purus vitae egestas gravida, ante nisi semper magna, nec interdum est orci at purus.",,,,,,,,,,,,,,,,,,,,,,,,,,,,,,,,,,,,,,,,,,,,,,,,,,,,,,,,,,,,,,,,,,,,,,,,,,,,,,,,,,,,,,,
proposal,UHJvcG9zYWw6cHJvcG9zYWwxMQ==,"""1-8""","Proposition plus votable",0,@datetime@,@datetime@,@datetime@,PUBLISHED,,,https://capco.dev/projects/budget-participatif-rennes/collect/collecte-des-propositions/proposals/proposition-plus-votable,VXNlcjp1c2VyQWRtaW4=,admin,1,admin@test.com,1,Citoyen,"En cours",100,,Justice,,,,,,,,,,,,,"Maurepas Patton",,,"Lorem ipsum dolor sit amet, consectetur adipiscing elit. In in elit eget dui bibendum luctus euismod sit amet odio. Pellentesque habitant morbi tristique senectus et netus et malesuada fames ac turpis egestas. Aliquam erat volutpat. Nulla mollis aliquam faucibus. Nullam pharetra mattis lacus. In vitae ex nisl. Integer faucibus, purus vitae egestas gravida, ante nisi semper magna, nec interdum est orci at purus.",,,,,,,,,,,,,,,,,,,,,,,,,,,,,,,,,,,,,,,,,,,,,,,,,,,,,,,,,,,,,,,,,,,,,,,,,,,,,,,,,,,,,,,
