contribution_type,proposal_id,proposal_reference,proposal_title,proposal_createdAt,proposal_publishedAt,proposal_updatedAt,proposal_publicationStatus,proposal_trashedAt,proposal_trashedReason,proposal_link,proposal_author_id,proposal_author_username,proposal_author_isEmailConfirmed,proposal_author_email,proposal_author_userType_id,proposal_author_userType_name,proposal_status_name,proposal_estimation,proposal_category_name,proposal_theme_title,proposal_formattedAddress,"Evaluez l'importance de votre proposition","Evaluez le coût de votre proposition",Documents,Bilans,"Nouvelle section 3","Évaluer la proposition","Donnez plus d'informations sur l'évaluation","Comment trouvez-vous cette présentation ?","Quelle définition pour cette proposition ?","En résumé","Classez vos choix","Who is the best ?",proposal_district_name,proposal_illustration,proposal_summary,proposal_description,proposal_votes_id,proposal_votes_createdAt,proposal_votes_publishedAt,proposal_votes_anonymous,proposal_votes_author_id,proposal_votes_author_username,proposal_votes_author_isEmailConfirmed,proposal_votes_ranking,proposal_votes_author_userType_id,proposal_votes_author_userType_name,proposal_comments_id,proposal_comments_body,proposal_comments_parent,proposal_comments_createdAt,proposal_comments_publishedAt,proposal_comments_updatedAt,proposal_comments_author_id,proposal_comments_author_username,proposal_comments_author_isEmailConfirmed,proposal_comments_author_userType_id,proposal_comments_author_userType_name,proposal_comments_author_email,proposal_comments_pinned,proposal_comments_publicationStatus,proposal_comments_vote_id,proposal_comments_vote_createdAt,proposal_comments_vote_publishedAt,proposal_comments_vote_published,proposal_comments_vote_author_id,proposal_comments_vote_author_username,proposal_comments_vote_author_isEmailConfirmed,proposal_comments_vote_author_userType_id,proposal_comments_vote_author_userType_name,proposal_news_id,proposal_news_title,proposal_news_themes,proposal_news_linkedProjects,proposal_news_linkedProposal,proposal_news_createdAt,proposal_news_updatedAt,proposal_news_publishedAt,proposal_news_publicationStatus,proposal_news_commentable,proposal_news_displayedOnBlog,proposal_news_authors_id,proposal_news_authors_username,proposal_news_authors_isEmailConfirmed,proposal_news_authors_userType_id,proposal_news_authors_userType_name,proposal_news_comments_id,proposal_news_comments_body,proposal_news_comments_parent,proposal_news_comments_createdAt,proposal_news_comments_updatedAt,proposal_news_comments_author_id,proposal_news_comments_author_username,proposal_news_comments_author_isEmailConfirmed,proposal_news_comments_author_userType_id,proposal_news_comments_author_userType_name,proposal_news_comments_author_email,proposal_news_comments_pinned,proposal_news_comments_publicationStatus,proposal_news_comments_vote_id,proposal_news_comments_vote_createdAt,proposal_news_comments_vote_publishedAt,proposal_news_comments_vote_published,proposal_news_comments_vote_author_id,proposal_news_comments_vote_author_username,proposal_news_comments_vote_author_isEmailConfirmed,proposal_news_comments_vote_author_userType_id,proposal_news_comments_vote_author_userType_name,proposal_news_comments_reportings_id,proposal_news_comments_reportings_createdAt,proposal_news_comments_reportings_published,proposal_news_comments_reportings_author_id,proposal_news_comments_reportings_author_username,proposal_news_comments_reportings_author_isEmailConfirmed,proposal_news_comments_reportings_author_userType_id,proposal_news_comments_reportings_author_userType_name,proposal_reportings_id,proposal_reportings_body,proposal_reportings_createdAt,proposal_reportings_author_id,proposal_reportings_author_username,proposal_reportings_author_isEmailConfirmed,proposal_reportings_author_userType_id,proposal_reportings_author_userType_name
proposal,proposal1,1-1,"Ravalement de la façade de la bibliothèque municipale","2018-03-01 00:00:00","2018-03-01 00:00:00","2018-03-01 00:00:00",PUBLISHED,,,https://capco.dev/projects/budget-participatif-rennes/collect/collecte-des-propositions/proposals/ravalement-de-la-facade-de-la-bibliotheque-municipale,VXNlcjp1c2VyNTAy,welcomattic,Yes,msantostefano@jolicode.com,1,Citoyen,"Soumis au vote",,Politique,Justice,"10 Cours des Alliés, 35000 Rennes, France",souhaitable,"250 000 €",,,,"Cette proposition me parait inadaptée.","Cette évaluation est effectivement utile, mais ce n'est clairement pas prioritaire.",,"Incohérente, Que de la publicité (mensongère en plus !)","Je dis oui",,,Beauregard,,,"Lorem ipsum dolor sit amet, consectetur adipiscing elit. In in elit eget dui bibendum luctus euismod sit amet odio. Pellentesque habitant morbi tristique senectus et netus et malesuada fames ac turpis egestas. Aliquam erat volutpat. Nulla mollis aliquam faucibus. Nullam pharetra mattis lacus. In vitae ex nisl. Integer faucibus, purus vitae egestas gravida, ante nisi semper magna, nec interdum est orci at purus.
",,,,,,,,,,,,,,,,,,,,,,,,,,,,,,,,,,,,,,,,,,,,,,,,,,,,,,,,,,,,,,,,,,,,,,,,,,,,,,,,,,,,,,,
proposalReporting,proposal1,1-1,"Ravalement de la façade de la bibliothèque municipale","2018-03-01 00:00:00","2018-03-01 00:00:00","2018-03-01 00:00:00",PUBLISHED,,,https://capco.dev/projects/budget-participatif-rennes/collect/collecte-des-propositions/proposals/ravalement-de-la-facade-de-la-bibliotheque-municipale,VXNlcjp1c2VyNTAy,welcomattic,Yes,msantostefano@jolicode.com,1,Citoyen,"Soumis au vote",,Politique,Justice,"10 Cours des Alliés, 35000 Rennes, France",souhaitable,"250 000 €",,,,"Cette proposition me parait inadaptée.","Cette évaluation est effectivement utile, mais ce n'est clairement pas prioritaire.",,"Incohérente, Que de la publicité (mensongère en plus !)","Je dis oui",,,Beauregard,,,"Lorem ipsum dolor sit amet, consectetur adipiscing elit. In in elit eget dui bibendum luctus euismod sit amet odio. Pellentesque habitant morbi tristique senectus et netus et malesuada fames ac turpis egestas. Aliquam erat volutpat. Nulla mollis aliquam faucibus. Nullam pharetra mattis lacus. In vitae ex nisl. Integer faucibus, purus vitae egestas gravida, ante nisi semper magna, nec interdum est orci at purus.
",,,,,,,,,,,,,,,,,,,,,,,,,,,,,,,,,,,,,,,,,,,,,,,,,,,,,,,,,,,,,,,,,,,,,,,,,,,,,,,,2,"Dolor fugit et soluta porro. Aspernatur et ut voluptatem itaque.
Aspernatur accusamus in velit voluptatem. Cumque voluptas ut cum explicabo quibusdam neque. Corrupti voluptas ut blanditiis quibusdam totam sunt.
","2018-03-01 00:00:00",VXNlcjp1c2VyMTAw,wintheiser.wilber,Yes,1,Citoyen
proposalComment,proposal1,1-1,"Ravalement de la façade de la bibliothèque municipale","2018-03-01 00:00:00","2018-03-01 00:00:00","2018-03-01 00:00:00",PUBLISHED,,,https://capco.dev/projects/budget-participatif-rennes/collect/collecte-des-propositions/proposals/ravalement-de-la-facade-de-la-bibliotheque-municipale,VXNlcjp1c2VyNTAy,welcomattic,Yes,msantostefano@jolicode.com,1,Citoyen,"Soumis au vote",,Politique,Justice,"10 Cours des Alliés, 35000 Rennes, France",souhaitable,"250 000 €",,,,"Cette proposition me parait inadaptée.","Cette évaluation est effectivement utile, mais ce n'est clairement pas prioritaire.",,"Incohérente, Que de la publicité (mensongère en plus !)","Je dis oui",,,Beauregard,,,"Lorem ipsum dolor sit amet, consectetur adipiscing elit. In in elit eget dui bibendum luctus euismod sit amet odio. Pellentesque habitant morbi tristique senectus et netus et malesuada fames ac turpis egestas. Aliquam erat volutpat. Nulla mollis aliquam faucibus. Nullam pharetra mattis lacus. In vitae ex nisl. Integer faucibus, purus vitae egestas gravida, ante nisi semper magna, nec interdum est orci at purus.
",,,,,,,,,,,proposalComment13,"Lorem ipsum dolor sit amet, consectetur adipiscing elit. In in elit eget dui bibendum luctus euismod sit amet odio. Pellentesque habitant morbi tristique senectus et netus et malesuada fames ac turpis egestas. Aliquam erat volutpat. Nulla mollis aliquam faucibus. Nullam pharetra mattis lacus. In vitae ex nisl. Integer faucibus, purus vitae egestas gravida, ante nisi semper magna, nec interdum est orci at purus.
",,"2018-03-01 00:00:00","2018-03-01 00:00:00","2018-02-01 00:00:00",VXNlcjp1c2VyQWRtaW4=,admin,Yes,1,Citoyen,admin@test.com,Yes,PUBLISHED,,,,,,,,,,,,,,,,,,,,,,,,,,,,,,,,,,,,,,,,,,,,,,,,,,,,,,,,,,,,,,,
proposalComment,proposal1,1-1,"Ravalement de la façade de la bibliothèque municipale","2018-03-01 00:00:00","2018-03-01 00:00:00","2018-03-01 00:00:00",PUBLISHED,,,https://capco.dev/projects/budget-participatif-rennes/collect/collecte-des-propositions/proposals/ravalement-de-la-facade-de-la-bibliotheque-municipale,VXNlcjp1c2VyNTAy,welcomattic,Yes,msantostefano@jolicode.com,1,Citoyen,"Soumis au vote",,Politique,Justice,"10 Cours des Alliés, 35000 Rennes, France",souhaitable,"250 000 €",,,,"Cette proposition me parait inadaptée.","Cette évaluation est effectivement utile, mais ce n'est clairement pas prioritaire.",,"Incohérente, Que de la publicité (mensongère en plus !)","Je dis oui",,,Beauregard,,,"Lorem ipsum dolor sit amet, consectetur adipiscing elit. In in elit eget dui bibendum luctus euismod sit amet odio. Pellentesque habitant morbi tristique senectus et netus et malesuada fames ac turpis egestas. Aliquam erat volutpat. Nulla mollis aliquam faucibus. Nullam pharetra mattis lacus. In vitae ex nisl. Integer faucibus, purus vitae egestas gravida, ante nisi semper magna, nec interdum est orci at purus.
",,,,,,,,,,,proposalComment16,"Lorem ipsum dolor sit amet, consectetur adipiscing elit. In in elit eget dui bibendum luctus euismod sit amet odio. Pellentesque habitant morbi tristique senectus et netus et malesuada fames ac turpis egestas. Aliquam erat volutpat. Nulla mollis aliquam faucibus. Nullam pharetra mattis lacus. In vitae ex nisl. Integer faucibus, purus vitae egestas gravida, ante nisi semper magna, nec interdum est orci at purus.
",,"2018-03-01 00:00:00","2018-03-01 00:00:00","2018-02-01 00:00:00",VXNlcjp1c2VyMg==,sfavot,Yes,1,Citoyen,sfavot@jolicode.com,Yes,PUBLISHED,,,,,,,,,,,,,,,,,,,,,,,,,,,,,,,,,,,,,,,,,,,,,,,,,,,,,,,,,,,,,,,
proposalComment,proposal1,1-1,"Ravalement de la façade de la bibliothèque municipale","2018-03-01 00:00:00","2018-03-01 00:00:00","2018-03-01 00:00:00",PUBLISHED,,,https://capco.dev/projects/budget-participatif-rennes/collect/collecte-des-propositions/proposals/ravalement-de-la-facade-de-la-bibliotheque-municipale,VXNlcjp1c2VyNTAy,welcomattic,Yes,msantostefano@jolicode.com,1,Citoyen,"Soumis au vote",,Politique,Justice,"10 Cours des Alliés, 35000 Rennes, France",souhaitable,"250 000 €",,,,"Cette proposition me parait inadaptée.","Cette évaluation est effectivement utile, mais ce n'est clairement pas prioritaire.",,"Incohérente, Que de la publicité (mensongère en plus !)","Je dis oui",,,Beauregard,,,"Lorem ipsum dolor sit amet, consectetur adipiscing elit. In in elit eget dui bibendum luctus euismod sit amet odio. Pellentesque habitant morbi tristique senectus et netus et malesuada fames ac turpis egestas. Aliquam erat volutpat. Nulla mollis aliquam faucibus. Nullam pharetra mattis lacus. In vitae ex nisl. Integer faucibus, purus vitae egestas gravida, ante nisi semper magna, nec interdum est orci at purus.
",,,,,,,,,,,proposalComment2,"Lorem ipsum dolor sit amet, consectetur adipiscing elit. In in elit eget dui bibendum luctus euismod sit amet odio. Pellentesque habitant morbi tristique senectus et netus et malesuada fames ac turpis egestas. Aliquam erat volutpat. Nulla mollis aliquam faucibus. Nullam pharetra mattis lacus. In vitae ex nisl. Integer faucibus, purus vitae egestas gravida, ante nisi semper magna, nec interdum est orci at purus.
",,"2018-03-01 00:00:00","2018-03-01 00:00:00","2018-02-01 00:00:00",VXNlcjp1c2VyMg==,sfavot,Yes,1,Citoyen,sfavot@jolicode.com,Yes,PUBLISHED,,,,,,,,,,,,,,,,,,,,,,,,,,,,,,,,,,,,,,,,,,,,,,,,,,,,,,,,,,,,,,,
proposalComment,proposal1,1-1,"Ravalement de la façade de la bibliothèque municipale","2018-03-01 00:00:00","2018-03-01 00:00:00","2018-03-01 00:00:00",PUBLISHED,,,https://capco.dev/projects/budget-participatif-rennes/collect/collecte-des-propositions/proposals/ravalement-de-la-facade-de-la-bibliotheque-municipale,VXNlcjp1c2VyNTAy,welcomattic,Yes,msantostefano@jolicode.com,1,Citoyen,"Soumis au vote",,Politique,Justice,"10 Cours des Alliés, 35000 Rennes, France",souhaitable,"250 000 €",,,,"Cette proposition me parait inadaptée.","Cette évaluation est effectivement utile, mais ce n'est clairement pas prioritaire.",,"Incohérente, Que de la publicité (mensongère en plus !)","Je dis oui",,,Beauregard,,,"Lorem ipsum dolor sit amet, consectetur adipiscing elit. In in elit eget dui bibendum luctus euismod sit amet odio. Pellentesque habitant morbi tristique senectus et netus et malesuada fames ac turpis egestas. Aliquam erat volutpat. Nulla mollis aliquam faucibus. Nullam pharetra mattis lacus. In vitae ex nisl. Integer faucibus, purus vitae egestas gravida, ante nisi semper magna, nec interdum est orci at purus.
",,,,,,,,,,,proposalComment7,"Lorem ipsum dolor sit amet, consectetur adipiscing elit. In in elit eget dui bibendum luctus euismod sit amet odio. Pellentesque habitant morbi tristique senectus et netus et malesuada fames ac turpis egestas. Aliquam erat volutpat. Nulla mollis aliquam faucibus. Nullam pharetra mattis lacus. In vitae ex nisl. Integer faucibus, purus vitae egestas gravida, ante nisi semper magna, nec interdum est orci at purus.
",,"2018-03-01 00:00:00","2018-03-01 00:00:00","2018-02-01 00:00:00",VXNlcjp1c2VyMg==,sfavot,Yes,1,Citoyen,sfavot@jolicode.com,Yes,PUBLISHED,,,,,,,,,,,,,,,,,,,,,,,,,,,,,,,,,,,,,,,,,,,,,,,,,,,,,,,,,,,,,,,
proposalComment,proposal1,1-1,"Ravalement de la façade de la bibliothèque municipale","2018-03-01 00:00:00","2018-03-01 00:00:00","2018-03-01 00:00:00",PUBLISHED,,,https://capco.dev/projects/budget-participatif-rennes/collect/collecte-des-propositions/proposals/ravalement-de-la-facade-de-la-bibliotheque-municipale,VXNlcjp1c2VyNTAy,welcomattic,Yes,msantostefano@jolicode.com,1,Citoyen,"Soumis au vote",,Politique,Justice,"10 Cours des Alliés, 35000 Rennes, France",souhaitable,"250 000 €",,,,"Cette proposition me parait inadaptée.","Cette évaluation est effectivement utile, mais ce n'est clairement pas prioritaire.",,"Incohérente, Que de la publicité (mensongère en plus !)","Je dis oui",,,Beauregard,,,"Lorem ipsum dolor sit amet, consectetur adipiscing elit. In in elit eget dui bibendum luctus euismod sit amet odio. Pellentesque habitant morbi tristique senectus et netus et malesuada fames ac turpis egestas. Aliquam erat volutpat. Nulla mollis aliquam faucibus. Nullam pharetra mattis lacus. In vitae ex nisl. Integer faucibus, purus vitae egestas gravida, ante nisi semper magna, nec interdum est orci at purus.
",,,,,,,,,,,proposalComment8,"Lorem ipsum dolor sit amet, consectetur adipiscing elit. In in elit eget dui bibendum luctus euismod sit amet odio. Pellentesque habitant morbi tristique senectus et netus et malesuada fames ac turpis egestas. Aliquam erat volutpat. Nulla mollis aliquam faucibus. Nullam pharetra mattis lacus. In vitae ex nisl. Integer faucibus, purus vitae egestas gravida, ante nisi semper magna, nec interdum est orci at purus.
",,"2018-03-01 00:00:00","2018-03-01 00:00:00","2018-02-01 00:00:00",VXNlcjp1c2VyQWRtaW4=,admin,Yes,1,Citoyen,admin@test.com,Yes,PUBLISHED,,,,,,,,,,,,,,,,,,,,,,,,,,,,,,,,,,,,,,,,,,,,,,,,,,,,,,,,,,,,,,,
proposalComment,proposal1,1-1,"Ravalement de la façade de la bibliothèque municipale","2018-03-01 00:00:00","2018-03-01 00:00:00","2018-03-01 00:00:00",PUBLISHED,,,https://capco.dev/projects/budget-participatif-rennes/collect/collecte-des-propositions/proposals/ravalement-de-la-facade-de-la-bibliotheque-municipale,VXNlcjp1c2VyNTAy,welcomattic,Yes,msantostefano@jolicode.com,1,Citoyen,"Soumis au vote",,Politique,Justice,"10 Cours des Alliés, 35000 Rennes, France",souhaitable,"250 000 €",,,,"Cette proposition me parait inadaptée.","Cette évaluation est effectivement utile, mais ce n'est clairement pas prioritaire.",,"Incohérente, Que de la publicité (mensongère en plus !)","Je dis oui",,,Beauregard,,,"Lorem ipsum dolor sit amet, consectetur adipiscing elit. In in elit eget dui bibendum luctus euismod sit amet odio. Pellentesque habitant morbi tristique senectus et netus et malesuada fames ac turpis egestas. Aliquam erat volutpat. Nulla mollis aliquam faucibus. Nullam pharetra mattis lacus. In vitae ex nisl. Integer faucibus, purus vitae egestas gravida, ante nisi semper magna, nec interdum est orci at purus.
",,,,,,,,,,,proposalComment1,"Lorem ipsum dolor sit amet, consectetur adipiscing elit. In in elit eget dui bibendum luctus euismod sit amet odio. Pellentesque habitant morbi tristique senectus et netus et malesuada fames ac turpis egestas. Aliquam erat volutpat. Nulla mollis aliquam faucibus. Nullam pharetra mattis lacus. In vitae ex nisl. Integer faucibus, purus vitae egestas gravida, ante nisi semper magna, nec interdum est orci at purus.
",,"2018-03-01 00:00:00","2018-03-01 00:00:00","2018-02-01 00:00:00",VXNlcjp1c2VyMw==,xlacot,Yes,1,Citoyen,xlacot@jolicode.com,No,PUBLISHED,,,,,,,,,,,,,,,,,,,,,,,,,,,,,,,,,,,,,,,,,,,,,,,,,,,,,,,,,,,,,,,
proposalComment,proposal1,1-1,"Ravalement de la façade de la bibliothèque municipale","2018-03-01 00:00:00","2018-03-01 00:00:00","2018-03-01 00:00:00",PUBLISHED,,,https://capco.dev/projects/budget-participatif-rennes/collect/collecte-des-propositions/proposals/ravalement-de-la-facade-de-la-bibliotheque-municipale,VXNlcjp1c2VyNTAy,welcomattic,Yes,msantostefano@jolicode.com,1,Citoyen,"Soumis au vote",,Politique,Justice,"10 Cours des Alliés, 35000 Rennes, France",souhaitable,"250 000 €",,,,"Cette proposition me parait inadaptée.","Cette évaluation est effectivement utile, mais ce n'est clairement pas prioritaire.",,"Incohérente, Que de la publicité (mensongère en plus !)","Je dis oui",,,Beauregard,,,"Lorem ipsum dolor sit amet, consectetur adipiscing elit. In in elit eget dui bibendum luctus euismod sit amet odio. Pellentesque habitant morbi tristique senectus et netus et malesuada fames ac turpis egestas. Aliquam erat volutpat. Nulla mollis aliquam faucibus. Nullam pharetra mattis lacus. In vitae ex nisl. Integer faucibus, purus vitae egestas gravida, ante nisi semper magna, nec interdum est orci at purus.
",,,,,,,,,,,proposalComment5,"Lorem ipsum dolor sit amet, consectetur adipiscing elit. In in elit eget dui bibendum luctus euismod sit amet odio. Pellentesque habitant morbi tristique senectus et netus et malesuada fames ac turpis egestas. Aliquam erat volutpat. Nulla mollis aliquam faucibus. Nullam pharetra mattis lacus. In vitae ex nisl. Integer faucibus, purus vitae egestas gravida, ante nisi semper magna, nec interdum est orci at purus.
",,"2018-03-01 00:00:00","2018-03-01 00:00:00","2018-02-01 00:00:00",VXNlcjp1c2VyMw==,xlacot,Yes,1,Citoyen,xlacot@jolicode.com,No,PUBLISHED,,,,,,,,,,,,,,,,,,,,,,,,,,,,,,,,,,,,,,,,,,,,,,,,,,,,,,,,,,,,,,,
proposalComment,proposal1,1-1,"Ravalement de la façade de la bibliothèque municipale","2018-03-01 00:00:00","2018-03-01 00:00:00","2018-03-01 00:00:00",PUBLISHED,,,https://capco.dev/projects/budget-participatif-rennes/collect/collecte-des-propositions/proposals/ravalement-de-la-facade-de-la-bibliotheque-municipale,VXNlcjp1c2VyNTAy,welcomattic,Yes,msantostefano@jolicode.com,1,Citoyen,"Soumis au vote",,Politique,Justice,"10 Cours des Alliés, 35000 Rennes, France",souhaitable,"250 000 €",,,,"Cette proposition me parait inadaptée.","Cette évaluation est effectivement utile, mais ce n'est clairement pas prioritaire.",,"Incohérente, Que de la publicité (mensongère en plus !)","Je dis oui",,,Beauregard,,,"Lorem ipsum dolor sit amet, consectetur adipiscing elit. In in elit eget dui bibendum luctus euismod sit amet odio. Pellentesque habitant morbi tristique senectus et netus et malesuada fames ac turpis egestas. Aliquam erat volutpat. Nulla mollis aliquam faucibus. Nullam pharetra mattis lacus. In vitae ex nisl. Integer faucibus, purus vitae egestas gravida, ante nisi semper magna, nec interdum est orci at purus.
",,,,,,,,,,,proposalComment10,"Lorem ipsum dolor sit amet, consectetur adipiscing elit. In in elit eget dui bibendum luctus euismod sit amet odio. Pellentesque habitant morbi tristique senectus et netus et malesuada fames ac turpis egestas. Aliquam erat volutpat. Nulla mollis aliquam faucibus. Nullam pharetra mattis lacus. In vitae ex nisl. Integer faucibus, purus vitae egestas gravida, ante nisi semper magna, nec interdum est orci at purus.
",,"2018-03-01 00:00:00","2018-03-01 00:00:00","2018-02-01 00:00:00",VXNlcjp1c2VyMQ==,lbrunet,Yes,1,Citoyen,lbrunet@jolicode.com,No,PUBLISHED,,,,,,,,,,,,,,,,,,,,,,,,,,,,,,,,,,,,,,,,,,,,,,,,,,,,,,,,,,,,,,,
proposalComment,proposal1,1-1,"Ravalement de la façade de la bibliothèque municipale","2018-03-01 00:00:00","2018-03-01 00:00:00","2018-03-01 00:00:00",PUBLISHED,,,https://capco.dev/projects/budget-participatif-rennes/collect/collecte-des-propositions/proposals/ravalement-de-la-facade-de-la-bibliotheque-municipale,VXNlcjp1c2VyNTAy,welcomattic,Yes,msantostefano@jolicode.com,1,Citoyen,"Soumis au vote",,Politique,Justice,"10 Cours des Alliés, 35000 Rennes, France",souhaitable,"250 000 €",,,,"Cette proposition me parait inadaptée.","Cette évaluation est effectivement utile, mais ce n'est clairement pas prioritaire.",,"Incohérente, Que de la publicité (mensongère en plus !)","Je dis oui",,,Beauregard,,,"Lorem ipsum dolor sit amet, consectetur adipiscing elit. In in elit eget dui bibendum luctus euismod sit amet odio. Pellentesque habitant morbi tristique senectus et netus et malesuada fames ac turpis egestas. Aliquam erat volutpat. Nulla mollis aliquam faucibus. Nullam pharetra mattis lacus. In vitae ex nisl. Integer faucibus, purus vitae egestas gravida, ante nisi semper magna, nec interdum est orci at purus.
",,,,,,,,,,,proposalComment11,"Lorem ipsum dolor sit amet, consectetur adipiscing elit. In in elit eget dui bibendum luctus euismod sit amet odio. Pellentesque habitant morbi tristique senectus et netus et malesuada fames ac turpis egestas. Aliquam erat volutpat. Nulla mollis aliquam faucibus. Nullam pharetra mattis lacus. In vitae ex nisl. Integer faucibus, purus vitae egestas gravida, ante nisi semper magna, nec interdum est orci at purus.
",,"2018-03-01 00:00:00","2018-03-01 00:00:00","2018-02-01 00:00:00",VXNlcjp1c2VyMw==,xlacot,Yes,1,Citoyen,xlacot@jolicode.com,No,PUBLISHED,,,,,,,,,,,,,,,,,,,,,,,,,,,,,,,,,,,,,,,,,,,,,,,,,,,,,,,,,,,,,,,
proposalComment,proposal1,1-1,"Ravalement de la façade de la bibliothèque municipale","2018-03-01 00:00:00","2018-03-01 00:00:00","2018-03-01 00:00:00",PUBLISHED,,,https://capco.dev/projects/budget-participatif-rennes/collect/collecte-des-propositions/proposals/ravalement-de-la-facade-de-la-bibliotheque-municipale,VXNlcjp1c2VyNTAy,welcomattic,Yes,msantostefano@jolicode.com,1,Citoyen,"Soumis au vote",,Politique,Justice,"10 Cours des Alliés, 35000 Rennes, France",souhaitable,"250 000 €",,,,"Cette proposition me parait inadaptée.","Cette évaluation est effectivement utile, mais ce n'est clairement pas prioritaire.",,"Incohérente, Que de la publicité (mensongère en plus !)","Je dis oui",,,Beauregard,,,"Lorem ipsum dolor sit amet, consectetur adipiscing elit. In in elit eget dui bibendum luctus euismod sit amet odio. Pellentesque habitant morbi tristique senectus et netus et malesuada fames ac turpis egestas. Aliquam erat volutpat. Nulla mollis aliquam faucibus. Nullam pharetra mattis lacus. In vitae ex nisl. Integer faucibus, purus vitae egestas gravida, ante nisi semper magna, nec interdum est orci at purus.
",,,,,,,,,,,proposalComment12,"Lorem ipsum dolor sit amet, consectetur adipiscing elit. In in elit eget dui bibendum luctus euismod sit amet odio. Pellentesque habitant morbi tristique senectus et netus et malesuada fames ac turpis egestas. Aliquam erat volutpat. Nulla mollis aliquam faucibus. Nullam pharetra mattis lacus. In vitae ex nisl. Integer faucibus, purus vitae egestas gravida, ante nisi semper magna, nec interdum est orci at purus.
",,"2018-03-01 00:00:00","2018-03-01 00:00:00","2018-02-01 00:00:00",VXNlcjp1c2VyNQ==,user,Yes,1,Citoyen,user@test.com,No,PUBLISHED,,,,,,,,,,,,,,,,,,,,,,,,,,,,,,,,,,,,,,,,,,,,,,,,,,,,,,,,,,,,,,,
proposalComment,proposal1,1-1,"Ravalement de la façade de la bibliothèque municipale","2018-03-01 00:00:00","2018-03-01 00:00:00","2018-03-01 00:00:00",PUBLISHED,,,https://capco.dev/projects/budget-participatif-rennes/collect/collecte-des-propositions/proposals/ravalement-de-la-facade-de-la-bibliotheque-municipale,VXNlcjp1c2VyNTAy,welcomattic,Yes,msantostefano@jolicode.com,1,Citoyen,"Soumis au vote",,Politique,Justice,"10 Cours des Alliés, 35000 Rennes, France",souhaitable,"250 000 €",,,,"Cette proposition me parait inadaptée.","Cette évaluation est effectivement utile, mais ce n'est clairement pas prioritaire.",,"Incohérente, Que de la publicité (mensongère en plus !)","Je dis oui",,,Beauregard,,,"Lorem ipsum dolor sit amet, consectetur adipiscing elit. In in elit eget dui bibendum luctus euismod sit amet odio. Pellentesque habitant morbi tristique senectus et netus et malesuada fames ac turpis egestas. Aliquam erat volutpat. Nulla mollis aliquam faucibus. Nullam pharetra mattis lacus. In vitae ex nisl. Integer faucibus, purus vitae egestas gravida, ante nisi semper magna, nec interdum est orci at purus.
",,,,,,,,,,,proposalComment14,"Lorem ipsum dolor sit amet, consectetur adipiscing elit. In in elit eget dui bibendum luctus euismod sit amet odio. Pellentesque habitant morbi tristique senectus et netus et malesuada fames ac turpis egestas. Aliquam erat volutpat. Nulla mollis aliquam faucibus. Nullam pharetra mattis lacus. In vitae ex nisl. Integer faucibus, purus vitae egestas gravida, ante nisi semper magna, nec interdum est orci at purus.
",,"2018-03-01 00:00:00","2018-03-01 00:00:00","2018-02-01 00:00:00",VXNlcjp1c2VyMw==,xlacot,Yes,1,Citoyen,xlacot@jolicode.com,No,PUBLISHED,,,,,,,,,,,,,,,,,,,,,,,,,,,,,,,,,,,,,,,,,,,,,,,,,,,,,,,,,,,,,,,
proposalComment,proposal1,1-1,"Ravalement de la façade de la bibliothèque municipale","2018-03-01 00:00:00","2018-03-01 00:00:00","2018-03-01 00:00:00",PUBLISHED,,,https://capco.dev/projects/budget-participatif-rennes/collect/collecte-des-propositions/proposals/ravalement-de-la-facade-de-la-bibliotheque-municipale,VXNlcjp1c2VyNTAy,welcomattic,Yes,msantostefano@jolicode.com,1,Citoyen,"Soumis au vote",,Politique,Justice,"10 Cours des Alliés, 35000 Rennes, France",souhaitable,"250 000 €",,,,"Cette proposition me parait inadaptée.","Cette évaluation est effectivement utile, mais ce n'est clairement pas prioritaire.",,"Incohérente, Que de la publicité (mensongère en plus !)","Je dis oui",,,Beauregard,,,"Lorem ipsum dolor sit amet, consectetur adipiscing elit. In in elit eget dui bibendum luctus euismod sit amet odio. Pellentesque habitant morbi tristique senectus et netus et malesuada fames ac turpis egestas. Aliquam erat volutpat. Nulla mollis aliquam faucibus. Nullam pharetra mattis lacus. In vitae ex nisl. Integer faucibus, purus vitae egestas gravida, ante nisi semper magna, nec interdum est orci at purus.
",,,,,,,,,,,proposalComment15,"Lorem ipsum dolor sit amet, consectetur adipiscing elit. In in elit eget dui bibendum luctus euismod sit amet odio. Pellentesque habitant morbi tristique senectus et netus et malesuada fames ac turpis egestas. Aliquam erat volutpat. Nulla mollis aliquam faucibus. Nullam pharetra mattis lacus. In vitae ex nisl. Integer faucibus, purus vitae egestas gravida, ante nisi semper magna, nec interdum est orci at purus.
",,"2018-03-01 00:00:00","2018-03-01 00:00:00","2018-02-01 00:00:00",VXNlcjp1c2VyNQ==,user,Yes,1,Citoyen,user@test.com,No,PUBLISHED,,,,,,,,,,,,,,,,,,,,,,,,,,,,,,,,,,,,,,,,,,,,,,,,,,,,,,,,,,,,,,,
proposalComment,proposal1,1-1,"Ravalement de la façade de la bibliothèque municipale","2018-03-01 00:00:00","2018-03-01 00:00:00","2018-03-01 00:00:00",PUBLISHED,,,https://capco.dev/projects/budget-participatif-rennes/collect/collecte-des-propositions/proposals/ravalement-de-la-facade-de-la-bibliotheque-municipale,VXNlcjp1c2VyNTAy,welcomattic,Yes,msantostefano@jolicode.com,1,Citoyen,"Soumis au vote",,Politique,Justice,"10 Cours des Alliés, 35000 Rennes, France",souhaitable,"250 000 €",,,,"Cette proposition me parait inadaptée.","Cette évaluation est effectivement utile, mais ce n'est clairement pas prioritaire.",,"Incohérente, Que de la publicité (mensongère en plus !)","Je dis oui",,,Beauregard,,,"Lorem ipsum dolor sit amet, consectetur adipiscing elit. In in elit eget dui bibendum luctus euismod sit amet odio. Pellentesque habitant morbi tristique senectus et netus et malesuada fames ac turpis egestas. Aliquam erat volutpat. Nulla mollis aliquam faucibus. Nullam pharetra mattis lacus. In vitae ex nisl. Integer faucibus, purus vitae egestas gravida, ante nisi semper magna, nec interdum est orci at purus.
",,,,,,,,,,,proposalComment17,"Lorem ipsum dolor sit amet, consectetur adipiscing elit. In in elit eget dui bibendum luctus euismod sit amet odio. Pellentesque habitant morbi tristique senectus et netus et malesuada fames ac turpis egestas. Aliquam erat volutpat. Nulla mollis aliquam faucibus. Nullam pharetra mattis lacus. In vitae ex nisl. Integer faucibus, purus vitae egestas gravida, ante nisi semper magna, nec interdum est orci at purus.
",,"2018-03-01 00:00:00","2018-03-01 00:00:00","2018-02-01 00:00:00",VXNlcjp1c2VyMQ==,lbrunet,Yes,1,Citoyen,lbrunet@jolicode.com,No,PUBLISHED,,,,,,,,,,,,,,,,,,,,,,,,,,,,,,,,,,,,,,,,,,,,,,,,,,,,,,,,,,,,,,,
proposalComment,proposal1,1-1,"Ravalement de la façade de la bibliothèque municipale","2018-03-01 00:00:00","2018-03-01 00:00:00","2018-03-01 00:00:00",PUBLISHED,,,https://capco.dev/projects/budget-participatif-rennes/collect/collecte-des-propositions/proposals/ravalement-de-la-facade-de-la-bibliotheque-municipale,VXNlcjp1c2VyNTAy,welcomattic,Yes,msantostefano@jolicode.com,1,Citoyen,"Soumis au vote",,Politique,Justice,"10 Cours des Alliés, 35000 Rennes, France",souhaitable,"250 000 €",,,,"Cette proposition me parait inadaptée.","Cette évaluation est effectivement utile, mais ce n'est clairement pas prioritaire.",,"Incohérente, Que de la publicité (mensongère en plus !)","Je dis oui",,,Beauregard,,,"Lorem ipsum dolor sit amet, consectetur adipiscing elit. In in elit eget dui bibendum luctus euismod sit amet odio. Pellentesque habitant morbi tristique senectus et netus et malesuada fames ac turpis egestas. Aliquam erat volutpat. Nulla mollis aliquam faucibus. Nullam pharetra mattis lacus. In vitae ex nisl. Integer faucibus, purus vitae egestas gravida, ante nisi semper magna, nec interdum est orci at purus.
",,,,,,,,,,,proposalComment18,"Lorem ipsum dolor sit amet, consectetur adipiscing elit. In in elit eget dui bibendum luctus euismod sit amet odio. Pellentesque habitant morbi tristique senectus et netus et malesuada fames ac turpis egestas. Aliquam erat volutpat. Nulla mollis aliquam faucibus. Nullam pharetra mattis lacus. In vitae ex nisl. Integer faucibus, purus vitae egestas gravida, ante nisi semper magna, nec interdum est orci at purus.
",,"2018-03-01 00:00:00","2018-03-01 00:00:00","2018-02-01 00:00:00",VXNlcjp1c2VyMQ==,lbrunet,Yes,1,Citoyen,lbrunet@jolicode.com,No,PUBLISHED,,,,,,,,,,,,,,,,,,,,,,,,,,,,,,,,,,,,,,,,,,,,,,,,,,,,,,,,,,,,,,,
proposalComment,proposal1,1-1,"Ravalement de la façade de la bibliothèque municipale","2018-03-01 00:00:00","2018-03-01 00:00:00","2018-03-01 00:00:00",PUBLISHED,,,https://capco.dev/projects/budget-participatif-rennes/collect/collecte-des-propositions/proposals/ravalement-de-la-facade-de-la-bibliotheque-municipale,VXNlcjp1c2VyNTAy,welcomattic,Yes,msantostefano@jolicode.com,1,Citoyen,"Soumis au vote",,Politique,Justice,"10 Cours des Alliés, 35000 Rennes, France",souhaitable,"250 000 €",,,,"Cette proposition me parait inadaptée.","Cette évaluation est effectivement utile, mais ce n'est clairement pas prioritaire.",,"Incohérente, Que de la publicité (mensongère en plus !)","Je dis oui",,,Beauregard,,,"Lorem ipsum dolor sit amet, consectetur adipiscing elit. In in elit eget dui bibendum luctus euismod sit amet odio. Pellentesque habitant morbi tristique senectus et netus et malesuada fames ac turpis egestas. Aliquam erat volutpat. Nulla mollis aliquam faucibus. Nullam pharetra mattis lacus. In vitae ex nisl. Integer faucibus, purus vitae egestas gravida, ante nisi semper magna, nec interdum est orci at purus.
",,,,,,,,,,,proposalComment19,"Lorem ipsum dolor sit amet, consectetur adipiscing elit. In in elit eget dui bibendum luctus euismod sit amet odio. Pellentesque habitant morbi tristique senectus et netus et malesuada fames ac turpis egestas. Aliquam erat volutpat. Nulla mollis aliquam faucibus. Nullam pharetra mattis lacus. In vitae ex nisl. Integer faucibus, purus vitae egestas gravida, ante nisi semper magna, nec interdum est orci at purus.
",,"2018-03-01 00:00:00","2018-03-01 00:00:00","2018-02-01 00:00:00",VXNlcjp1c2VyMw==,xlacot,Yes,1,Citoyen,xlacot@jolicode.com,No,PUBLISHED,,,,,,,,,,,,,,,,,,,,,,,,,,,,,,,,,,,,,,,,,,,,,,,,,,,,,,,,,,,,,,,
proposalComment,proposal1,1-1,"Ravalement de la façade de la bibliothèque municipale","2018-03-01 00:00:00","2018-03-01 00:00:00","2018-03-01 00:00:00",PUBLISHED,,,https://capco.dev/projects/budget-participatif-rennes/collect/collecte-des-propositions/proposals/ravalement-de-la-facade-de-la-bibliotheque-municipale,VXNlcjp1c2VyNTAy,welcomattic,Yes,msantostefano@jolicode.com,1,Citoyen,"Soumis au vote",,Politique,Justice,"10 Cours des Alliés, 35000 Rennes, France",souhaitable,"250 000 €",,,,"Cette proposition me parait inadaptée.","Cette évaluation est effectivement utile, mais ce n'est clairement pas prioritaire.",,"Incohérente, Que de la publicité (mensongère en plus !)","Je dis oui",,,Beauregard,,,"Lorem ipsum dolor sit amet, consectetur adipiscing elit. In in elit eget dui bibendum luctus euismod sit amet odio. Pellentesque habitant morbi tristique senectus et netus et malesuada fames ac turpis egestas. Aliquam erat volutpat. Nulla mollis aliquam faucibus. Nullam pharetra mattis lacus. In vitae ex nisl. Integer faucibus, purus vitae egestas gravida, ante nisi semper magna, nec interdum est orci at purus.
",,,,,,,,,,,proposalComment20,"Lorem ipsum dolor sit amet, consectetur adipiscing elit. In in elit eget dui bibendum luctus euismod sit amet odio. Pellentesque habitant morbi tristique senectus et netus et malesuada fames ac turpis egestas. Aliquam erat volutpat. Nulla mollis aliquam faucibus. Nullam pharetra mattis lacus. In vitae ex nisl. Integer faucibus, purus vitae egestas gravida, ante nisi semper magna, nec interdum est orci at purus.
",,"2018-03-01 00:00:00","2018-03-01 00:00:00","2018-02-01 00:00:00",VXNlcjp1c2VyMQ==,lbrunet,Yes,1,Citoyen,lbrunet@jolicode.com,No,PUBLISHED,,,,,,,,,,,,,,,,,,,,,,,,,,,,,,,,,,,,,,,,,,,,,,,,,,,,,,,,,,,,,,,
proposalComment,proposal1,1-1,"Ravalement de la façade de la bibliothèque municipale","2018-03-01 00:00:00","2018-03-01 00:00:00","2018-03-01 00:00:00",PUBLISHED,,,https://capco.dev/projects/budget-participatif-rennes/collect/collecte-des-propositions/proposals/ravalement-de-la-facade-de-la-bibliotheque-municipale,VXNlcjp1c2VyNTAy,welcomattic,Yes,msantostefano@jolicode.com,1,Citoyen,"Soumis au vote",,Politique,Justice,"10 Cours des Alliés, 35000 Rennes, France",souhaitable,"250 000 €",,,,"Cette proposition me parait inadaptée.","Cette évaluation est effectivement utile, mais ce n'est clairement pas prioritaire.",,"Incohérente, Que de la publicité (mensongère en plus !)","Je dis oui",,,Beauregard,,,"Lorem ipsum dolor sit amet, consectetur adipiscing elit. In in elit eget dui bibendum luctus euismod sit amet odio. Pellentesque habitant morbi tristique senectus et netus et malesuada fames ac turpis egestas. Aliquam erat volutpat. Nulla mollis aliquam faucibus. Nullam pharetra mattis lacus. In vitae ex nisl. Integer faucibus, purus vitae egestas gravida, ante nisi semper magna, nec interdum est orci at purus.
",,,,,,,,,,,proposalComment3,"Lorem ipsum dolor sit amet, consectetur adipiscing elit. In in elit eget dui bibendum luctus euismod sit amet odio. Pellentesque habitant morbi tristique senectus et netus et malesuada fames ac turpis egestas. Aliquam erat volutpat. Nulla mollis aliquam faucibus. Nullam pharetra mattis lacus. In vitae ex nisl. Integer faucibus, purus vitae egestas gravida, ante nisi semper magna, nec interdum est orci at purus.
",,"2018-03-01 00:00:00","2018-03-01 00:00:00","2018-02-01 00:00:00",VXNlcjp1c2VyMw==,xlacot,Yes,1,Citoyen,xlacot@jolicode.com,No,PUBLISHED,,,,,,,,,,,,,,,,,,,,,,,,,,,,,,,,,,,,,,,,,,,,,,,,,,,,,,,,,,,,,,,
proposalComment,proposal1,1-1,"Ravalement de la façade de la bibliothèque municipale","2018-03-01 00:00:00","2018-03-01 00:00:00","2018-03-01 00:00:00",PUBLISHED,,,https://capco.dev/projects/budget-participatif-rennes/collect/collecte-des-propositions/proposals/ravalement-de-la-facade-de-la-bibliotheque-municipale,VXNlcjp1c2VyNTAy,welcomattic,Yes,msantostefano@jolicode.com,1,Citoyen,"Soumis au vote",,Politique,Justice,"10 Cours des Alliés, 35000 Rennes, France",souhaitable,"250 000 €",,,,"Cette proposition me parait inadaptée.","Cette évaluation est effectivement utile, mais ce n'est clairement pas prioritaire.",,"Incohérente, Que de la publicité (mensongère en plus !)","Je dis oui",,,Beauregard,,,"Lorem ipsum dolor sit amet, consectetur adipiscing elit. In in elit eget dui bibendum luctus euismod sit amet odio. Pellentesque habitant morbi tristique senectus et netus et malesuada fames ac turpis egestas. Aliquam erat volutpat. Nulla mollis aliquam faucibus. Nullam pharetra mattis lacus. In vitae ex nisl. Integer faucibus, purus vitae egestas gravida, ante nisi semper magna, nec interdum est orci at purus.
",,,,,,,,,,,proposalComment4,"Lorem ipsum dolor sit amet, consectetur adipiscing elit. In in elit eget dui bibendum luctus euismod sit amet odio. Pellentesque habitant morbi tristique senectus et netus et malesuada fames ac turpis egestas. Aliquam erat volutpat. Nulla mollis aliquam faucibus. Nullam pharetra mattis lacus. In vitae ex nisl. Integer faucibus, purus vitae egestas gravida, ante nisi semper magna, nec interdum est orci at purus.
",,"2018-03-01 00:00:00","2018-03-01 00:00:00","2018-02-01 00:00:00",VXNlcjp1c2VyMw==,xlacot,Yes,1,Citoyen,xlacot@jolicode.com,No,PUBLISHED,,,,,,,,,,,,,,,,,,,,,,,,,,,,,,,,,,,,,,,,,,,,,,,,,,,,,,,,,,,,,,,
proposalComment,proposal1,1-1,"Ravalement de la façade de la bibliothèque municipale","2018-03-01 00:00:00","2018-03-01 00:00:00","2018-03-01 00:00:00",PUBLISHED,,,https://capco.dev/projects/budget-participatif-rennes/collect/collecte-des-propositions/proposals/ravalement-de-la-facade-de-la-bibliotheque-municipale,VXNlcjp1c2VyNTAy,welcomattic,Yes,msantostefano@jolicode.com,1,Citoyen,"Soumis au vote",,Politique,Justice,"10 Cours des Alliés, 35000 Rennes, France",souhaitable,"250 000 €",,,,"Cette proposition me parait inadaptée.","Cette évaluation est effectivement utile, mais ce n'est clairement pas prioritaire.",,"Incohérente, Que de la publicité (mensongère en plus !)","Je dis oui",,,Beauregard,,,"Lorem ipsum dolor sit amet, consectetur adipiscing elit. In in elit eget dui bibendum luctus euismod sit amet odio. Pellentesque habitant morbi tristique senectus et netus et malesuada fames ac turpis egestas. Aliquam erat volutpat. Nulla mollis aliquam faucibus. Nullam pharetra mattis lacus. In vitae ex nisl. Integer faucibus, purus vitae egestas gravida, ante nisi semper magna, nec interdum est orci at purus.
",,,,,,,,,,,proposalComment6,"Lorem ipsum dolor sit amet, consectetur adipiscing elit. In in elit eget dui bibendum luctus euismod sit amet odio. Pellentesque habitant morbi tristique senectus et netus et malesuada fames ac turpis egestas. Aliquam erat volutpat. Nulla mollis aliquam faucibus. Nullam pharetra mattis lacus. In vitae ex nisl. Integer faucibus, purus vitae egestas gravida, ante nisi semper magna, nec interdum est orci at purus.
",,"2018-03-01 00:00:00","2018-03-01 00:00:00","2018-02-01 00:00:00",,,,,,,No,PUBLISHED,,,,,,,,,,,,,,,,,,,,,,,,,,,,,,,,,,,,,,,,,,,,,,,,,,,,,,,,,,,,,,,
proposalComment,proposal1,1-1,"Ravalement de la façade de la bibliothèque municipale","2018-03-01 00:00:00","2018-03-01 00:00:00","2018-03-01 00:00:00",PUBLISHED,,,https://capco.dev/projects/budget-participatif-rennes/collect/collecte-des-propositions/proposals/ravalement-de-la-facade-de-la-bibliotheque-municipale,VXNlcjp1c2VyNTAy,welcomattic,Yes,msantostefano@jolicode.com,1,Citoyen,"Soumis au vote",,Politique,Justice,"10 Cours des Alliés, 35000 Rennes, France",souhaitable,"250 000 €",,,,"Cette proposition me parait inadaptée.","Cette évaluation est effectivement utile, mais ce n'est clairement pas prioritaire.",,"Incohérente, Que de la publicité (mensongère en plus !)","Je dis oui",,,Beauregard,,,"Lorem ipsum dolor sit amet, consectetur adipiscing elit. In in elit eget dui bibendum luctus euismod sit amet odio. Pellentesque habitant morbi tristique senectus et netus et malesuada fames ac turpis egestas. Aliquam erat volutpat. Nulla mollis aliquam faucibus. Nullam pharetra mattis lacus. In vitae ex nisl. Integer faucibus, purus vitae egestas gravida, ante nisi semper magna, nec interdum est orci at purus.
",,,,,,,,,,,proposalComment9,"Lorem ipsum dolor sit amet, consectetur adipiscing elit. In in elit eget dui bibendum luctus euismod sit amet odio. Pellentesque habitant morbi tristique senectus et netus et malesuada fames ac turpis egestas. Aliquam erat volutpat. Nulla mollis aliquam faucibus. Nullam pharetra mattis lacus. In vitae ex nisl. Integer faucibus, purus vitae egestas gravida, ante nisi semper magna, nec interdum est orci at purus.
",,"2018-03-01 00:00:00","2018-03-01 00:00:00","2018-02-01 00:00:00",VXNlcjp1c2VyNQ==,user,Yes,1,Citoyen,user@test.com,No,PUBLISHED,,,,,,,,,,,,,,,,,,,,,,,,,,,,,,,,,,,,,,,,,,,,,,,,,,,,,,,,,,,,,,,
proposalNews,proposal1,1-1,"Ravalement de la façade de la bibliothèque municipale","2018-03-01 00:00:00","2018-03-01 00:00:00","2018-03-01 00:00:00",PUBLISHED,,,https://capco.dev/projects/budget-participatif-rennes/collect/collecte-des-propositions/proposals/ravalement-de-la-facade-de-la-bibliotheque-municipale,VXNlcjp1c2VyNTAy,welcomattic,Yes,msantostefano@jolicode.com,1,Citoyen,"Soumis au vote",,Politique,Justice,"10 Cours des Alliés, 35000 Rennes, France",souhaitable,"250 000 €",,,,"Cette proposition me parait inadaptée.","Cette évaluation est effectivement utile, mais ce n'est clairement pas prioritaire.",,"Incohérente, Que de la publicité (mensongère en plus !)","Je dis oui",,,Beauregard,,,"Lorem ipsum dolor sit amet, consectetur adipiscing elit. In in elit eget dui bibendum luctus euismod sit amet odio. Pellentesque habitant morbi tristique senectus et netus et malesuada fames ac turpis egestas. Aliquam erat volutpat. Nulla mollis aliquam faucibus. Nullam pharetra mattis lacus. In vitae ex nisl. Integer faucibus, purus vitae egestas gravida, ante nisi semper magna, nec interdum est orci at purus.
",,,,,,,,,,,,,,,,,,,,,,,,,,,,,,,,,,UG9zdDo3,"Réponses officielle","Immobilier, Justice",,"Ravalement de la façade de la bibliothèque municipale","2018-03-01 00:00:00","2018-02-01 00:00:00","2018-03-01 00:00:00",PUBLISHED,Yes,Yes,VXNlcjp1c2VyMw==,xlacot,1,1,Citoyen,,,,,,,,,,,,,,,,,,,,,,,,,,,,,,,,,,,,,,
proposal,proposal2,1-2,"Rénovation du gymnase","2018-03-01 00:00:00","2018-03-01 00:00:00","2018-03-01 00:00:00",PUBLISHED,,,https://capco.dev/projects/budget-participatif-rennes/collect/collecte-des-propositions/proposals/renovation-du-gymnase,VXNlcjp1c2VyNQ==,user,Yes,user@test.com,1,Citoyen,"Vote gagné",,Aménagement,Transport,"263 Avenue Général Leclerc, 35700 Rennes, France",souhaitable,"1 million !",,,,"Cette proposition est top.","Cette évaluation est hyper utile, à accepter.","Pas la folie tout ça…",Incohérente,"Je dis non","Réalisable, Importante, Compréhensible",,"Nord Saint-Martin",,,"Lorem ipsum dolor sit amet, consectetur adipiscing elit. In in elit eget dui bibendum luctus euismod sit amet odio. Pellentesque habitant morbi tristique senectus et netus et malesuada fames ac turpis egestas. Aliquam erat volutpat. Nulla mollis aliquam faucibus. Nullam pharetra mattis lacus. In vitae ex nisl. Integer faucibus, purus vitae egestas gravida, ante nisi semper magna, nec interdum est orci at purus.
",,,,,,,,,,,,,,,,,,,,,,,,,,,,,,,,,,,,,,,,,,,,,,,,,,,,,,,,,,,,,,,,,,,,,,,,,,,,,,,,,,,,,,,
proposalVote,proposal2,1-2,"Rénovation du gymnase","2018-03-01 00:00:00","2018-03-01 00:00:00","2018-03-01 00:00:00",PUBLISHED,,,https://capco.dev/projects/budget-participatif-rennes/collect/collecte-des-propositions/proposals/renovation-du-gymnase,VXNlcjp1c2VyNQ==,user,Yes,user@test.com,1,Citoyen,"Vote gagné",,Aménagement,Transport,"263 Avenue Général Leclerc, 35700 Rennes, France",souhaitable,"1 million !",,,,"Cette proposition est top.","Cette évaluation est hyper utile, à accepter.","Pas la folie tout ça…",Incohérente,"Je dis non","Réalisable, Importante, Compréhensible",,"Nord Saint-Martin",,,"Lorem ipsum dolor sit amet, consectetur adipiscing elit. In in elit eget dui bibendum luctus euismod sit amet odio. Pellentesque habitant morbi tristique senectus et netus et malesuada fames ac turpis egestas. Aliquam erat volutpat. Nulla mollis aliquam faucibus. Nullam pharetra mattis lacus. In vitae ex nisl. Integer faucibus, purus vitae egestas gravida, ante nisi semper magna, nec interdum est orci at purus.
",1000,"2015-03-01 00:00:00","2015-03-01 00:00:00",No,VXNlcjp1c2VyQWRtaW4=,admin,Yes,,1,Citoyen,,,,,,,,,,,,,,,,,,,,,,,,,,,,,,,,,,,,,,,,,,,,,,,,,,,,,,,,,,,,,,,,,,,,,,,,,,,,,
proposal,proposal3,1-3,"Installation de bancs sur la place de la mairie","2018-03-01 00:00:00","2018-03-01 00:00:00","2018-03-01 00:00:00",PUBLISHED,,,https://capco.dev/projects/budget-participatif-rennes/collect/collecte-des-propositions/proposals/installation-de-bancs-sur-la-place-de-la-mairie,VXNlcjp1c2VyNTAy,welcomattic,Yes,msantostefano@jolicode.com,1,Citoyen,,,Politique,Justice,"Place de la Mairie, 35000 Rennes, France",,"réponse obligatoire",,,,"Proposition que ma femme approuve ... Pas moi.","Que dire de plus ?",,"C'est de la diffamation !, Que de la publicité (mensongère en plus !)","J'ai rien compris","Réalisable, Compréhensible, Importante",,Beaulieu,,"Un beau résumé","On va en faire un beau gymnase, promis :)",,,,,,,,,,,,,,,,,,,,,,,,,,,,,,,,,,,,,,,,,,,,,,,,,,,,,,,,,,,,,,,,,,,,,,,,,,,,,,,,,,,,,,,
proposalVote,proposal3,1-3,"Installation de bancs sur la place de la mairie","2018-03-01 00:00:00","2018-03-01 00:00:00","2018-03-01 00:00:00",PUBLISHED,,,https://capco.dev/projects/budget-participatif-rennes/collect/collecte-des-propositions/proposals/installation-de-bancs-sur-la-place-de-la-mairie,VXNlcjp1c2VyNTAy,welcomattic,Yes,msantostefano@jolicode.com,1,Citoyen,,,Politique,Justice,"Place de la Mairie, 35000 Rennes, France",,"réponse obligatoire",,,,"Proposition que ma femme approuve ... Pas moi.","Que dire de plus ?",,"C'est de la diffamation !, Que de la publicité (mensongère en plus !)","J'ai rien compris","Réalisable, Compréhensible, Importante",,Beaulieu,,"Un beau résumé","On va en faire un beau gymnase, promis :)",1024,"2015-03-01 00:00:00","2015-03-01 00:00:00",No,VXNlcjp1c2VyMTI=,carter19,Yes,,1,Citoyen,,,,,,,,,,,,,,,,,,,,,,,,,,,,,,,,,,,,,,,,,,,,,,,,,,,,,,,,,,,,,,,,,,,,,,,,,,,,,
proposalVote,proposal3,1-3,"Installation de bancs sur la place de la mairie","2018-03-01 00:00:00","2018-03-01 00:00:00","2018-03-01 00:00:00",PUBLISHED,,,https://capco.dev/projects/budget-participatif-rennes/collect/collecte-des-propositions/proposals/installation-de-bancs-sur-la-place-de-la-mairie,VXNlcjp1c2VyNTAy,welcomattic,Yes,msantostefano@jolicode.com,1,Citoyen,,,Politique,Justice,"Place de la Mairie, 35000 Rennes, France",,"réponse obligatoire",,,,"Proposition que ma femme approuve ... Pas moi.","Que dire de plus ?",,"C'est de la diffamation !, Que de la publicité (mensongère en plus !)","J'ai rien compris","Réalisable, Compréhensible, Importante",,Beaulieu,,"Un beau résumé","On va en faire un beau gymnase, promis :)",1025,"2015-03-01 00:00:00","2015-03-01 00:00:00",No,VXNlcjp1c2VyMjM=,eemard,Yes,,1,Citoyen,,,,,,,,,,,,,,,,,,,,,,,,,,,,,,,,,,,,,,,,,,,,,,,,,,,,,,,,,,,,,,,,,,,,,,,,,,,,,
proposalVote,proposal3,1-3,"Installation de bancs sur la place de la mairie","2018-03-01 00:00:00","2018-03-01 00:00:00","2018-03-01 00:00:00",PUBLISHED,,,https://capco.dev/projects/budget-participatif-rennes/collect/collecte-des-propositions/proposals/installation-de-bancs-sur-la-place-de-la-mairie,VXNlcjp1c2VyNTAy,welcomattic,Yes,msantostefano@jolicode.com,1,Citoyen,,,Politique,Justice,"Place de la Mairie, 35000 Rennes, France",,"réponse obligatoire",,,,"Proposition que ma femme approuve ... Pas moi.","Que dire de plus ?",,"C'est de la diffamation !, Que de la publicité (mensongère en plus !)","J'ai rien compris","Réalisable, Compréhensible, Importante",,Beaulieu,,"Un beau résumé","On va en faire un beau gymnase, promis :)",1026,"2015-03-01 00:00:00","2015-03-01 00:00:00",No,VXNlcjp1c2VyNDg=,ignatius.reynolds,Yes,,1,Citoyen,,,,,,,,,,,,,,,,,,,,,,,,,,,,,,,,,,,,,,,,,,,,,,,,,,,,,,,,,,,,,,,,,,,,,,,,,,,,,
proposalVote,proposal3,1-3,"Installation de bancs sur la place de la mairie","2018-03-01 00:00:00","2018-03-01 00:00:00","2018-03-01 00:00:00",PUBLISHED,,,https://capco.dev/projects/budget-participatif-rennes/collect/collecte-des-propositions/proposals/installation-de-bancs-sur-la-place-de-la-mairie,VXNlcjp1c2VyNTAy,welcomattic,Yes,msantostefano@jolicode.com,1,Citoyen,,,Politique,Justice,"Place de la Mairie, 35000 Rennes, France",,"réponse obligatoire",,,,"Proposition que ma femme approuve ... Pas moi.","Que dire de plus ?",,"C'est de la diffamation !, Que de la publicité (mensongère en plus !)","J'ai rien compris","Réalisable, Compréhensible, Importante",,Beaulieu,,"Un beau résumé","On va en faire un beau gymnase, promis :)",1027,"2015-03-01 00:00:00","2015-03-01 00:00:00",No,VXNlcjp1c2VyMzE=,fadams,Yes,,1,Citoyen,,,,,,,,,,,,,,,,,,,,,,,,,,,,,,,,,,,,,,,,,,,,,,,,,,,,,,,,,,,,,,,,,,,,,,,,,,,,,
proposalVote,proposal3,1-3,"Installation de bancs sur la place de la mairie","2018-03-01 00:00:00","2018-03-01 00:00:00","2018-03-01 00:00:00",PUBLISHED,,,https://capco.dev/projects/budget-participatif-rennes/collect/collecte-des-propositions/proposals/installation-de-bancs-sur-la-place-de-la-mairie,VXNlcjp1c2VyNTAy,welcomattic,Yes,msantostefano@jolicode.com,1,Citoyen,,,Politique,Justice,"Place de la Mairie, 35000 Rennes, France",,"réponse obligatoire",,,,"Proposition que ma femme approuve ... Pas moi.","Que dire de plus ?",,"C'est de la diffamation !, Que de la publicité (mensongère en plus !)","J'ai rien compris","Réalisable, Compréhensible, Importante",,Beaulieu,,"Un beau résumé","On va en faire un beau gymnase, promis :)",1028,"2015-03-01 00:00:00","2015-03-01 00:00:00",No,VXNlcjp1c2VyMjE=,wiza.keshaun,Yes,,1,Citoyen,,,,,,,,,,,,,,,,,,,,,,,,,,,,,,,,,,,,,,,,,,,,,,,,,,,,,,,,,,,,,,,,,,,,,,,,,,,,,
proposalVote,proposal3,1-3,"Installation de bancs sur la place de la mairie","2018-03-01 00:00:00","2018-03-01 00:00:00","2018-03-01 00:00:00",PUBLISHED,,,https://capco.dev/projects/budget-participatif-rennes/collect/collecte-des-propositions/proposals/installation-de-bancs-sur-la-place-de-la-mairie,VXNlcjp1c2VyNTAy,welcomattic,Yes,msantostefano@jolicode.com,1,Citoyen,,,Politique,Justice,"Place de la Mairie, 35000 Rennes, France",,"réponse obligatoire",,,,"Proposition que ma femme approuve ... Pas moi.","Que dire de plus ?",,"C'est de la diffamation !, Que de la publicité (mensongère en plus !)","J'ai rien compris","Réalisable, Compréhensible, Importante",,Beaulieu,,"Un beau résumé","On va en faire un beau gymnase, promis :)",1029,"2015-03-01 00:00:00","2015-03-01 00:00:00",No,VXNlcjp1c2VyNDc=,ltowne,Yes,,1,Citoyen,,,,,,,,,,,,,,,,,,,,,,,,,,,,,,,,,,,,,,,,,,,,,,,,,,,,,,,,,,,,,,,,,,,,,,,,,,,,,
proposalVote,proposal3,1-3,"Installation de bancs sur la place de la mairie","2018-03-01 00:00:00","2018-03-01 00:00:00","2018-03-01 00:00:00",PUBLISHED,,,https://capco.dev/projects/budget-participatif-rennes/collect/collecte-des-propositions/proposals/installation-de-bancs-sur-la-place-de-la-mairie,VXNlcjp1c2VyNTAy,welcomattic,Yes,msantostefano@jolicode.com,1,Citoyen,,,Politique,Justice,"Place de la Mairie, 35000 Rennes, France",,"réponse obligatoire",,,,"Proposition que ma femme approuve ... Pas moi.","Que dire de plus ?",,"C'est de la diffamation !, Que de la publicité (mensongère en plus !)","J'ai rien compris","Réalisable, Compréhensible, Importante",,Beaulieu,,"Un beau résumé","On va en faire un beau gymnase, promis :)",1030,"2015-03-01 00:00:00","2015-03-01 00:00:00",No,VXNlcjp1c2VyNDA=,hokeefe,Yes,,1,Citoyen,,,,,,,,,,,,,,,,,,,,,,,,,,,,,,,,,,,,,,,,,,,,,,,,,,,,,,,,,,,,,,,,,,,,,,,,,,,,,
proposalVote,proposal3,1-3,"Installation de bancs sur la place de la mairie","2018-03-01 00:00:00","2018-03-01 00:00:00","2018-03-01 00:00:00",PUBLISHED,,,https://capco.dev/projects/budget-participatif-rennes/collect/collecte-des-propositions/proposals/installation-de-bancs-sur-la-place-de-la-mairie,VXNlcjp1c2VyNTAy,welcomattic,Yes,msantostefano@jolicode.com,1,Citoyen,,,Politique,Justice,"Place de la Mairie, 35000 Rennes, France",,"réponse obligatoire",,,,"Proposition que ma femme approuve ... Pas moi.","Que dire de plus ?",,"C'est de la diffamation !, Que de la publicité (mensongère en plus !)","J'ai rien compris","Réalisable, Compréhensible, Importante",,Beaulieu,,"Un beau résumé","On va en faire un beau gymnase, promis :)",1032,"2015-03-01 00:00:00","2015-03-01 00:00:00",No,VXNlcjp1c2VyNDU=,adelia.prosacco,Yes,,1,Citoyen,,,,,,,,,,,,,,,,,,,,,,,,,,,,,,,,,,,,,,,,,,,,,,,,,,,,,,,,,,,,,,,,,,,,,,,,,,,,,
proposalVote,proposal3,1-3,"Installation de bancs sur la place de la mairie","2018-03-01 00:00:00","2018-03-01 00:00:00","2018-03-01 00:00:00",PUBLISHED,,,https://capco.dev/projects/budget-participatif-rennes/collect/collecte-des-propositions/proposals/installation-de-bancs-sur-la-place-de-la-mairie,VXNlcjp1c2VyNTAy,welcomattic,Yes,msantostefano@jolicode.com,1,Citoyen,,,Politique,Justice,"Place de la Mairie, 35000 Rennes, France",,"réponse obligatoire",,,,"Proposition que ma femme approuve ... Pas moi.","Que dire de plus ?",,"C'est de la diffamation !, Que de la publicité (mensongère en plus !)","J'ai rien compris","Réalisable, Compréhensible, Importante",,Beaulieu,,"Un beau résumé","On va en faire un beau gymnase, promis :)",1033,"2015-03-01 00:00:00","2015-03-01 00:00:00",No,VXNlcjp1c2VyMjI=,brandt85,Yes,,1,Citoyen,,,,,,,,,,,,,,,,,,,,,,,,,,,,,,,,,,,,,,,,,,,,,,,,,,,,,,,,,,,,,,,,,,,,,,,,,,,,,
proposalVote,proposal3,1-3,"Installation de bancs sur la place de la mairie","2018-03-01 00:00:00","2018-03-01 00:00:00","2018-03-01 00:00:00",PUBLISHED,,,https://capco.dev/projects/budget-participatif-rennes/collect/collecte-des-propositions/proposals/installation-de-bancs-sur-la-place-de-la-mairie,VXNlcjp1c2VyNTAy,welcomattic,Yes,msantostefano@jolicode.com,1,Citoyen,,,Politique,Justice,"Place de la Mairie, 35000 Rennes, France",,"réponse obligatoire",,,,"Proposition que ma femme approuve ... Pas moi.","Que dire de plus ?",,"C'est de la diffamation !, Que de la publicité (mensongère en plus !)","J'ai rien compris","Réalisable, Compréhensible, Importante",,Beaulieu,,"Un beau résumé","On va en faire un beau gymnase, promis :)",1034,"2015-03-01 00:00:00","2015-03-01 00:00:00",No,VXNlcjp1c2VyOA==,ritchie.millie,Yes,,1,Citoyen,,,,,,,,,,,,,,,,,,,,,,,,,,,,,,,,,,,,,,,,,,,,,,,,,,,,,,,,,,,,,,,,,,,,,,,,,,,,,
proposalVote,proposal3,1-3,"Installation de bancs sur la place de la mairie","2018-03-01 00:00:00","2018-03-01 00:00:00","2018-03-01 00:00:00",PUBLISHED,,,https://capco.dev/projects/budget-participatif-rennes/collect/collecte-des-propositions/proposals/installation-de-bancs-sur-la-place-de-la-mairie,VXNlcjp1c2VyNTAy,welcomattic,Yes,msantostefano@jolicode.com,1,Citoyen,,,Politique,Justice,"Place de la Mairie, 35000 Rennes, France",,"réponse obligatoire",,,,"Proposition que ma femme approuve ... Pas moi.","Que dire de plus ?",,"C'est de la diffamation !, Que de la publicité (mensongère en plus !)","J'ai rien compris","Réalisable, Compréhensible, Importante",,Beaulieu,,"Un beau résumé","On va en faire un beau gymnase, promis :)",1035,"2015-03-01 00:00:00","2015-03-01 00:00:00",No,VXNlcjp1c2VyMTE=,wilkinson.clinton,Yes,,1,Citoyen,,,,,,,,,,,,,,,,,,,,,,,,,,,,,,,,,,,,,,,,,,,,,,,,,,,,,,,,,,,,,,,,,,,,,,,,,,,,,
proposalVote,proposal3,1-3,"Installation de bancs sur la place de la mairie","2018-03-01 00:00:00","2018-03-01 00:00:00","2018-03-01 00:00:00",PUBLISHED,,,https://capco.dev/projects/budget-participatif-rennes/collect/collecte-des-propositions/proposals/installation-de-bancs-sur-la-place-de-la-mairie,VXNlcjp1c2VyNTAy,welcomattic,Yes,msantostefano@jolicode.com,1,Citoyen,,,Politique,Justice,"Place de la Mairie, 35000 Rennes, France",,"réponse obligatoire",,,,"Proposition que ma femme approuve ... Pas moi.","Que dire de plus ?",,"C'est de la diffamation !, Que de la publicité (mensongère en plus !)","J'ai rien compris","Réalisable, Compréhensible, Importante",,Beaulieu,,"Un beau résumé","On va en faire un beau gymnase, promis :)",1037,"2015-03-01 00:00:00","2015-03-01 00:00:00",No,VXNlcjp1c2VyMjc=,runte.antonetta,Yes,,1,Citoyen,,,,,,,,,,,,,,,,,,,,,,,,,,,,,,,,,,,,,,,,,,,,,,,,,,,,,,,,,,,,,,,,,,,,,,,,,,,,,
proposalVote,proposal3,1-3,"Installation de bancs sur la place de la mairie","2018-03-01 00:00:00","2018-03-01 00:00:00","2018-03-01 00:00:00",PUBLISHED,,,https://capco.dev/projects/budget-participatif-rennes/collect/collecte-des-propositions/proposals/installation-de-bancs-sur-la-place-de-la-mairie,VXNlcjp1c2VyNTAy,welcomattic,Yes,msantostefano@jolicode.com,1,Citoyen,,,Politique,Justice,"Place de la Mairie, 35000 Rennes, France",,"réponse obligatoire",,,,"Proposition que ma femme approuve ... Pas moi.","Que dire de plus ?",,"C'est de la diffamation !, Que de la publicité (mensongère en plus !)","J'ai rien compris","Réalisable, Compréhensible, Importante",,Beaulieu,,"Un beau résumé","On va en faire un beau gymnase, promis :)",1038,"2015-03-01 00:00:00","2015-03-01 00:00:00",No,VXNlcjp1c2VyNDY=,white.tristin,Yes,,1,Citoyen,,,,,,,,,,,,,,,,,,,,,,,,,,,,,,,,,,,,,,,,,,,,,,,,,,,,,,,,,,,,,,,,,,,,,,,,,,,,,
proposalVote,proposal3,1-3,"Installation de bancs sur la place de la mairie","2018-03-01 00:00:00","2018-03-01 00:00:00","2018-03-01 00:00:00",PUBLISHED,,,https://capco.dev/projects/budget-participatif-rennes/collect/collecte-des-propositions/proposals/installation-de-bancs-sur-la-place-de-la-mairie,VXNlcjp1c2VyNTAy,welcomattic,Yes,msantostefano@jolicode.com,1,Citoyen,,,Politique,Justice,"Place de la Mairie, 35000 Rennes, France",,"réponse obligatoire",,,,"Proposition que ma femme approuve ... Pas moi.","Que dire de plus ?",,"C'est de la diffamation !, Que de la publicité (mensongère en plus !)","J'ai rien compris","Réalisable, Compréhensible, Importante",,Beaulieu,,"Un beau résumé","On va en faire un beau gymnase, promis :)",1039,"2015-03-01 00:00:00","2015-03-01 00:00:00",No,VXNlcjp1c2VyNQ==,user,Yes,,1,Citoyen,,,,,,,,,,,,,,,,,,,,,,,,,,,,,,,,,,,,,,,,,,,,,,,,,,,,,,,,,,,,,,,,,,,,,,,,,,,,,
proposalVote,proposal3,1-3,"Installation de bancs sur la place de la mairie","2018-03-01 00:00:00","2018-03-01 00:00:00","2018-03-01 00:00:00",PUBLISHED,,,https://capco.dev/projects/budget-participatif-rennes/collect/collecte-des-propositions/proposals/installation-de-bancs-sur-la-place-de-la-mairie,VXNlcjp1c2VyNTAy,welcomattic,Yes,msantostefano@jolicode.com,1,Citoyen,,,Politique,Justice,"Place de la Mairie, 35000 Rennes, France",,"réponse obligatoire",,,,"Proposition que ma femme approuve ... Pas moi.","Que dire de plus ?",,"C'est de la diffamation !, Que de la publicité (mensongère en plus !)","J'ai rien compris","Réalisable, Compréhensible, Importante",,Beaulieu,,"Un beau résumé","On va en faire un beau gymnase, promis :)",1040,"2015-03-01 00:00:00","2015-03-01 00:00:00",No,VXNlcjp1c2VyMTk=,deron.turcotte,Yes,,1,Citoyen,,,,,,,,,,,,,,,,,,,,,,,,,,,,,,,,,,,,,,,,,,,,,,,,,,,,,,,,,,,,,,,,,,,,,,,,,,,,,
proposalVote,proposal3,1-3,"Installation de bancs sur la place de la mairie","2018-03-01 00:00:00","2018-03-01 00:00:00","2018-03-01 00:00:00",PUBLISHED,,,https://capco.dev/projects/budget-participatif-rennes/collect/collecte-des-propositions/proposals/installation-de-bancs-sur-la-place-de-la-mairie,VXNlcjp1c2VyNTAy,welcomattic,Yes,msantostefano@jolicode.com,1,Citoyen,,,Politique,Justice,"Place de la Mairie, 35000 Rennes, France",,"réponse obligatoire",,,,"Proposition que ma femme approuve ... Pas moi.","Que dire de plus ?",,"C'est de la diffamation !, Que de la publicité (mensongère en plus !)","J'ai rien compris","Réalisable, Compréhensible, Importante",,Beaulieu,,"Un beau résumé","On va en faire un beau gymnase, promis :)",1041,"2015-03-01 00:00:00","2015-03-01 00:00:00",No,VXNlcjp1c2VyMjk=,jayson.swift,Yes,,1,Citoyen,,,,,,,,,,,,,,,,,,,,,,,,,,,,,,,,,,,,,,,,,,,,,,,,,,,,,,,,,,,,,,,,,,,,,,,,,,,,,
proposalVote,proposal3,1-3,"Installation de bancs sur la place de la mairie","2018-03-01 00:00:00","2018-03-01 00:00:00","2018-03-01 00:00:00",PUBLISHED,,,https://capco.dev/projects/budget-participatif-rennes/collect/collecte-des-propositions/proposals/installation-de-bancs-sur-la-place-de-la-mairie,VXNlcjp1c2VyNTAy,welcomattic,Yes,msantostefano@jolicode.com,1,Citoyen,,,Politique,Justice,"Place de la Mairie, 35000 Rennes, France",,"réponse obligatoire",,,,"Proposition que ma femme approuve ... Pas moi.","Que dire de plus ?",,"C'est de la diffamation !, Que de la publicité (mensongère en plus !)","J'ai rien compris","Réalisable, Compréhensible, Importante",,Beaulieu,,"Un beau résumé","On va en faire un beau gymnase, promis :)",1042,"2015-03-01 00:00:00","2015-03-01 00:00:00",No,VXNlcjp1c2VyNDI=,wilburn25,Yes,,1,Citoyen,,,,,,,,,,,,,,,,,,,,,,,,,,,,,,,,,,,,,,,,,,,,,,,,,,,,,,,,,,,,,,,,,,,,,,,,,,,,,
proposalVote,proposal3,1-3,"Installation de bancs sur la place de la mairie","2018-03-01 00:00:00","2018-03-01 00:00:00","2018-03-01 00:00:00",PUBLISHED,,,https://capco.dev/projects/budget-participatif-rennes/collect/collecte-des-propositions/proposals/installation-de-bancs-sur-la-place-de-la-mairie,VXNlcjp1c2VyNTAy,welcomattic,Yes,msantostefano@jolicode.com,1,Citoyen,,,Politique,Justice,"Place de la Mairie, 35000 Rennes, France",,"réponse obligatoire",,,,"Proposition que ma femme approuve ... Pas moi.","Que dire de plus ?",,"C'est de la diffamation !, Que de la publicité (mensongère en plus !)","J'ai rien compris","Réalisable, Compréhensible, Importante",,Beaulieu,,"Un beau résumé","On va en faire un beau gymnase, promis :)",1043,"2015-03-01 00:00:00","2015-03-01 00:00:00",No,VXNlcjp1c2VyMjA=,eterry,Yes,,1,Citoyen,,,,,,,,,,,,,,,,,,,,,,,,,,,,,,,,,,,,,,,,,,,,,,,,,,,,,,,,,,,,,,,,,,,,,,,,,,,,,
proposalVote,proposal3,1-3,"Installation de bancs sur la place de la mairie","2018-03-01 00:00:00","2018-03-01 00:00:00","2018-03-01 00:00:00",PUBLISHED,,,https://capco.dev/projects/budget-participatif-rennes/collect/collecte-des-propositions/proposals/installation-de-bancs-sur-la-place-de-la-mairie,VXNlcjp1c2VyNTAy,welcomattic,Yes,msantostefano@jolicode.com,1,Citoyen,,,Politique,Justice,"Place de la Mairie, 35000 Rennes, France",,"réponse obligatoire",,,,"Proposition que ma femme approuve ... Pas moi.","Que dire de plus ?",,"C'est de la diffamation !, Que de la publicité (mensongère en plus !)","J'ai rien compris","Réalisable, Compréhensible, Importante",,Beaulieu,,"Un beau résumé","On va en faire un beau gymnase, promis :)",1044,"2015-03-01 00:00:00","2015-03-01 00:00:00",No,VXNlcjp1c2VyMzY=,dina.corkery,Yes,,1,Citoyen,,,,,,,,,,,,,,,,,,,,,,,,,,,,,,,,,,,,,,,,,,,,,,,,,,,,,,,,,,,,,,,,,,,,,,,,,,,,,
proposalVote,proposal3,1-3,"Installation de bancs sur la place de la mairie","2018-03-01 00:00:00","2018-03-01 00:00:00","2018-03-01 00:00:00",PUBLISHED,,,https://capco.dev/projects/budget-participatif-rennes/collect/collecte-des-propositions/proposals/installation-de-bancs-sur-la-place-de-la-mairie,VXNlcjp1c2VyNTAy,welcomattic,Yes,msantostefano@jolicode.com,1,Citoyen,,,Politique,Justice,"Place de la Mairie, 35000 Rennes, France",,"réponse obligatoire",,,,"Proposition que ma femme approuve ... Pas moi.","Que dire de plus ?",,"C'est de la diffamation !, Que de la publicité (mensongère en plus !)","J'ai rien compris","Réalisable, Compréhensible, Importante",,Beaulieu,,"Un beau résumé","On va en faire un beau gymnase, promis :)",1045,"2015-03-01 00:00:00","2015-03-01 00:00:00",No,VXNlcjp1c2VyNg==,chris03,Yes,,1,Citoyen,,,,,,,,,,,,,,,,,,,,,,,,,,,,,,,,,,,,,,,,,,,,,,,,,,,,,,,,,,,,,,,,,,,,,,,,,,,,,
proposalVote,proposal3,1-3,"Installation de bancs sur la place de la mairie","2018-03-01 00:00:00","2018-03-01 00:00:00","2018-03-01 00:00:00",PUBLISHED,,,https://capco.dev/projects/budget-participatif-rennes/collect/collecte-des-propositions/proposals/installation-de-bancs-sur-la-place-de-la-mairie,VXNlcjp1c2VyNTAy,welcomattic,Yes,msantostefano@jolicode.com,1,Citoyen,,,Politique,Justice,"Place de la Mairie, 35000 Rennes, France",,"réponse obligatoire",,,,"Proposition que ma femme approuve ... Pas moi.","Que dire de plus ?",,"C'est de la diffamation !, Que de la publicité (mensongère en plus !)","J'ai rien compris","Réalisable, Compréhensible, Importante",,Beaulieu,,"Un beau résumé","On va en faire un beau gymnase, promis :)",1046,"2015-03-01 00:00:00","2015-03-01 00:00:00",No,VXNlcjp1c2VyMTQ=,lind.tommie,Yes,,1,Citoyen,,,,,,,,,,,,,,,,,,,,,,,,,,,,,,,,,,,,,,,,,,,,,,,,,,,,,,,,,,,,,,,,,,,,,,,,,,,,,
proposalVote,proposal3,1-3,"Installation de bancs sur la place de la mairie","2018-03-01 00:00:00","2018-03-01 00:00:00","2018-03-01 00:00:00",PUBLISHED,,,https://capco.dev/projects/budget-participatif-rennes/collect/collecte-des-propositions/proposals/installation-de-bancs-sur-la-place-de-la-mairie,VXNlcjp1c2VyNTAy,welcomattic,Yes,msantostefano@jolicode.com,1,Citoyen,,,Politique,Justice,"Place de la Mairie, 35000 Rennes, France",,"réponse obligatoire",,,,"Proposition que ma femme approuve ... Pas moi.","Que dire de plus ?",,"C'est de la diffamation !, Que de la publicité (mensongère en plus !)","J'ai rien compris","Réalisable, Compréhensible, Importante",,Beaulieu,,"Un beau résumé","On va en faire un beau gymnase, promis :)",1047,"2015-03-01 00:00:00","2015-03-01 00:00:00",No,VXNlcjp1c2VyNw==,vivienne.daniel,Yes,,1,Citoyen,,,,,,,,,,,,,,,,,,,,,,,,,,,,,,,,,,,,,,,,,,,,,,,,,,,,,,,,,,,,,,,,,,,,,,,,,,,,,
proposalVote,proposal3,1-3,"Installation de bancs sur la place de la mairie","2018-03-01 00:00:00","2018-03-01 00:00:00","2018-03-01 00:00:00",PUBLISHED,,,https://capco.dev/projects/budget-participatif-rennes/collect/collecte-des-propositions/proposals/installation-de-bancs-sur-la-place-de-la-mairie,VXNlcjp1c2VyNTAy,welcomattic,Yes,msantostefano@jolicode.com,1,Citoyen,,,Politique,Justice,"Place de la Mairie, 35000 Rennes, France",,"réponse obligatoire",,,,"Proposition que ma femme approuve ... Pas moi.","Que dire de plus ?",,"C'est de la diffamation !, Que de la publicité (mensongère en plus !)","J'ai rien compris","Réalisable, Compréhensible, Importante",,Beaulieu,,"Un beau résumé","On va en faire un beau gymnase, promis :)",1048,"2015-03-01 00:00:00","2015-03-01 00:00:00",No,VXNlcjp1c2VyMjU=,hertha.turner,Yes,,1,Citoyen,,,,,,,,,,,,,,,,,,,,,,,,,,,,,,,,,,,,,,,,,,,,,,,,,,,,,,,,,,,,,,,,,,,,,,,,,,,,,
proposalVote,proposal3,1-3,"Installation de bancs sur la place de la mairie","2018-03-01 00:00:00","2018-03-01 00:00:00","2018-03-01 00:00:00",PUBLISHED,,,https://capco.dev/projects/budget-participatif-rennes/collect/collecte-des-propositions/proposals/installation-de-bancs-sur-la-place-de-la-mairie,VXNlcjp1c2VyNTAy,welcomattic,Yes,msantostefano@jolicode.com,1,Citoyen,,,Politique,Justice,"Place de la Mairie, 35000 Rennes, France",,"réponse obligatoire",,,,"Proposition que ma femme approuve ... Pas moi.","Que dire de plus ?",,"C'est de la diffamation !, Que de la publicité (mensongère en plus !)","J'ai rien compris","Réalisable, Compréhensible, Importante",,Beaulieu,,"Un beau résumé","On va en faire un beau gymnase, promis :)",1049,"2015-03-01 00:00:00","2015-03-01 00:00:00",No,VXNlcjp1c2VyMzk=,bernard.runte,Yes,,1,Citoyen,,,,,,,,,,,,,,,,,,,,,,,,,,,,,,,,,,,,,,,,,,,,,,,,,,,,,,,,,,,,,,,,,,,,,,,,,,,,,
proposalVote,proposal3,1-3,"Installation de bancs sur la place de la mairie","2018-03-01 00:00:00","2018-03-01 00:00:00","2018-03-01 00:00:00",PUBLISHED,,,https://capco.dev/projects/budget-participatif-rennes/collect/collecte-des-propositions/proposals/installation-de-bancs-sur-la-place-de-la-mairie,VXNlcjp1c2VyNTAy,welcomattic,Yes,msantostefano@jolicode.com,1,Citoyen,,,Politique,Justice,"Place de la Mairie, 35000 Rennes, France",,"réponse obligatoire",,,,"Proposition que ma femme approuve ... Pas moi.","Que dire de plus ?",,"C'est de la diffamation !, Que de la publicité (mensongère en plus !)","J'ai rien compris","Réalisable, Compréhensible, Importante",,Beaulieu,,"Un beau résumé","On va en faire un beau gymnase, promis :)",1050,"2015-03-01 00:00:00","2015-03-01 00:00:00",No,VXNlcjp1c2VyMzM=,uhansen,Yes,,1,Citoyen,,,,,,,,,,,,,,,,,,,,,,,,,,,,,,,,,,,,,,,,,,,,,,,,,,,,,,,,,,,,,,,,,,,,,,,,,,,,,
proposalVote,proposal3,1-3,"Installation de bancs sur la place de la mairie","2018-03-01 00:00:00","2018-03-01 00:00:00","2018-03-01 00:00:00",PUBLISHED,,,https://capco.dev/projects/budget-participatif-rennes/collect/collecte-des-propositions/proposals/installation-de-bancs-sur-la-place-de-la-mairie,VXNlcjp1c2VyNTAy,welcomattic,Yes,msantostefano@jolicode.com,1,Citoyen,,,Politique,Justice,"Place de la Mairie, 35000 Rennes, France",,"réponse obligatoire",,,,"Proposition que ma femme approuve ... Pas moi.","Que dire de plus ?",,"C'est de la diffamation !, Que de la publicité (mensongère en plus !)","J'ai rien compris","Réalisable, Compréhensible, Importante",,Beaulieu,,"Un beau résumé","On va en faire un beau gymnase, promis :)",1001,"2015-03-01 00:00:00","2015-03-01 00:00:00",No,VXNlcjp1c2VyMzI=,foster.zulauf,Yes,,1,Citoyen,,,,,,,,,,,,,,,,,,,,,,,,,,,,,,,,,,,,,,,,,,,,,,,,,,,,,,,,,,,,,,,,,,,,,,,,,,,,,
proposalVote,proposal3,1-3,"Installation de bancs sur la place de la mairie","2018-03-01 00:00:00","2018-03-01 00:00:00","2018-03-01 00:00:00",PUBLISHED,,,https://capco.dev/projects/budget-participatif-rennes/collect/collecte-des-propositions/proposals/installation-de-bancs-sur-la-place-de-la-mairie,VXNlcjp1c2VyNTAy,welcomattic,Yes,msantostefano@jolicode.com,1,Citoyen,,,Politique,Justice,"Place de la Mairie, 35000 Rennes, France",,"réponse obligatoire",,,,"Proposition que ma femme approuve ... Pas moi.","Que dire de plus ?",,"C'est de la diffamation !, Que de la publicité (mensongère en plus !)","J'ai rien compris","Réalisable, Compréhensible, Importante",,Beaulieu,,"Un beau résumé","On va en faire un beau gymnase, promis :)",1002,"2015-03-01 00:00:00","2015-03-01 00:00:00",No,VXNlcjp1c2VyMzc=,jacklyn.homenick,Yes,,1,Citoyen,,,,,,,,,,,,,,,,,,,,,,,,,,,,,,,,,,,,,,,,,,,,,,,,,,,,,,,,,,,,,,,,,,,,,,,,,,,,,
proposalVote,proposal3,1-3,"Installation de bancs sur la place de la mairie","2018-03-01 00:00:00","2018-03-01 00:00:00","2018-03-01 00:00:00",PUBLISHED,,,https://capco.dev/projects/budget-participatif-rennes/collect/collecte-des-propositions/proposals/installation-de-bancs-sur-la-place-de-la-mairie,VXNlcjp1c2VyNTAy,welcomattic,Yes,msantostefano@jolicode.com,1,Citoyen,,,Politique,Justice,"Place de la Mairie, 35000 Rennes, France",,"réponse obligatoire",,,,"Proposition que ma femme approuve ... Pas moi.","Que dire de plus ?",,"C'est de la diffamation !, Que de la publicité (mensongère en plus !)","J'ai rien compris","Réalisable, Compréhensible, Importante",,Beaulieu,,"Un beau résumé","On va en faire un beau gymnase, promis :)",1003,"2015-03-01 00:00:00","2015-03-01 00:00:00",No,VXNlcjp1c2VyMzQ=,asa39,Yes,,1,Citoyen,,,,,,,,,,,,,,,,,,,,,,,,,,,,,,,,,,,,,,,,,,,,,,,,,,,,,,,,,,,,,,,,,,,,,,,,,,,,,
proposalVote,proposal3,1-3,"Installation de bancs sur la place de la mairie","2018-03-01 00:00:00","2018-03-01 00:00:00","2018-03-01 00:00:00",PUBLISHED,,,https://capco.dev/projects/budget-participatif-rennes/collect/collecte-des-propositions/proposals/installation-de-bancs-sur-la-place-de-la-mairie,VXNlcjp1c2VyNTAy,welcomattic,Yes,msantostefano@jolicode.com,1,Citoyen,,,Politique,Justice,"Place de la Mairie, 35000 Rennes, France",,"réponse obligatoire",,,,"Proposition que ma femme approuve ... Pas moi.","Que dire de plus ?",,"C'est de la diffamation !, Que de la publicité (mensongère en plus !)","J'ai rien compris","Réalisable, Compréhensible, Importante",,Beaulieu,,"Un beau résumé","On va en faire un beau gymnase, promis :)",1005,"2015-03-01 00:00:00","2015-03-01 00:00:00",No,VXNlcjp1c2VyMTA=,stark.alta,Yes,,1,Citoyen,,,,,,,,,,,,,,,,,,,,,,,,,,,,,,,,,,,,,,,,,,,,,,,,,,,,,,,,,,,,,,,,,,,,,,,,,,,,,
proposalVote,proposal3,1-3,"Installation de bancs sur la place de la mairie","2018-03-01 00:00:00","2018-03-01 00:00:00","2018-03-01 00:00:00",PUBLISHED,,,https://capco.dev/projects/budget-participatif-rennes/collect/collecte-des-propositions/proposals/installation-de-bancs-sur-la-place-de-la-mairie,VXNlcjp1c2VyNTAy,welcomattic,Yes,msantostefano@jolicode.com,1,Citoyen,,,Politique,Justice,"Place de la Mairie, 35000 Rennes, France",,"réponse obligatoire",,,,"Proposition que ma femme approuve ... Pas moi.","Que dire de plus ?",,"C'est de la diffamation !, Que de la publicité (mensongère en plus !)","J'ai rien compris","Réalisable, Compréhensible, Importante",,Beaulieu,,"Un beau résumé","On va en faire un beau gymnase, promis :)",1006,"2015-03-01 00:00:00","2015-03-01 00:00:00",No,VXNlcjp1c2VyMjY=,barton26,Yes,,1,Citoyen,,,,,,,,,,,,,,,,,,,,,,,,,,,,,,,,,,,,,,,,,,,,,,,,,,,,,,,,,,,,,,,,,,,,,,,,,,,,,
proposalVote,proposal3,1-3,"Installation de bancs sur la place de la mairie","2018-03-01 00:00:00","2018-03-01 00:00:00","2018-03-01 00:00:00",PUBLISHED,,,https://capco.dev/projects/budget-participatif-rennes/collect/collecte-des-propositions/proposals/installation-de-bancs-sur-la-place-de-la-mairie,VXNlcjp1c2VyNTAy,welcomattic,Yes,msantostefano@jolicode.com,1,Citoyen,,,Politique,Justice,"Place de la Mairie, 35000 Rennes, France",,"réponse obligatoire",,,,"Proposition que ma femme approuve ... Pas moi.","Que dire de plus ?",,"C'est de la diffamation !, Que de la publicité (mensongère en plus !)","J'ai rien compris","Réalisable, Compréhensible, Importante",,Beaulieu,,"Un beau résumé","On va en faire un beau gymnase, promis :)",1007,"2015-03-01 00:00:00","2015-03-01 00:00:00",No,VXNlcjp1c2VyMTc=,nichole99,Yes,,1,Citoyen,,,,,,,,,,,,,,,,,,,,,,,,,,,,,,,,,,,,,,,,,,,,,,,,,,,,,,,,,,,,,,,,,,,,,,,,,,,,,
proposalVote,proposal3,1-3,"Installation de bancs sur la place de la mairie","2018-03-01 00:00:00","2018-03-01 00:00:00","2018-03-01 00:00:00",PUBLISHED,,,https://capco.dev/projects/budget-participatif-rennes/collect/collecte-des-propositions/proposals/installation-de-bancs-sur-la-place-de-la-mairie,VXNlcjp1c2VyNTAy,welcomattic,Yes,msantostefano@jolicode.com,1,Citoyen,,,Politique,Justice,"Place de la Mairie, 35000 Rennes, France",,"réponse obligatoire",,,,"Proposition que ma femme approuve ... Pas moi.","Que dire de plus ?",,"C'est de la diffamation !, Que de la publicité (mensongère en plus !)","J'ai rien compris","Réalisable, Compréhensible, Importante",,Beaulieu,,"Un beau résumé","On va en faire un beau gymnase, promis :)",1008,"2015-03-01 00:00:00","2015-03-01 00:00:00",No,VXNlcjp1c2VyMTY=,karianne.graham,Yes,,1,Citoyen,,,,,,,,,,,,,,,,,,,,,,,,,,,,,,,,,,,,,,,,,,,,,,,,,,,,,,,,,,,,,,,,,,,,,,,,,,,,,
proposalVote,proposal3,1-3,"Installation de bancs sur la place de la mairie","2018-03-01 00:00:00","2018-03-01 00:00:00","2018-03-01 00:00:00",PUBLISHED,,,https://capco.dev/projects/budget-participatif-rennes/collect/collecte-des-propositions/proposals/installation-de-bancs-sur-la-place-de-la-mairie,VXNlcjp1c2VyNTAy,welcomattic,Yes,msantostefano@jolicode.com,1,Citoyen,,,Politique,Justice,"Place de la Mairie, 35000 Rennes, France",,"réponse obligatoire",,,,"Proposition que ma femme approuve ... Pas moi.","Que dire de plus ?",,"C'est de la diffamation !, Que de la publicité (mensongère en plus !)","J'ai rien compris","Réalisable, Compréhensible, Importante",,Beaulieu,,"Un beau résumé","On va en faire un beau gymnase, promis :)",1009,"2015-03-01 00:00:00","2015-03-01 00:00:00",No,VXNlcjp1c2VyNDM=,gaylord.aglae,Yes,,1,Citoyen,,,,,,,,,,,,,,,,,,,,,,,,,,,,,,,,,,,,,,,,,,,,,,,,,,,,,,,,,,,,,,,,,,,,,,,,,,,,,
proposalVote,proposal3,1-3,"Installation de bancs sur la place de la mairie","2018-03-01 00:00:00","2018-03-01 00:00:00","2018-03-01 00:00:00",PUBLISHED,,,https://capco.dev/projects/budget-participatif-rennes/collect/collecte-des-propositions/proposals/installation-de-bancs-sur-la-place-de-la-mairie,VXNlcjp1c2VyNTAy,welcomattic,Yes,msantostefano@jolicode.com,1,Citoyen,,,Politique,Justice,"Place de la Mairie, 35000 Rennes, France",,"réponse obligatoire",,,,"Proposition que ma femme approuve ... Pas moi.","Que dire de plus ?",,"C'est de la diffamation !, Que de la publicité (mensongère en plus !)","J'ai rien compris","Réalisable, Compréhensible, Importante",,Beaulieu,,"Un beau résumé","On va en faire un beau gymnase, promis :)",1010,"2015-03-01 00:00:00","2015-03-01 00:00:00",No,VXNlcjp1c2VyNDE=,nkovacek,Yes,,1,Citoyen,,,,,,,,,,,,,,,,,,,,,,,,,,,,,,,,,,,,,,,,,,,,,,,,,,,,,,,,,,,,,,,,,,,,,,,,,,,,,
proposalVote,proposal3,1-3,"Installation de bancs sur la place de la mairie","2018-03-01 00:00:00","2018-03-01 00:00:00","2018-03-01 00:00:00",PUBLISHED,,,https://capco.dev/projects/budget-participatif-rennes/collect/collecte-des-propositions/proposals/installation-de-bancs-sur-la-place-de-la-mairie,VXNlcjp1c2VyNTAy,welcomattic,Yes,msantostefano@jolicode.com,1,Citoyen,,,Politique,Justice,"Place de la Mairie, 35000 Rennes, France",,"réponse obligatoire",,,,"Proposition que ma femme approuve ... Pas moi.","Que dire de plus ?",,"C'est de la diffamation !, Que de la publicité (mensongère en plus !)","J'ai rien compris","Réalisable, Compréhensible, Importante",,Beaulieu,,"Un beau résumé","On va en faire un beau gymnase, promis :)",1011,"2015-03-01 00:00:00","2015-03-01 00:00:00",No,VXNlcjp1c2VyMTU=,jasmin15,Yes,,1,Citoyen,,,,,,,,,,,,,,,,,,,,,,,,,,,,,,,,,,,,,,,,,,,,,,,,,,,,,,,,,,,,,,,,,,,,,,,,,,,,,
proposalVote,proposal3,1-3,"Installation de bancs sur la place de la mairie","2018-03-01 00:00:00","2018-03-01 00:00:00","2018-03-01 00:00:00",PUBLISHED,,,https://capco.dev/projects/budget-participatif-rennes/collect/collecte-des-propositions/proposals/installation-de-bancs-sur-la-place-de-la-mairie,VXNlcjp1c2VyNTAy,welcomattic,Yes,msantostefano@jolicode.com,1,Citoyen,,,Politique,Justice,"Place de la Mairie, 35000 Rennes, France",,"réponse obligatoire",,,,"Proposition que ma femme approuve ... Pas moi.","Que dire de plus ?",,"C'est de la diffamation !, Que de la publicité (mensongère en plus !)","J'ai rien compris","Réalisable, Compréhensible, Importante",,Beaulieu,,"Un beau résumé","On va en faire un beau gymnase, promis :)",1013,"2015-03-01 00:00:00","2015-03-01 00:00:00",No,VXNlcjp1c2VyOQ==,wolson,Yes,,1,Citoyen,,,,,,,,,,,,,,,,,,,,,,,,,,,,,,,,,,,,,,,,,,,,,,,,,,,,,,,,,,,,,,,,,,,,,,,,,,,,,
proposalVote,proposal3,1-3,"Installation de bancs sur la place de la mairie","2018-03-01 00:00:00","2018-03-01 00:00:00","2018-03-01 00:00:00",PUBLISHED,,,https://capco.dev/projects/budget-participatif-rennes/collect/collecte-des-propositions/proposals/installation-de-bancs-sur-la-place-de-la-mairie,VXNlcjp1c2VyNTAy,welcomattic,Yes,msantostefano@jolicode.com,1,Citoyen,,,Politique,Justice,"Place de la Mairie, 35000 Rennes, France",,"réponse obligatoire",,,,"Proposition que ma femme approuve ... Pas moi.","Que dire de plus ?",,"C'est de la diffamation !, Que de la publicité (mensongère en plus !)","J'ai rien compris","Réalisable, Compréhensible, Importante",,Beaulieu,,"Un beau résumé","On va en faire un beau gymnase, promis :)",1014,"2015-03-01 00:00:00","2015-03-01 00:00:00",No,VXNlcjp1c2VyMzU=,zschaden,Yes,,1,Citoyen,,,,,,,,,,,,,,,,,,,,,,,,,,,,,,,,,,,,,,,,,,,,,,,,,,,,,,,,,,,,,,,,,,,,,,,,,,,,,
proposalVote,proposal3,1-3,"Installation de bancs sur la place de la mairie","2018-03-01 00:00:00","2018-03-01 00:00:00","2018-03-01 00:00:00",PUBLISHED,,,https://capco.dev/projects/budget-participatif-rennes/collect/collecte-des-propositions/proposals/installation-de-bancs-sur-la-place-de-la-mairie,VXNlcjp1c2VyNTAy,welcomattic,Yes,msantostefano@jolicode.com,1,Citoyen,,,Politique,Justice,"Place de la Mairie, 35000 Rennes, France",,"réponse obligatoire",,,,"Proposition que ma femme approuve ... Pas moi.","Que dire de plus ?",,"C'est de la diffamation !, Que de la publicité (mensongère en plus !)","J'ai rien compris","Réalisable, Compréhensible, Importante",,Beaulieu,,"Un beau résumé","On va en faire un beau gymnase, promis :)",1015,"2015-03-01 00:00:00","2015-03-01 00:00:00",No,VXNlcjp1c2VyNDk=,marlee90,Yes,,1,Citoyen,,,,,,,,,,,,,,,,,,,,,,,,,,,,,,,,,,,,,,,,,,,,,,,,,,,,,,,,,,,,,,,,,,,,,,,,,,,,,
proposalVote,proposal3,1-3,"Installation de bancs sur la place de la mairie","2018-03-01 00:00:00","2018-03-01 00:00:00","2018-03-01 00:00:00",PUBLISHED,,,https://capco.dev/projects/budget-participatif-rennes/collect/collecte-des-propositions/proposals/installation-de-bancs-sur-la-place-de-la-mairie,VXNlcjp1c2VyNTAy,welcomattic,Yes,msantostefano@jolicode.com,1,Citoyen,,,Politique,Justice,"Place de la Mairie, 35000 Rennes, France",,"réponse obligatoire",,,,"Proposition que ma femme approuve ... Pas moi.","Que dire de plus ?",,"C'est de la diffamation !, Que de la publicité (mensongère en plus !)","J'ai rien compris","Réalisable, Compréhensible, Importante",,Beaulieu,,"Un beau résumé","On va en faire un beau gymnase, promis :)",1016,"2015-03-01 00:00:00","2015-03-01 00:00:00",No,VXNlcjp1c2VyMTg=,fcorkery,Yes,,1,Citoyen,,,,,,,,,,,,,,,,,,,,,,,,,,,,,,,,,,,,,,,,,,,,,,,,,,,,,,,,,,,,,,,,,,,,,,,,,,,,,
proposalVote,proposal3,1-3,"Installation de bancs sur la place de la mairie","2018-03-01 00:00:00","2018-03-01 00:00:00","2018-03-01 00:00:00",PUBLISHED,,,https://capco.dev/projects/budget-participatif-rennes/collect/collecte-des-propositions/proposals/installation-de-bancs-sur-la-place-de-la-mairie,VXNlcjp1c2VyNTAy,welcomattic,Yes,msantostefano@jolicode.com,1,Citoyen,,,Politique,Justice,"Place de la Mairie, 35000 Rennes, France",,"réponse obligatoire",,,,"Proposition que ma femme approuve ... Pas moi.","Que dire de plus ?",,"C'est de la diffamation !, Que de la publicité (mensongère en plus !)","J'ai rien compris","Réalisable, Compréhensible, Importante",,Beaulieu,,"Un beau résumé","On va en faire un beau gymnase, promis :)",1017,"2015-03-01 00:00:00","2015-03-01 00:00:00",No,VXNlcjp1c2VyMzA=,atoy,Yes,,1,Citoyen,,,,,,,,,,,,,,,,,,,,,,,,,,,,,,,,,,,,,,,,,,,,,,,,,,,,,,,,,,,,,,,,,,,,,,,,,,,,,
proposalVote,proposal3,1-3,"Installation de bancs sur la place de la mairie","2018-03-01 00:00:00","2018-03-01 00:00:00","2018-03-01 00:00:00",PUBLISHED,,,https://capco.dev/projects/budget-participatif-rennes/collect/collecte-des-propositions/proposals/installation-de-bancs-sur-la-place-de-la-mairie,VXNlcjp1c2VyNTAy,welcomattic,Yes,msantostefano@jolicode.com,1,Citoyen,,,Politique,Justice,"Place de la Mairie, 35000 Rennes, France",,"réponse obligatoire",,,,"Proposition que ma femme approuve ... Pas moi.","Que dire de plus ?",,"C'est de la diffamation !, Que de la publicité (mensongère en plus !)","J'ai rien compris","Réalisable, Compréhensible, Importante",,Beaulieu,,"Un beau résumé","On va en faire un beau gymnase, promis :)",1018,"2015-03-01 00:00:00","2015-03-01 00:00:00",No,VXNlcjp1c2VyNDQ=,rogahn.jerel,Yes,,1,Citoyen,,,,,,,,,,,,,,,,,,,,,,,,,,,,,,,,,,,,,,,,,,,,,,,,,,,,,,,,,,,,,,,,,,,,,,,,,,,,,
proposalVote,proposal3,1-3,"Installation de bancs sur la place de la mairie","2018-03-01 00:00:00","2018-03-01 00:00:00","2018-03-01 00:00:00",PUBLISHED,,,https://capco.dev/projects/budget-participatif-rennes/collect/collecte-des-propositions/proposals/installation-de-bancs-sur-la-place-de-la-mairie,VXNlcjp1c2VyNTAy,welcomattic,Yes,msantostefano@jolicode.com,1,Citoyen,,,Politique,Justice,"Place de la Mairie, 35000 Rennes, France",,"réponse obligatoire",,,,"Proposition que ma femme approuve ... Pas moi.","Que dire de plus ?",,"C'est de la diffamation !, Que de la publicité (mensongère en plus !)","J'ai rien compris","Réalisable, Compréhensible, Importante",,Beaulieu,,"Un beau résumé","On va en faire un beau gymnase, promis :)",1019,"2015-03-01 00:00:00","2015-03-01 00:00:00",No,VXNlcjp1c2VyMjg=,rau.pietro,Yes,,1,Citoyen,,,,,,,,,,,,,,,,,,,,,,,,,,,,,,,,,,,,,,,,,,,,,,,,,,,,,,,,,,,,,,,,,,,,,,,,,,,,,
proposalVote,proposal3,1-3,"Installation de bancs sur la place de la mairie","2018-03-01 00:00:00","2018-03-01 00:00:00","2018-03-01 00:00:00",PUBLISHED,,,https://capco.dev/projects/budget-participatif-rennes/collect/collecte-des-propositions/proposals/installation-de-bancs-sur-la-place-de-la-mairie,VXNlcjp1c2VyNTAy,welcomattic,Yes,msantostefano@jolicode.com,1,Citoyen,,,Politique,Justice,"Place de la Mairie, 35000 Rennes, France",,"réponse obligatoire",,,,"Proposition que ma femme approuve ... Pas moi.","Que dire de plus ?",,"C'est de la diffamation !, Que de la publicité (mensongère en plus !)","J'ai rien compris","Réalisable, Compréhensible, Importante",,Beaulieu,,"Un beau résumé","On va en faire un beau gymnase, promis :)",1020,"2015-03-01 00:00:00","2015-03-01 00:00:00",No,VXNlcjp1c2VyMjQ=,addie.grant,Yes,,1,Citoyen,,,,,,,,,,,,,,,,,,,,,,,,,,,,,,,,,,,,,,,,,,,,,,,,,,,,,,,,,,,,,,,,,,,,,,,,,,,,,
proposalVote,proposal3,1-3,"Installation de bancs sur la place de la mairie","2018-03-01 00:00:00","2018-03-01 00:00:00","2018-03-01 00:00:00",PUBLISHED,,,https://capco.dev/projects/budget-participatif-rennes/collect/collecte-des-propositions/proposals/installation-de-bancs-sur-la-place-de-la-mairie,VXNlcjp1c2VyNTAy,welcomattic,Yes,msantostefano@jolicode.com,1,Citoyen,,,Politique,Justice,"Place de la Mairie, 35000 Rennes, France",,"réponse obligatoire",,,,"Proposition que ma femme approuve ... Pas moi.","Que dire de plus ?",,"C'est de la diffamation !, Que de la publicité (mensongère en plus !)","J'ai rien compris","Réalisable, Compréhensible, Importante",,Beaulieu,,"Un beau résumé","On va en faire un beau gymnase, promis :)",1021,"2015-03-01 00:00:00","2015-03-01 00:00:00",No,VXNlcjp1c2VyQWRtaW4=,admin,Yes,,1,Citoyen,,,,,,,,,,,,,,,,,,,,,,,,,,,,,,,,,,,,,,,,,,,,,,,,,,,,,,,,,,,,,,,,,,,,,,,,,,,,,
proposalVote,proposal3,1-3,"Installation de bancs sur la place de la mairie","2018-03-01 00:00:00","2018-03-01 00:00:00","2018-03-01 00:00:00",PUBLISHED,,,https://capco.dev/projects/budget-participatif-rennes/collect/collecte-des-propositions/proposals/installation-de-bancs-sur-la-place-de-la-mairie,VXNlcjp1c2VyNTAy,welcomattic,Yes,msantostefano@jolicode.com,1,Citoyen,,,Politique,Justice,"Place de la Mairie, 35000 Rennes, France",,"réponse obligatoire",,,,"Proposition que ma femme approuve ... Pas moi.","Que dire de plus ?",,"C'est de la diffamation !, Que de la publicité (mensongère en plus !)","J'ai rien compris","Réalisable, Compréhensible, Importante",,Beaulieu,,"Un beau résumé","On va en faire un beau gymnase, promis :)",1022,"2015-03-01 00:00:00","2015-03-01 00:00:00",No,VXNlcjp1c2VyMTM=,raymundo25,Yes,,1,Citoyen,,,,,,,,,,,,,,,,,,,,,,,,,,,,,,,,,,,,,,,,,,,,,,,,,,,,,,,,,,,,,,,,,,,,,,,,,,,,,
proposalVote,proposal3,1-3,"Installation de bancs sur la place de la mairie","2018-03-01 00:00:00","2018-03-01 00:00:00","2018-03-01 00:00:00",PUBLISHED,,,https://capco.dev/projects/budget-participatif-rennes/collect/collecte-des-propositions/proposals/installation-de-bancs-sur-la-place-de-la-mairie,VXNlcjp1c2VyNTAy,welcomattic,Yes,msantostefano@jolicode.com,1,Citoyen,,,Politique,Justice,"Place de la Mairie, 35000 Rennes, France",,"réponse obligatoire",,,,"Proposition que ma femme approuve ... Pas moi.","Que dire de plus ?",,"C'est de la diffamation !, Que de la publicité (mensongère en plus !)","J'ai rien compris","Réalisable, Compréhensible, Importante",,Beaulieu,,"Un beau résumé","On va en faire un beau gymnase, promis :)",1023,"2015-03-01 00:00:00","2015-03-01 00:00:00",No,VXNlcjp1c2VyMzg=,zoe72,Yes,,1,Citoyen,,,,,,,,,,,,,,,,,,,,,,,,,,,,,,,,,,,,,,,,,,,,,,,,,,,,,,,,,,,,,,,,,,,,,,,,,,,,,
