type,contributions_id,contributions_author_id,contributions_section_title,contributions_title,contributions_bodyText,contributions_createdAt,contributions_updatedAt,contributions_url,contributions_published,contributions_trashed,contributions_trashedAt,contributions_trashedReason,contributions_votesCount,contributions_votesCountOk,contributions_votesCountMitige,contributions_votesCountNok,contributions_argumentsCount,contributions_argumentsCountFor,contributions_argumentsCountAgainst,contributions_sourcesCount,contributions_versionsCount,contributions_arguments_related_id,contributions_arguments_related_kind,contributions_arguments_id,contributions_arguments_author_id,contributions_arguments_type,contributions_arguments_body,contributions_arguments_createdAt,contributions_arguments_updatedAt,contributions_arguments_url,contributions_arguments_published,contributions_arguments_trashed,contributions_arguments_trashedAt,contributions_arguments_trashedReason,contributions_arguments_votesCount,contributions_votes_id,contributions_votes_author_id,contributions_votes_value,contributions_votes_createdAt,contributions_reportings_related_id,contributions_reportings_related_kind,contributions_reportings_id,contributions_reportings_author_id,contributions_reportings_type,contributions_reportings_body,contributions_reportings_createdAt,contributions_sources_id,contributions_sources_related_id,contributions_sources_related_kind,contributions_sources_author_id,contributions_sources_trashed,contributions_sources_trashedAt,contributions_sources_trashedReason,contributions_sources_body,contributions_sources_createdAt,contributions_sources_updatedAt,contributions_sources_published,contributions_sources_votesCount,contribution_versions_id,contribution_versions_title,contribution_versions_bodyText,contribution_versions_createdAt,contribution_versions_updatedAt
opinion,opinion59,VXNlcjp1c2VyMg==,"Section 1","Article 2","Totam qui ipsum laborum in. Nihil ullam itaque est consequatur enim. Doloribus esse sed expedita.
Accusamus aut dolorum et necessitatibus omnis reprehenderit eius. Dolores magni et odit illo harum consequuntur fugiat. Inventore reprehenderit facilis neque in placeat labore. Consectetur dolor hic veritatis quaerat repellendus. Fuga facere adipisci excepturi dicta occaecati.
","2018-03-01 00:00:00",,https://capco.dev/consultations/projet-de-loi-renseignement/consultation/elaboration-de-la-loi/opinions/titre-ier-la-circulation-des-donnees-et-du-savoir/chapitre-ier-economie-de-la-donnee/section-1-ouverture-des-donnees-publiques/article-2,Yes,No,,,45,14,16,15,0,0,0,2,0,,,opinion59,VXNlcjp1c2VyMg==,,,"2018-03-01 00:00:00",,https://capco.dev/consultations/projet-de-loi-renseignement/consultation/elaboration-de-la-loi/opinions/titre-ier-la-circulation-des-donnees-et-du-savoir/chapitre-ier-economie-de-la-donnee/section-1-ouverture-des-donnees-publiques/article-2,Yes,No,,,45,opinion59,VXNlcjp1c2VyMg==,,"2018-03-01 00:00:00",,,opinion59,VXNlcjp1c2VyMg==,,,"2018-03-01 00:00:00",opinion59,,,VXNlcjp1c2VyMg==,No,,,,"2018-03-01 00:00:00",,Yes,45,opinion59,"Article 2","Totam qui ipsum laborum in. Nihil ullam itaque est consequatur enim. Doloribus esse sed expedita.
Accusamus aut dolorum et necessitatibus omnis reprehenderit eius. Dolores magni et odit illo harum consequuntur fugiat. Inventore reprehenderit facilis neque in placeat labore. Consectetur dolor hic veritatis quaerat repellendus. Fuga facere adipisci excepturi dicta occaecati.
","2018-03-01 00:00:00",
vote,,,,,,,,,,,,,,,,,,,,,,,,,,,,,,,,,,,,6,,YES,"2015-03-01 00:00:00",,,,,,,,,,,,,,,,,,,,,,,,
vote,,,,,,,,,,,,,,,,,,,,,,,,,,,,,,,,,,,,7,,MITIGE,"2015-03-01 00:00:00",,,,,,,,,,,,,,,,,,,,,,,,
vote,,,,,,,,,,,,,,,,,,,,,,,,,,,,,,,,,,,,8,,NO,"2015-03-01 00:00:00",,,,,,,,,,,,,,,,,,,,,,,,
vote,,,,,,,,,,,,,,,,,,,,,,,,,,,,,,,,,,,,9,,YES,"2015-03-01 00:00:00",,,,,,,,,,,,,,,,,,,,,,,,
vote,,,,,,,,,,,,,,,,,,,,,,,,,,,,,,,,,,,,10,,YES,"2015-03-01 00:00:00",,,,,,,,,,,,,,,,,,,,,,,,
vote,,,,,,,,,,,,,,,,,,,,,,,,,,,,,,,,,,,,11,,NO,"2015-03-01 00:00:00",,,,,,,,,,,,,,,,,,,,,,,,
vote,,,,,,,,,,,,,,,,,,,,,,,,,,,,,,,,,,,,12,,NO,"2015-03-01 00:00:00",,,,,,,,,,,,,,,,,,,,,,,,
vote,,,,,,,,,,,,,,,,,,,,,,,,,,,,,,,,,,,,13,,MITIGE,"2015-03-01 00:00:00",,,,,,,,,,,,,,,,,,,,,,,,
vote,,,,,,,,,,,,,,,,,,,,,,,,,,,,,,,,,,,,14,,YES,"2015-03-01 00:00:00",,,,,,,,,,,,,,,,,,,,,,,,
vote,,,,,,,,,,,,,,,,,,,,,,,,,,,,,,,,,,,,15,,NO,"2015-03-01 00:00:00",,,,,,,,,,,,,,,,,,,,,,,,
vote,,,,,,,,,,,,,,,,,,,,,,,,,,,,,,,,,,,,16,,MITIGE,"2015-03-01 00:00:00",,,,,,,,,,,,,,,,,,,,,,,,
vote,,,,,,,,,,,,,,,,,,,,,,,,,,,,,,,,,,,,17,,NO,"2015-03-01 00:00:00",,,,,,,,,,,,,,,,,,,,,,,,
vote,,,,,,,,,,,,,,,,,,,,,,,,,,,,,,,,,,,,18,,YES,"2015-03-01 00:00:00",,,,,,,,,,,,,,,,,,,,,,,,
vote,,,,,,,,,,,,,,,,,,,,,,,,,,,,,,,,,,,,19,,MITIGE,"2015-03-01 00:00:00",,,,,,,,,,,,,,,,,,,,,,,,
vote,,,,,,,,,,,,,,,,,,,,,,,,,,,,,,,,,,,,20,,NO,"2015-03-01 00:00:00",,,,,,,,,,,,,,,,,,,,,,,,
vote,,,,,,,,,,,,,,,,,,,,,,,,,,,,,,,,,,,,21,,MITIGE,"2015-03-01 00:00:00",,,,,,,,,,,,,,,,,,,,,,,,
vote,,,,,,,,,,,,,,,,,,,,,,,,,,,,,,,,,,,,22,,YES,"2015-03-01 00:00:00",,,,,,,,,,,,,,,,,,,,,,,,
vote,,,,,,,,,,,,,,,,,,,,,,,,,,,,,,,,,,,,23,,YES,"2015-03-01 00:00:00",,,,,,,,,,,,,,,,,,,,,,,,
vote,,,,,,,,,,,,,,,,,,,,,,,,,,,,,,,,,,,,24,,NO,"2015-03-01 00:00:00",,,,,,,,,,,,,,,,,,,,,,,,
vote,,,,,,,,,,,,,,,,,,,,,,,,,,,,,,,,,,,,25,,MITIGE,"2015-03-01 00:00:00",,,,,,,,,,,,,,,,,,,,,,,,
vote,,,,,,,,,,,,,,,,,,,,,,,,,,,,,,,,,,,,26,,MITIGE,"2015-03-01 00:00:00",,,,,,,,,,,,,,,,,,,,,,,,
vote,,,,,,,,,,,,,,,,,,,,,,,,,,,,,,,,,,,,27,,YES,"2015-03-01 00:00:00",,,,,,,,,,,,,,,,,,,,,,,,
vote,,,,,,,,,,,,,,,,,,,,,,,,,,,,,,,,,,,,28,,NO,"2015-03-01 00:00:00",,,,,,,,,,,,,,,,,,,,,,,,
vote,,,,,,,,,,,,,,,,,,,,,,,,,,,,,,,,,,,,29,,YES,"2015-03-01 00:00:00",,,,,,,,,,,,,,,,,,,,,,,,
vote,,,,,,,,,,,,,,,,,,,,,,,,,,,,,,,,,,,,30,,MITIGE,"2015-03-01 00:00:00",,,,,,,,,,,,,,,,,,,,,,,,
vote,,,,,,,,,,,,,,,,,,,,,,,,,,,,,,,,,,,,31,,MITIGE,"2015-03-01 00:00:00",,,,,,,,,,,,,,,,,,,,,,,,
vote,,,,,,,,,,,,,,,,,,,,,,,,,,,,,,,,,,,,32,,MITIGE,"2015-03-01 00:00:00",,,,,,,,,,,,,,,,,,,,,,,,
vote,,,,,,,,,,,,,,,,,,,,,,,,,,,,,,,,,,,,33,,NO,"2015-03-01 00:00:00",,,,,,,,,,,,,,,,,,,,,,,,
vote,,,,,,,,,,,,,,,,,,,,,,,,,,,,,,,,,,,,34,,NO,"2015-03-01 00:00:00",,,,,,,,,,,,,,,,,,,,,,,,
vote,,,,,,,,,,,,,,,,,,,,,,,,,,,,,,,,,,,,35,,NO,"2015-03-01 00:00:00",,,,,,,,,,,,,,,,,,,,,,,,
vote,,,,,,,,,,,,,,,,,,,,,,,,,,,,,,,,,,,,36,,MITIGE,"2015-03-01 00:00:00",,,,,,,,,,,,,,,,,,,,,,,,
vote,,,,,,,,,,,,,,,,,,,,,,,,,,,,,,,,,,,,37,,NO,"2015-03-01 00:00:00",,,,,,,,,,,,,,,,,,,,,,,,
vote,,,,,,,,,,,,,,,,,,,,,,,,,,,,,,,,,,,,38,,NO,"2015-03-01 00:00:00",,,,,,,,,,,,,,,,,,,,,,,,
vote,,,,,,,,,,,,,,,,,,,,,,,,,,,,,,,,,,,,39,,MITIGE,"2015-03-01 00:00:00",,,,,,,,,,,,,,,,,,,,,,,,
vote,,,,,,,,,,,,,,,,,,,,,,,,,,,,,,,,,,,,40,,YES,"2015-03-01 00:00:00",,,,,,,,,,,,,,,,,,,,,,,,
vote,,,,,,,,,,,,,,,,,,,,,,,,,,,,,,,,,,,,41,,YES,"2015-03-01 00:00:00",,,,,,,,,,,,,,,,,,,,,,,,
vote,,,,,,,,,,,,,,,,,,,,,,,,,,,,,,,,,,,,42,,NO,"2015-03-01 00:00:00",,,,,,,,,,,,,,,,,,,,,,,,
vote,,,,,,,,,,,,,,,,,,,,,,,,,,,,,,,,,,,,43,,YES,"2015-03-01 00:00:00",,,,,,,,,,,,,,,,,,,,,,,,
vote,,,,,,,,,,,,,,,,,,,,,,,,,,,,,,,,,,,,44,,MITIGE,"2015-03-01 00:00:00",,,,,,,,,,,,,,,,,,,,,,,,
vote,,,,,,,,,,,,,,,,,,,,,,,,,,,,,,,,,,,,45,,YES,"2015-03-01 00:00:00",,,,,,,,,,,,,,,,,,,,,,,,
vote,,,,,,,,,,,,,,,,,,,,,,,,,,,,,,,,,,,,46,,MITIGE,"2015-03-01 00:00:00",,,,,,,,,,,,,,,,,,,,,,,,
vote,,,,,,,,,,,,,,,,,,,,,,,,,,,,,,,,,,,,47,,YES,"2015-03-01 00:00:00",,,,,,,,,,,,,,,,,,,,,,,,
vote,,,,,,,,,,,,,,,,,,,,,,,,,,,,,,,,,,,,48,,MITIGE,"2015-03-01 00:00:00",,,,,,,,,,,,,,,,,,,,,,,,
vote,,,,,,,,,,,,,,,,,,,,,,,,,,,,,,,,,,,,49,,NO,"2015-03-01 00:00:00",,,,,,,,,,,,,,,,,,,,,,,,
vote,,,,,,,,,,,,,,,,,,,,,,,,,,,,,,,,,,,,50,,MITIGE,"2015-03-01 00:00:00",,,,,,,,,,,,,,,,,,,,,,,,
source,,,,,,,,,,,,,,,,,,,,,,,,,,,,,,,,,,,,,,,,,,,,,,,source33,opinion59,opinion,VXNlcjp1c2VyMg==,Yes,"2017-03-01 00:00:00",,"Rerum sit ducimus esse perferendis ut delectus. Eum quis consequatur voluptatum perferendis aperiam est. Ullam impedit ut ut modi quae totam harum. Quibusdam et ad in quidem. Inventore ducimus non est quia inventore. Aliquam voluptatem expedita enim eius. In totam est eaque molestiae mollitia. Enim voluptatum aut labore asperiores. Soluta vel nostrum ab ut officia corrupti laboriosam. Sed aliquam dolores quis placeat. Alias velit porro ea repudiandae error. Eum aut cum iusto deleniti. Officiis molestiae qui et. Quasi reprehenderit quam sit eos assumenda est et. Consequatur harum quisquam a accusantium. Officiis unde et numquam incidunt totam. Quaerat adipisci laboriosam inventore adipisci placeat quis fugiat. Dolorum omnis inventore enim optio voluptas quas. Sit quis minima odio quo nostrum. Cum corrupti quis fuga harum dolor voluptas.","2016-03-01 00:00:00","2016-03-01 00:00:00",Yes,0,,,,,
source,,,,,,,,,,,,,,,,,,,,,,,,,,,,,,,,,,,,,,,,,,,,,,,source34,opinion59,opinion,VXNlcjp1c2VyMw==,No,,,"Nemo quasi quae voluptatem ipsum. Sint dolorem tenetur sapiente rerum cupiditate similique. Consequuntur et a vitae sequi aut. Et tenetur in ea temporibus amet consequuntur. Odio asperiores consequatur aut. Eaque aut perspiciatis minima. Iure inventore ipsum corrupti tempore deleniti incidunt minus labore. Voluptas consectetur ut est accusantium. Maxime nostrum tenetur voluptas voluptatem vel. Est ipsa omnis deserunt architecto. Beatae consectetur suscipit odit est. Voluptates quis est odio reiciendis est eum ducimus dolores. Eos deleniti natus velit in ut rerum sint. Porro ratione veniam aut aspernatur eaque incidunt blanditiis. Et a mollitia dolorem. Rerum eos mollitia alias. Vero nihil fugiat delectus et sint aspernatur cumque qui. Aut at quisquam culpa similique. Voluptatem quo et sint in. Non officiis et et sunt eligendi. Minima commodi magni omnis quia doloremque nostrum amet illum. Quos velit pariatur dignissimos repudiandae. Blanditiis praesentium iure quas quaerat earum.","2016-03-01 00:00:00","2016-03-01 00:00:00",Yes,0,,,,,
opinion,opinion57,VXNlcjp1c2VyMg==,"Section 1","Article 1","Animi quos molestiae dolore quis quae. Impedit qui a sapiente fugiat officiis quod omnis voluptas.
Ea quibusdam quasi nisi in. Beatae maxime deserunt sed necessitatibus fugit odit. Harum dolor autem nihil similique. Eum repudiandae sapiente corrupti voluptatem aut earum nisi. Quis qui eum pariatur at. Nostrum quo dolor nisi tempora.
","2018-03-01 00:00:00",,https://capco.dev/consultations/projet-de-loi-renseignement/consultation/elaboration-de-la-loi/opinions/titre-ier-la-circulation-des-donnees-et-du-savoir/chapitre-ier-economie-de-la-donnee/section-1-ouverture-des-donnees-publiques/article-1,Yes,No,,,4,2,1,1,4,4,0,0,3,,,opinion57,VXNlcjp1c2VyMg==,,,"2018-03-01 00:00:00",,https://capco.dev/consultations/projet-de-loi-renseignement/consultation/elaboration-de-la-loi/opinions/titre-ier-la-circulation-des-donnees-et-du-savoir/chapitre-ier-economie-de-la-donnee/section-1-ouverture-des-donnees-publiques/article-1,Yes,No,,,4,opinion57,VXNlcjp1c2VyMg==,,"2018-03-01 00:00:00",,,opinion57,VXNlcjp1c2VyMg==,,,"2018-03-01 00:00:00",opinion57,,,VXNlcjp1c2VyMg==,No,,,,"2018-03-01 00:00:00",,Yes,4,opinion57,"Article 1","Animi quos molestiae dolore quis quae. Impedit qui a sapiente fugiat officiis quod omnis voluptas.
Ea quibusdam quasi nisi in. Beatae maxime deserunt sed necessitatibus fugit odit. Harum dolor autem nihil similique. Eum repudiandae sapiente corrupti voluptatem aut earum nisi. Quis qui eum pariatur at. Nostrum quo dolor nisi tempora.
","2018-03-01 00:00:00",
vote,,,,,,,,,,,,,,,,,,,,,,,,,,,,,,,,,,,,2,,NO,"2015-03-01 00:00:00",,,,,,,,,,,,,,,,,,,,,,,,
vote,,,,,,,,,,,,,,,,,,,,,,,,,,,,,,,,,,,,3,,YES,"2015-03-01 00:00:00",,,,,,,,,,,,,,,,,,,,,,,,
vote,,,,,,,,,,,,,,,,,,,,,,,,,,,,,,,,,,,,4,,YES,"2015-03-01 00:00:00",,,,,,,,,,,,,,,,,,,,,,,,
vote,,,,,,,,,,,,,,,,,,,,,,,,,,,,,,,,,,,,5,,MITIGE,"2015-03-01 00:00:00",,,,,,,,,,,,,,,,,,,,,,,,
argument,,,,,,,,,,,,,,,,,,,,,,opinion57,opinion,argument206,VXNlcjp1c2VyMQ==,FOR,"Que la force soit avec toi.","2016-03-01 00:00:00","2017-03-01 00:00:00",https://capco.dev/consultations/projet-de-loi-renseignement/consultation/elaboration-de-la-loi/opinions/titre-ier-la-circulation-des-donnees-et-du-savoir/chapitre-ier-economie-de-la-donnee/section-1-ouverture-des-donnees-publiques/article-1#arg-argument206,Yes,No,,,0,,,,,,,,,,,,,,,,,,,,,,,,,,,,
argument,,,,,,,,,,,,,,,,,,,,,,opinion57,opinion,argument207,VXNlcjp1c2VyMQ==,FOR,"Que la force soit avec toi et avec Yoda.","2016-03-01 00:00:00","2017-03-01 00:00:00",https://capco.dev/consultations/projet-de-loi-renseignement/consultation/elaboration-de-la-loi/opinions/titre-ier-la-circulation-des-donnees-et-du-savoir/chapitre-ier-economie-de-la-donnee/section-1-ouverture-des-donnees-publiques/article-1#arg-argument207,Yes,No,,,0,,,,,,,,,,,,,,,,,,,,,,,,,,,,
argument,,,,,,,,,,,,,,,,,,,,,,opinion57,opinion,argument209,VXNlcjp1c2VyMg==,FOR,"Dolorem mollitia rem error non. Qui accusantium iusto ut omnis ducimus aspernatur. Consequatur id dolores nostrum ipsam sequi impedit. Cum fugiat illum est ut qui omnis dolorem.","2016-03-01 00:00:00","2017-03-01 00:00:00",https://capco.dev/consultations/projet-de-loi-renseignement/consultation/elaboration-de-la-loi/opinions/titre-ier-la-circulation-des-donnees-et-du-savoir/chapitre-ier-economie-de-la-donnee/section-1-ouverture-des-donnees-publiques/article-1#arg-argument209,Yes,No,,,0,,,,,,,,,,,,,,,,,,,,,,,,,,,,
argument,,,,,,,,,,,,,,,,,,,,,,opinion57,opinion,argument210,VXNlcjp1c2VyMg==,FOR,"A totam accusamus vel. Natus ut quisquam sit omnis ut voluptatem. Ullam sint sed asperiores similique. Exercitationem asperiores officiis facere quo et voluptatum tempore. Animi in laudantium consequatur cupiditate. Est alias culpa beatae in.","2016-03-01 00:00:00","2017-03-01 00:00:00",https://capco.dev/consultations/projet-de-loi-renseignement/consultation/elaboration-de-la-loi/opinions/titre-ier-la-circulation-des-donnees-et-du-savoir/chapitre-ier-economie-de-la-donnee/section-1-ouverture-des-donnees-publiques/article-1#arg-argument210,Yes,No,,,0,,,,,,,,,,,,,,,,,,,,,,,,,,,,
version,,,,,,,,,,,,,,,,,,,,,,,,,,,,,,,,,,,,,,,,,,,,,,,,,,,,,,,,,,,version3,"Modification 3","Placeat molestiae est unde voluptatem. Dolores quaerat quis debitis sit qui ut maxime.
Inventore eligendi est sunt dolor distinctio voluptas. Doloribus molestias provident rerum. Voluptatem est voluptas blanditiis quis.
","2015-01-03 00:00:00",
version,,,,,,,,,,,,,,,,,,,,,,,,,,,,,,,,,,,,,,,,,,,,,,,,,,,,,,,,,,,version2,"Modification 2","Ab deleniti unde eum omnis a recusandae. Ea est qui et. Doloremque ea nisi doloribus excepturi sit.
Delectus officia id nostrum repellat iusto soluta. Qui dolores quisquam cumque beatae perspiciatis. Aperiam est repellendus consequuntur. Ut voluptas consectetur qui aspernatur qui distinctio earum.
","2015-01-02 00:00:00",
version,,,,,,,,,,,,,,,,,,,,,,,,,,,,,,,,,,,,,,,,,,,,,,,,,,,,,,,,,,,version1,"Modification 1","Enim ab et eius eum. Maxime beatae et eius omnis id aut non.
Voluptatem voluptates nihil error incidunt dignissimos. Magni et excepturi adipisci ipsam non aut sit aliquam. Quis molestias illo vel distinctio labore ut quibusdam et.
","2015-01-01 00:00:00",
opinion,opinion58,VXNlcjp1c2VyNQ==,"Section 1","Article 3","Ab possimus illum minima dolorem. Odio quae amet dignissimos laborum.
Non distinctio numquam facere iure provident sed. Vel dolores ut dolor. Est non soluta minima dignissimos. Delectus quo deleniti non optio iure. Tenetur numquam ipsam quod quis. Illum accusantium tempora est vitae ea non sapiente maxime.
","2018-03-01 00:00:00",,https://capco.dev/consultations/projet-de-loi-renseignement/consultation/elaboration-de-la-loi/opinions/titre-ier-la-circulation-des-donnees-et-du-savoir/chapitre-ier-economie-de-la-donnee/section-1-ouverture-des-donnees-publiques/article-3,Yes,No,,,0,0,0,0,0,0,0,0,0,,,opinion58,VXNlcjp1c2VyNQ==,,,"2018-03-01 00:00:00",,https://capco.dev/consultations/projet-de-loi-renseignement/consultation/elaboration-de-la-loi/opinions/titre-ier-la-circulation-des-donnees-et-du-savoir/chapitre-ier-economie-de-la-donnee/section-1-ouverture-des-donnees-publiques/article-3,Yes,No,,,0,opinion58,VXNlcjp1c2VyNQ==,,"2018-03-01 00:00:00",,,opinion58,VXNlcjp1c2VyNQ==,,,"2018-03-01 00:00:00",opinion58,,,VXNlcjp1c2VyNQ==,No,,,,"2018-03-01 00:00:00",,Yes,0,opinion58,"Article 3","Ab possimus illum minima dolorem. Odio quae amet dignissimos laborum.
Non distinctio numquam facere iure provident sed. Vel dolores ut dolor. Est non soluta minima dignissimos. Delectus quo deleniti non optio iure. Tenetur numquam ipsam quod quis. Illum accusantium tempora est vitae ea non sapiente maxime.
","2018-03-01 00:00:00",
opinion,opinion60,VXNlcjp1c2VyMg==,"Sous-partie 1",Article,"Super opinion de malade","2018-03-01 00:00:00","2018-03-01 00:00:00",https://capco.dev/consultations/projet-de-loi-renseignement/consultation/elaboration-de-la-loi/opinions/titre-ier-la-circulation-des-donnees-et-du-savoir/chapitre-ier-economie-de-la-donnee/section-1-ouverture-des-donnees-publiques/sous-partie-1/article,Yes,No,,,0,0,0,0,0,0,0,0,0,,,opinion60,VXNlcjp1c2VyMg==,,,"2018-03-01 00:00:00","2018-03-01 00:00:00",https://capco.dev/consultations/projet-de-loi-renseignement/consultation/elaboration-de-la-loi/opinions/titre-ier-la-circulation-des-donnees-et-du-savoir/chapitre-ier-economie-de-la-donnee/section-1-ouverture-des-donnees-publiques/sous-partie-1/article,Yes,No,,,0,opinion60,VXNlcjp1c2VyMg==,,"2018-03-01 00:00:00",,,opinion60,VXNlcjp1c2VyMg==,,,"2018-03-01 00:00:00",opinion60,,,VXNlcjp1c2VyMg==,No,,,,"2018-03-01 00:00:00","2018-03-01 00:00:00",Yes,0,opinion60,Article,"Super opinion de malade","2018-03-01 00:00:00","2018-03-01 00:00:00"
opinion,opinion61,VXNlcjp1c2VyMg==,"Sous-partie 1","Lié à article","Reprehenderit eos explicabo omnis. Dolor consequatur exercitationem qui et.
Odio hic excepturi consequatur rem minus voluptatem. Quasi ut dolorem modi voluptas voluptate aut est. Laboriosam quod cumque quas saepe doloribus ut consequatur.
","2018-03-01 00:00:00",,https://capco.dev/consultations/projet-de-loi-renseignement/consultation/elaboration-de-la-loi/opinions/titre-ier-la-circulation-des-donnees-et-du-savoir/chapitre-ier-economie-de-la-donnee/section-1-ouverture-des-donnees-publiques/sous-partie-1/lie-a-article,Yes,No,,,0,0,0,0,0,0,0,0,0,,,opinion61,VXNlcjp1c2VyMg==,,,"2018-03-01 00:00:00",,https://capco.dev/consultations/projet-de-loi-renseignement/consultation/elaboration-de-la-loi/opinions/titre-ier-la-circulation-des-donnees-et-du-savoir/chapitre-ier-economie-de-la-donnee/section-1-ouverture-des-donnees-publiques/sous-partie-1/lie-a-article,Yes,No,,,0,opinion61,VXNlcjp1c2VyMg==,,"2018-03-01 00:00:00",,,opinion61,VXNlcjp1c2VyMg==,,,"2018-03-01 00:00:00",opinion61,,,VXNlcjp1c2VyMg==,No,,,,"2018-03-01 00:00:00",,Yes,0,opinion61,"Lié à article","Reprehenderit eos explicabo omnis. Dolor consequatur exercitationem qui et.
Odio hic excepturi consequatur rem minus voluptatem. Quasi ut dolorem modi voluptas voluptate aut est. Laboriosam quod cumque quas saepe doloribus ut consequatur.
","2018-03-01 00:00:00",
opinion,opinion69,VXNlcjp1c2VyNQ==,"Sous-partie 1","Opinion d hier 69","Minima nobis laudantium a. Autem eaque facere quia delectus. Libero est veniam dolor est odio vel.
Distinctio minima ea velit quibusdam qui quia aut magni. Pariatur cupiditate aut aut nihil soluta. Autem aliquam reprehenderit praesentium eius neque ipsum deleniti. Cupiditate distinctio vero non voluptatem.
","2018-02-20 00:00:00","2018-02-20 00:00:00",https://capco.dev/consultations/projet-de-loi-renseignement/consultation/elaboration-de-la-loi/opinions/titre-ier-la-circulation-des-donnees-et-du-savoir/chapitre-ier-economie-de-la-donnee/section-1-ouverture-des-donnees-publiques/sous-partie-1/opinion-d-hier-69,Yes,No,,,28,7,10,11,38,13,25,0,0,,,opinion69,VXNlcjp1c2VyNQ==,,,"2018-02-20 00:00:00","2018-02-20 00:00:00",https://capco.dev/consultations/projet-de-loi-renseignement/consultation/elaboration-de-la-loi/opinions/titre-ier-la-circulation-des-donnees-et-du-savoir/chapitre-ier-economie-de-la-donnee/section-1-ouverture-des-donnees-publiques/sous-partie-1/opinion-d-hier-69,Yes,No,,,28,opinion69,VXNlcjp1c2VyNQ==,,"2018-02-20 00:00:00",,,opinion69,VXNlcjp1c2VyNQ==,,,"2018-02-20 00:00:00",opinion69,,,VXNlcjp1c2VyNQ==,No,,,,"2018-02-20 00:00:00","2018-02-20 00:00:00",Yes,28,opinion69,"Opinion d hier 69","Minima nobis laudantium a. Autem eaque facere quia delectus. Libero est veniam dolor est odio vel.
Distinctio minima ea velit quibusdam qui quia aut magni. Pariatur cupiditate aut aut nihil soluta. Autem aliquam reprehenderit praesentium eius neque ipsum deleniti. Cupiditate distinctio vero non voluptatem.
","2018-02-20 00:00:00","2018-02-20 00:00:00"
vote,,,,,,,,,,,,,,,,,,,,,,,,,,,,,,,,,,,,51,,MITIGE,"2015-03-01 00:00:00",,,,,,,,,,,,,,,,,,,,,,,,
vote,,,,,,,,,,,,,,,,,,,,,,,,,,,,,,,,,,,,52,,NO,"2015-03-01 00:00:00",,,,,,,,,,,,,,,,,,,,,,,,
vote,,,,,,,,,,,,,,,,,,,,,,,,,,,,,,,,,,,,53,,MITIGE,"2015-03-01 00:00:00",,,,,,,,,,,,,,,,,,,,,,,,
vote,,,,,,,,,,,,,,,,,,,,,,,,,,,,,,,,,,,,54,,NO,"2015-03-01 00:00:00",,,,,,,,,,,,,,,,,,,,,,,,
vote,,,,,,,,,,,,,,,,,,,,,,,,,,,,,,,,,,,,55,,YES,"2015-03-01 00:00:00",,,,,,,,,,,,,,,,,,,,,,,,
vote,,,,,,,,,,,,,,,,,,,,,,,,,,,,,,,,,,,,56,,YES,"2015-03-01 00:00:00",,,,,,,,,,,,,,,,,,,,,,,,
vote,,,,,,,,,,,,,,,,,,,,,,,,,,,,,,,,,,,,57,,YES,"2015-03-01 00:00:00",,,,,,,,,,,,,,,,,,,,,,,,
vote,,,,,,,,,,,,,,,,,,,,,,,,,,,,,,,,,,,,58,,NO,"2015-03-01 00:00:00",,,,,,,,,,,,,,,,,,,,,,,,
vote,,,,,,,,,,,,,,,,,,,,,,,,,,,,,,,,,,,,59,,NO,"2015-03-01 00:00:00",,,,,,,,,,,,,,,,,,,,,,,,
vote,,,,,,,,,,,,,,,,,,,,,,,,,,,,,,,,,,,,60,,MITIGE,"2015-03-01 00:00:00",,,,,,,,,,,,,,,,,,,,,,,,
vote,,,,,,,,,,,,,,,,,,,,,,,,,,,,,,,,,,,,61,,NO,"2015-03-01 00:00:00",,,,,,,,,,,,,,,,,,,,,,,,
vote,,,,,,,,,,,,,,,,,,,,,,,,,,,,,,,,,,,,62,,NO,"2015-03-01 00:00:00",,,,,,,,,,,,,,,,,,,,,,,,
vote,,,,,,,,,,,,,,,,,,,,,,,,,,,,,,,,,,,,63,,MITIGE,"2015-03-01 00:00:00",,,,,,,,,,,,,,,,,,,,,,,,
vote,,,,,,,,,,,,,,,,,,,,,,,,,,,,,,,,,,,,64,,NO,"2015-03-01 00:00:00",,,,,,,,,,,,,,,,,,,,,,,,
vote,,,,,,,,,,,,,,,,,,,,,,,,,,,,,,,,,,,,65,,MITIGE,"2015-03-01 00:00:00",,,,,,,,,,,,,,,,,,,,,,,,
vote,,,,,,,,,,,,,,,,,,,,,,,,,,,,,,,,,,,,66,,NO,"2015-03-01 00:00:00",,,,,,,,,,,,,,,,,,,,,,,,
vote,,,,,,,,,,,,,,,,,,,,,,,,,,,,,,,,,,,,67,,YES,"2015-03-01 00:00:00",,,,,,,,,,,,,,,,,,,,,,,,
vote,,,,,,,,,,,,,,,,,,,,,,,,,,,,,,,,,,,,68,,MITIGE,"2015-03-01 00:00:00",,,,,,,,,,,,,,,,,,,,,,,,
vote,,,,,,,,,,,,,,,,,,,,,,,,,,,,,,,,,,,,69,,NO,"2015-03-01 00:00:00",,,,,,,,,,,,,,,,,,,,,,,,
vote,,,,,,,,,,,,,,,,,,,,,,,,,,,,,,,,,,,,70,,MITIGE,"2015-03-01 00:00:00",,,,,,,,,,,,,,,,,,,,,,,,
vote,,,,,,,,,,,,,,,,,,,,,,,,,,,,,,,,,,,,71,,NO,"2015-03-01 00:00:00",,,,,,,,,,,,,,,,,,,,,,,,
vote,,,,,,,,,,,,,,,,,,,,,,,,,,,,,,,,,,,,72,,YES,"2015-03-01 00:00:00",,,,,,,,,,,,,,,,,,,,,,,,
vote,,,,,,,,,,,,,,,,,,,,,,,,,,,,,,,,,,,,73,,YES,"2015-03-01 00:00:00",,,,,,,,,,,,,,,,,,,,,,,,
vote,,,,,,,,,,,,,,,,,,,,,,,,,,,,,,,,,,,,74,,YES,"2015-03-01 00:00:00",,,,,,,,,,,,,,,,,,,,,,,,
vote,,,,,,,,,,,,,,,,,,,,,,,,,,,,,,,,,,,,75,,MITIGE,"2015-03-01 00:00:00",,,,,,,,,,,,,,,,,,,,,,,,
vote,,,,,,,,,,,,,,,,,,,,,,,,,,,,,,,,,,,,76,,MITIGE,"2015-03-01 00:00:00",,,,,,,,,,,,,,,,,,,,,,,,
vote,,,,,,,,,,,,,,,,,,,,,,,,,,,,,,,,,,,,77,,MITIGE,"2015-03-01 00:00:00",,,,,,,,,,,,,,,,,,,,,,,,
vote,,,,,,,,,,,,,,,,,,,,,,,,,,,,,,,,,,,,78,,NO,"2015-03-01 00:00:00",,,,,,,,,,,,,,,,,,,,,,,,
argument,,,,,,,,,,,,,,,,,,,,,,opinion69,opinion,argument213,VXNlcjp1c2VyMw==,AGAINST,"Minima est tempora sit. Qui esse voluptates eius velit. Non eos delectus commodi labore excepturi atque eaque. Excepturi natus iste et animi incidunt. Quasi minima voluptas suscipit laboriosam. Deleniti quos aut ab excepturi. Sunt aliquam et qui.","2016-03-01 00:00:00","2017-03-01 00:00:00",https://capco.dev/consultations/projet-de-loi-renseignement/consultation/elaboration-de-la-loi/opinions/titre-ier-la-circulation-des-donnees-et-du-savoir/chapitre-ier-economie-de-la-donnee/section-1-ouverture-des-donnees-publiques/sous-partie-1/opinion-d-hier-69#arg-argument213,Yes,No,,,0,,,,,,,,,,,,,,,,,,,,,,,,,,,,
argument,,,,,,,,,,,,,,,,,,,,,,opinion69,opinion,argument214,VXNlcjp1c2VyQWRtaW4=,AGAINST,"Totam praesentium quis soluta quas iusto eius tenetur. Dicta recusandae maiores adipisci et est. Porro voluptates officiis molestiae maiores.","2016-03-01 00:00:00","2017-03-01 00:00:00",https://capco.dev/consultations/projet-de-loi-renseignement/consultation/elaboration-de-la-loi/opinions/titre-ier-la-circulation-des-donnees-et-du-savoir/chapitre-ier-economie-de-la-donnee/section-1-ouverture-des-donnees-publiques/sous-partie-1/opinion-d-hier-69#arg-argument214,Yes,No,,,0,,,,,,,,,,,,,,,,,,,,,,,,,,,,
argument,,,,,,,,,,,,,,,,,,,,,,opinion69,opinion,argument215,VXNlcjp1c2VyMg==,FOR,"Iure non quaerat quam harum deserunt amet rerum temporibus. Sunt minima natus iste cupiditate facere molestiae eaque. Consequatur sed adipisci sit labore quis facilis perferendis. Qui esse vitae enim consequatur. Dolores voluptatem tempora excepturi quas et similique.","2016-03-01 00:00:00","2017-03-01 00:00:00",https://capco.dev/consultations/projet-de-loi-renseignement/consultation/elaboration-de-la-loi/opinions/titre-ier-la-circulation-des-donnees-et-du-savoir/chapitre-ier-economie-de-la-donnee/section-1-ouverture-des-donnees-publiques/sous-partie-1/opinion-d-hier-69#arg-argument215,Yes,No,,,0,,,,,,,,,,,,,,,,,,,,,,,,,,,,
argument,,,,,,,,,,,,,,,,,,,,,,opinion69,opinion,argument216,VXNlcjp1c2VyQWRtaW4=,AGAINST,"Perferendis atque saepe quidem eos. Nam ab consequatur et mollitia. Nulla consequatur dolorem dolore iste.","2016-03-01 00:00:00","2017-03-01 00:00:00",https://capco.dev/consultations/projet-de-loi-renseignement/consultation/elaboration-de-la-loi/opinions/titre-ier-la-circulation-des-donnees-et-du-savoir/chapitre-ier-economie-de-la-donnee/section-1-ouverture-des-donnees-publiques/sous-partie-1/opinion-d-hier-69#arg-argument216,Yes,No,,,0,,,,,,,,,,,,,,,,,,,,,,,,,,,,
argument,,,,,,,,,,,,,,,,,,,,,,opinion69,opinion,argument217,VXNlcjp1c2VyQWRtaW4=,AGAINST,"Facere veniam vel dolorem dolor voluptas. Ad quaerat nobis cum voluptatem. Aliquam necessitatibus sed molestias aut aut. Est libero cupiditate nisi aliquam tempora asperiores illo laudantium. Aut qui nesciunt ab accusamus. Neque ut deserunt quis mollitia eum.","2016-03-01 00:00:00","2017-03-01 00:00:00",https://capco.dev/consultations/projet-de-loi-renseignement/consultation/elaboration-de-la-loi/opinions/titre-ier-la-circulation-des-donnees-et-du-savoir/chapitre-ier-economie-de-la-donnee/section-1-ouverture-des-donnees-publiques/sous-partie-1/opinion-d-hier-69#arg-argument217,Yes,No,,,0,,,,,,,,,,,,,,,,,,,,,,,,,,,,
argument,,,,,,,,,,,,,,,,,,,,,,opinion69,opinion,argument218,VXNlcjp1c2VyMg==,AGAINST,"Voluptatibus reprehenderit dicta aut. Enim aut et non aut culpa. Deserunt ipsam molestias molestias eum nulla aspernatur consequatur.","2016-03-01 00:00:00","2017-03-01 00:00:00",https://capco.dev/consultations/projet-de-loi-renseignement/consultation/elaboration-de-la-loi/opinions/titre-ier-la-circulation-des-donnees-et-du-savoir/chapitre-ier-economie-de-la-donnee/section-1-ouverture-des-donnees-publiques/sous-partie-1/opinion-d-hier-69#arg-argument218,Yes,No,,,0,,,,,,,,,,,,,,,,,,,,,,,,,,,,
argument,,,,,,,,,,,,,,,,,,,,,,opinion69,opinion,argument219,VXNlcjp1c2VyMg==,FOR,"Consequuntur itaque id quas fuga provident voluptate. Quam est quia maiores accusamus. Voluptate iste libero alias perspiciatis.","2016-03-01 00:00:00","2017-03-01 00:00:00",https://capco.dev/consultations/projet-de-loi-renseignement/consultation/elaboration-de-la-loi/opinions/titre-ier-la-circulation-des-donnees-et-du-savoir/chapitre-ier-economie-de-la-donnee/section-1-ouverture-des-donnees-publiques/sous-partie-1/opinion-d-hier-69#arg-argument219,Yes,No,,,0,,,,,,,,,,,,,,,,,,,,,,,,,,,,
argument,,,,,,,,,,,,,,,,,,,,,,opinion69,opinion,argument220,VXNlcjp1c2VyMw==,FOR,"Dolores quod non nihil enim. Nobis velit eveniet omnis reprehenderit cumque. Est omnis consequuntur velit sapiente.","2016-03-01 00:00:00","2017-03-01 00:00:00",https://capco.dev/consultations/projet-de-loi-renseignement/consultation/elaboration-de-la-loi/opinions/titre-ier-la-circulation-des-donnees-et-du-savoir/chapitre-ier-economie-de-la-donnee/section-1-ouverture-des-donnees-publiques/sous-partie-1/opinion-d-hier-69#arg-argument220,Yes,No,,,0,,,,,,,,,,,,,,,,,,,,,,,,,,,,
argument,,,,,,,,,,,,,,,,,,,,,,opinion69,opinion,argument221,VXNlcjp1c2VyNQ==,AGAINST,"Ut omnis quae a. Deserunt animi asperiores nostrum commodi mollitia nam ut. Dolor odit repellat eum a excepturi. Ut praesentium et qui ab reprehenderit porro. Animi sunt ipsam ad ab voluptatem veritatis eius.","2016-03-01 00:00:00","2017-03-01 00:00:00",https://capco.dev/consultations/projet-de-loi-renseignement/consultation/elaboration-de-la-loi/opinions/titre-ier-la-circulation-des-donnees-et-du-savoir/chapitre-ier-economie-de-la-donnee/section-1-ouverture-des-donnees-publiques/sous-partie-1/opinion-d-hier-69#arg-argument221,Yes,No,,,0,,,,,,,,,,,,,,,,,,,,,,,,,,,,
argument,,,,,,,,,,,,,,,,,,,,,,opinion69,opinion,argument222,VXNlcjp1c2VyMQ==,AGAINST,"Commodi perferendis est velit cupiditate voluptatem illum. Reprehenderit eligendi unde animi nobis. Temporibus et labore fuga. Non autem quos perferendis dicta sed. Molestiae alias modi et animi accusamus et necessitatibus. Nemo placeat et eos facere sunt dolores.","2016-03-01 00:00:00","2017-03-01 00:00:00",https://capco.dev/consultations/projet-de-loi-renseignement/consultation/elaboration-de-la-loi/opinions/titre-ier-la-circulation-des-donnees-et-du-savoir/chapitre-ier-economie-de-la-donnee/section-1-ouverture-des-donnees-publiques/sous-partie-1/opinion-d-hier-69#arg-argument222,Yes,No,,,0,,,,,,,,,,,,,,,,,,,,,,,,,,,,
argument,,,,,,,,,,,,,,,,,,,,,,opinion69,opinion,argument223,VXNlcjp1c2VyMg==,FOR,"Unde sequi quaerat vero quos incidunt at voluptatem. Quis consectetur ullam libero sit et. Aspernatur iste consequatur hic soluta corporis.","2016-03-01 00:00:00","2017-03-01 00:00:00",https://capco.dev/consultations/projet-de-loi-renseignement/consultation/elaboration-de-la-loi/opinions/titre-ier-la-circulation-des-donnees-et-du-savoir/chapitre-ier-economie-de-la-donnee/section-1-ouverture-des-donnees-publiques/sous-partie-1/opinion-d-hier-69#arg-argument223,Yes,No,,,0,,,,,,,,,,,,,,,,,,,,,,,,,,,,
argument,,,,,,,,,,,,,,,,,,,,,,opinion69,opinion,argument224,VXNlcjp1c2VyMg==,FOR,"Necessitatibus fuga cupiditate quia mollitia ipsa. Et molestiae qui ab commodi velit. Et similique ut beatae saepe velit quia earum. Et ut veniam nihil dolorem doloremque cumque saepe. Et fugiat sed blanditiis omnis error dolore incidunt et. Dolorem tenetur tenetur similique.","2016-03-01 00:00:00","2017-03-01 00:00:00",https://capco.dev/consultations/projet-de-loi-renseignement/consultation/elaboration-de-la-loi/opinions/titre-ier-la-circulation-des-donnees-et-du-savoir/chapitre-ier-economie-de-la-donnee/section-1-ouverture-des-donnees-publiques/sous-partie-1/opinion-d-hier-69#arg-argument224,Yes,No,,,0,,,,,,,,,,,,,,,,,,,,,,,,,,,,
argument,,,,,,,,,,,,,,,,,,,,,,opinion69,opinion,argument225,VXNlcjp1c2VyMg==,FOR,"Temporibus molestiae suscipit excepturi consequatur nihil quia. Quia atque perspiciatis aspernatur esse voluptatem et. Libero ea eligendi quas impedit. Natus sunt architecto odit eos omnis impedit nesciunt. Eligendi culpa eum ducimus deleniti laboriosam. Quia officiis incidunt sit vitae.","2016-03-01 00:00:00","2017-03-01 00:00:00",https://capco.dev/consultations/projet-de-loi-renseignement/consultation/elaboration-de-la-loi/opinions/titre-ier-la-circulation-des-donnees-et-du-savoir/chapitre-ier-economie-de-la-donnee/section-1-ouverture-des-donnees-publiques/sous-partie-1/opinion-d-hier-69#arg-argument225,Yes,No,,,0,,,,,,,,,,,,,,,,,,,,,,,,,,,,
argument,,,,,,,,,,,,,,,,,,,,,,opinion69,opinion,argument226,VXNlcjp1c2VyMQ==,AGAINST,"Ea deserunt enim qui quia. Minima nisi necessitatibus expedita modi perferendis. Animi illum aspernatur doloremque qui. Quis sed praesentium praesentium. Placeat reprehenderit sapiente aspernatur molestias veritatis nostrum est.","2016-03-01 00:00:00","2017-03-01 00:00:00",https://capco.dev/consultations/projet-de-loi-renseignement/consultation/elaboration-de-la-loi/opinions/titre-ier-la-circulation-des-donnees-et-du-savoir/chapitre-ier-economie-de-la-donnee/section-1-ouverture-des-donnees-publiques/sous-partie-1/opinion-d-hier-69#arg-argument226,Yes,No,,,0,,,,,,,,,,,,,,,,,,,,,,,,,,,,
argument,,,,,,,,,,,,,,,,,,,,,,opinion69,opinion,argument227,VXNlcjp1c2VyMg==,AGAINST,"Ad eveniet dolorem voluptas omnis est a aut. Occaecati id quia vero architecto. Dicta porro et iure et et omnis. Consequatur cupiditate tempora ipsum odio. Inventore veritatis nihil adipisci doloremque illum doloribus aut voluptatibus.","2016-03-01 00:00:00","2017-03-01 00:00:00",https://capco.dev/consultations/projet-de-loi-renseignement/consultation/elaboration-de-la-loi/opinions/titre-ier-la-circulation-des-donnees-et-du-savoir/chapitre-ier-economie-de-la-donnee/section-1-ouverture-des-donnees-publiques/sous-partie-1/opinion-d-hier-69#arg-argument227,Yes,No,,,0,,,,,,,,,,,,,,,,,,,,,,,,,,,,
argument,,,,,,,,,,,,,,,,,,,,,,opinion69,opinion,argument228,VXNlcjp1c2VyNQ==,AGAINST,"Mollitia nesciunt commodi repellendus aliquam aut. Quidem dolorum esse eveniet molestias quia rem.","2016-03-01 00:00:00","2017-03-01 00:00:00",https://capco.dev/consultations/projet-de-loi-renseignement/consultation/elaboration-de-la-loi/opinions/titre-ier-la-circulation-des-donnees-et-du-savoir/chapitre-ier-economie-de-la-donnee/section-1-ouverture-des-donnees-publiques/sous-partie-1/opinion-d-hier-69#arg-argument228,Yes,No,,,0,,,,,,,,,,,,,,,,,,,,,,,,,,,,
argument,,,,,,,,,,,,,,,,,,,,,,opinion69,opinion,argument229,VXNlcjp1c2VyQWRtaW4=,FOR,"Quam qui debitis velit est sed atque. Porro temporibus consequatur deleniti aut saepe reiciendis est veritatis. Qui iusto consectetur id aut. Aspernatur et est animi aut repellendus. Consequatur doloribus nostrum officia in doloribus ut tempore ut. Quos in nobis ratione perspiciatis quas.","2016-03-01 00:00:00","2017-03-01 00:00:00",https://capco.dev/consultations/projet-de-loi-renseignement/consultation/elaboration-de-la-loi/opinions/titre-ier-la-circulation-des-donnees-et-du-savoir/chapitre-ier-economie-de-la-donnee/section-1-ouverture-des-donnees-publiques/sous-partie-1/opinion-d-hier-69#arg-argument229,Yes,No,,,0,,,,,,,,,,,,,,,,,,,,,,,,,,,,
argument,,,,,,,,,,,,,,,,,,,,,,opinion69,opinion,argument230,VXNlcjp1c2VyMQ==,AGAINST,"Ullam id eum beatae est eos ab temporibus. Assumenda quia minima et velit non quia. Voluptas excepturi et et. Iste et ex quae voluptatem fugit sit. Dolor ipsum autem quo voluptas ducimus fugiat veritatis. Dicta impedit molestiae qui ut. Temporibus sunt dolores ut nemo cum.","2016-03-01 00:00:00","2017-03-01 00:00:00",https://capco.dev/consultations/projet-de-loi-renseignement/consultation/elaboration-de-la-loi/opinions/titre-ier-la-circulation-des-donnees-et-du-savoir/chapitre-ier-economie-de-la-donnee/section-1-ouverture-des-donnees-publiques/sous-partie-1/opinion-d-hier-69#arg-argument230,Yes,No,,,0,,,,,,,,,,,,,,,,,,,,,,,,,,,,
argument,,,,,,,,,,,,,,,,,,,,,,opinion69,opinion,argument231,VXNlcjp1c2VyMQ==,AGAINST,"Voluptatem facilis modi et. Tempora error nihil ad temporibus facilis optio. Eveniet provident qui dolores id. Vitae voluptatum consequatur cum. Et quos in recusandae animi expedita vitae facere. Earum voluptates consequatur eligendi vitae harum.","2016-03-01 00:00:00","2017-03-01 00:00:00",https://capco.dev/consultations/projet-de-loi-renseignement/consultation/elaboration-de-la-loi/opinions/titre-ier-la-circulation-des-donnees-et-du-savoir/chapitre-ier-economie-de-la-donnee/section-1-ouverture-des-donnees-publiques/sous-partie-1/opinion-d-hier-69#arg-argument231,Yes,No,,,0,,,,,,,,,,,,,,,,,,,,,,,,,,,,
argument,,,,,,,,,,,,,,,,,,,,,,opinion69,opinion,argument232,VXNlcjp1c2VyQWRtaW4=,FOR,"Facere esse nemo maiores voluptatibus perspiciatis. Eum sequi fugiat voluptas inventore est est ex. Vel ut delectus explicabo accusantium voluptatibus incidunt et ut. Similique voluptatum enim omnis ut quisquam omnis.","2016-03-01 00:00:00","2017-03-01 00:00:00",https://capco.dev/consultations/projet-de-loi-renseignement/consultation/elaboration-de-la-loi/opinions/titre-ier-la-circulation-des-donnees-et-du-savoir/chapitre-ier-economie-de-la-donnee/section-1-ouverture-des-donnees-publiques/sous-partie-1/opinion-d-hier-69#arg-argument232,Yes,No,,,0,,,,,,,,,,,,,,,,,,,,,,,,,,,,
argument,,,,,,,,,,,,,,,,,,,,,,opinion69,opinion,argument233,VXNlcjp1c2VyQWRtaW4=,FOR,"Exercitationem ut ipsum accusamus nesciunt et. Eligendi non a eos est repellat tempore. Distinctio esse dolorem aut nam aut eaque.","2016-03-01 00:00:00","2017-03-01 00:00:00",https://capco.dev/consultations/projet-de-loi-renseignement/consultation/elaboration-de-la-loi/opinions/titre-ier-la-circulation-des-donnees-et-du-savoir/chapitre-ier-economie-de-la-donnee/section-1-ouverture-des-donnees-publiques/sous-partie-1/opinion-d-hier-69#arg-argument233,Yes,No,,,0,,,,,,,,,,,,,,,,,,,,,,,,,,,,
argument,,,,,,,,,,,,,,,,,,,,,,opinion69,opinion,argument234,VXNlcjp1c2VyQWRtaW4=,FOR,"Voluptatem hic corrupti optio quam suscipit maiores quidem quibusdam. Ex voluptas eum aut eos molestiae odit. Laborum dolorum unde distinctio sed.","2016-03-01 00:00:00","2017-03-01 00:00:00",https://capco.dev/consultations/projet-de-loi-renseignement/consultation/elaboration-de-la-loi/opinions/titre-ier-la-circulation-des-donnees-et-du-savoir/chapitre-ier-economie-de-la-donnee/section-1-ouverture-des-donnees-publiques/sous-partie-1/opinion-d-hier-69#arg-argument234,Yes,No,,,0,,,,,,,,,,,,,,,,,,,,,,,,,,,,
argument,,,,,,,,,,,,,,,,,,,,,,opinion69,opinion,argument235,VXNlcjp1c2VyMQ==,AGAINST,"Quis vero cupiditate quia qui a. Aut tempora saepe molestiae ut odio omnis unde. Quod eum perspiciatis quasi qui ab ipsa. Voluptas ea nihil rerum rerum natus. Quod dolor quam sit cum ut quos. Sed labore officiis ratione rerum porro. Sequi et minus et architecto voluptas eaque quia illum.","2016-03-01 00:00:00","2017-03-01 00:00:00",https://capco.dev/consultations/projet-de-loi-renseignement/consultation/elaboration-de-la-loi/opinions/titre-ier-la-circulation-des-donnees-et-du-savoir/chapitre-ier-economie-de-la-donnee/section-1-ouverture-des-donnees-publiques/sous-partie-1/opinion-d-hier-69#arg-argument235,Yes,No,,,0,,,,,,,,,,,,,,,,,,,,,,,,,,,,
argument,,,,,,,,,,,,,,,,,,,,,,opinion69,opinion,argument236,VXNlcjp1c2VyMg==,AGAINST,"Labore nisi maiores dolorum libero. Unde voluptates dolor quia voluptas facere voluptatem et quam. Possimus a ea aut numquam laudantium. Incidunt deleniti qui quos maxime voluptas aut consequatur.","2016-03-01 00:00:00","2017-03-01 00:00:00",https://capco.dev/consultations/projet-de-loi-renseignement/consultation/elaboration-de-la-loi/opinions/titre-ier-la-circulation-des-donnees-et-du-savoir/chapitre-ier-economie-de-la-donnee/section-1-ouverture-des-donnees-publiques/sous-partie-1/opinion-d-hier-69#arg-argument236,Yes,No,,,0,,,,,,,,,,,,,,,,,,,,,,,,,,,,
argument,,,,,,,,,,,,,,,,,,,,,,opinion69,opinion,argument237,VXNlcjp1c2VyMg==,AGAINST,"Ipsum incidunt aut doloribus vel saepe sint. Laborum autem est dolorum reiciendis perferendis labore officiis ab. Libero eos labore sunt consectetur. Vero eaque asperiores laudantium assumenda nobis voluptatem et. Iste voluptatem expedita quos sunt consequuntur.","2016-03-01 00:00:00","2017-03-01 00:00:00",https://capco.dev/consultations/projet-de-loi-renseignement/consultation/elaboration-de-la-loi/opinions/titre-ier-la-circulation-des-donnees-et-du-savoir/chapitre-ier-economie-de-la-donnee/section-1-ouverture-des-donnees-publiques/sous-partie-1/opinion-d-hier-69#arg-argument237,Yes,No,,,0,,,,,,,,,,,,,,,,,,,,,,,,,,,,
argument,,,,,,,,,,,,,,,,,,,,,,opinion69,opinion,argument238,VXNlcjp1c2VyQWRtaW4=,AGAINST,"Aut dolore voluptatum qui dolor cum nostrum quam voluptas. Unde dolor ab voluptatem nam quisquam sequi dicta. Optio doloremque hic non est iure. Et soluta quos et mollitia qui.","2016-03-01 00:00:00","2017-03-01 00:00:00",https://capco.dev/consultations/projet-de-loi-renseignement/consultation/elaboration-de-la-loi/opinions/titre-ier-la-circulation-des-donnees-et-du-savoir/chapitre-ier-economie-de-la-donnee/section-1-ouverture-des-donnees-publiques/sous-partie-1/opinion-d-hier-69#arg-argument238,Yes,No,,,0,,,,,,,,,,,,,,,,,,,,,,,,,,,,
argument,,,,,,,,,,,,,,,,,,,,,,opinion69,opinion,argument239,VXNlcjp1c2VyMw==,AGAINST,"Sapiente reprehenderit id cumque ut in ducimus enim. A sunt laudantium hic quia aperiam. Ipsum et sit consectetur quo voluptatem ut similique temporibus.","2016-03-01 00:00:00","2017-03-01 00:00:00",https://capco.dev/consultations/projet-de-loi-renseignement/consultation/elaboration-de-la-loi/opinions/titre-ier-la-circulation-des-donnees-et-du-savoir/chapitre-ier-economie-de-la-donnee/section-1-ouverture-des-donnees-publiques/sous-partie-1/opinion-d-hier-69#arg-argument239,Yes,No,,,0,,,,,,,,,,,,,,,,,,,,,,,,,,,,
argument,,,,,,,,,,,,,,,,,,,,,,opinion69,opinion,argument240,VXNlcjp1c2VyMw==,FOR,"Dolorem sit sed sunt eaque aut atque dolor reiciendis. Recusandae optio aut consequatur doloribus. Tempore totam ut laudantium. Suscipit quia aspernatur totam ex enim ab.","2016-03-01 00:00:00","2017-03-01 00:00:00",https://capco.dev/consultations/projet-de-loi-renseignement/consultation/elaboration-de-la-loi/opinions/titre-ier-la-circulation-des-donnees-et-du-savoir/chapitre-ier-economie-de-la-donnee/section-1-ouverture-des-donnees-publiques/sous-partie-1/opinion-d-hier-69#arg-argument240,Yes,No,,,0,,,,,,,,,,,,,,,,,,,,,,,,,,,,
argument,,,,,,,,,,,,,,,,,,,,,,opinion69,opinion,argument241,VXNlcjp1c2VyQWRtaW4=,FOR,"Magni labore doloribus nostrum provident. Est aliquam doloremque rerum recusandae. Quia sit autem voluptatem voluptates eligendi non rerum earum. Quidem aut non fugit ipsam ipsam.","2016-03-01 00:00:00","2017-03-01 00:00:00",https://capco.dev/consultations/projet-de-loi-renseignement/consultation/elaboration-de-la-loi/opinions/titre-ier-la-circulation-des-donnees-et-du-savoir/chapitre-ier-economie-de-la-donnee/section-1-ouverture-des-donnees-publiques/sous-partie-1/opinion-d-hier-69#arg-argument241,Yes,No,,,0,,,,,,,,,,,,,,,,,,,,,,,,,,,,
argument,,,,,,,,,,,,,,,,,,,,,,opinion69,opinion,argument242,VXNlcjp1c2VyMg==,AGAINST,"Eum est illo ab assumenda. Nobis sit eius impedit. Harum pariatur in quis ut et exercitationem consequatur non. Nisi tempore sed facere molestiae assumenda veritatis veniam rerum.","2016-03-01 00:00:00","2017-03-01 00:00:00",https://capco.dev/consultations/projet-de-loi-renseignement/consultation/elaboration-de-la-loi/opinions/titre-ier-la-circulation-des-donnees-et-du-savoir/chapitre-ier-economie-de-la-donnee/section-1-ouverture-des-donnees-publiques/sous-partie-1/opinion-d-hier-69#arg-argument242,Yes,No,,,0,,,,,,,,,,,,,,,,,,,,,,,,,,,,
argument,,,,,,,,,,,,,,,,,,,,,,opinion69,opinion,argument243,VXNlcjp1c2VyQWRtaW4=,AGAINST,"In modi eos perspiciatis. Iusto fugiat facilis blanditiis id delectus quam. Tempore dolorum ducimus delectus repellendus sit aliquam. At eos deserunt recusandae sapiente officia id.","2016-03-01 00:00:00","2017-03-01 00:00:00",https://capco.dev/consultations/projet-de-loi-renseignement/consultation/elaboration-de-la-loi/opinions/titre-ier-la-circulation-des-donnees-et-du-savoir/chapitre-ier-economie-de-la-donnee/section-1-ouverture-des-donnees-publiques/sous-partie-1/opinion-d-hier-69#arg-argument243,Yes,No,,,0,,,,,,,,,,,,,,,,,,,,,,,,,,,,
argument,,,,,,,,,,,,,,,,,,,,,,opinion69,opinion,argument244,VXNlcjp1c2VyMQ==,AGAINST,"Ea suscipit praesentium vero blanditiis. Quia maxime rerum saepe praesentium error beatae. Dolorum ab voluptas optio error est. Quidem itaque sunt vitae assumenda velit.","2016-03-01 00:00:00","2017-03-01 00:00:00",https://capco.dev/consultations/projet-de-loi-renseignement/consultation/elaboration-de-la-loi/opinions/titre-ier-la-circulation-des-donnees-et-du-savoir/chapitre-ier-economie-de-la-donnee/section-1-ouverture-des-donnees-publiques/sous-partie-1/opinion-d-hier-69#arg-argument244,Yes,No,,,0,,,,,,,,,,,,,,,,,,,,,,,,,,,,
argument,,,,,,,,,,,,,,,,,,,,,,opinion69,opinion,argument245,VXNlcjp1c2VyMg==,AGAINST,"Eaque tenetur expedita in praesentium accusamus. Tempora aperiam aliquam dignissimos quidem doloremque cupiditate voluptas. Aut ex aliquam voluptatem. Hic reprehenderit occaecati qui qui ea maxime omnis aspernatur.","2016-03-01 00:00:00","2017-03-01 00:00:00",https://capco.dev/consultations/projet-de-loi-renseignement/consultation/elaboration-de-la-loi/opinions/titre-ier-la-circulation-des-donnees-et-du-savoir/chapitre-ier-economie-de-la-donnee/section-1-ouverture-des-donnees-publiques/sous-partie-1/opinion-d-hier-69#arg-argument245,Yes,No,,,0,,,,,,,,,,,,,,,,,,,,,,,,,,,,
argument,,,,,,,,,,,,,,,,,,,,,,opinion69,opinion,argument246,VXNlcjp1c2VyMg==,AGAINST,"Veniam non qui et et aperiam eos iusto eaque. Corrupti qui minima necessitatibus ipsa omnis. Explicabo itaque sequi velit ratione. Quos eius consequatur tempora.","2016-03-01 00:00:00","2017-03-01 00:00:00",https://capco.dev/consultations/projet-de-loi-renseignement/consultation/elaboration-de-la-loi/opinions/titre-ier-la-circulation-des-donnees-et-du-savoir/chapitre-ier-economie-de-la-donnee/section-1-ouverture-des-donnees-publiques/sous-partie-1/opinion-d-hier-69#arg-argument246,Yes,No,,,0,,,,,,,,,,,,,,,,,,,,,,,,,,,,
argument,,,,,,,,,,,,,,,,,,,,,,opinion69,opinion,argument247,VXNlcjp1c2VyNQ==,AGAINST,"Nobis alias est minus ut. Totam veniam amet quibusdam qui rem maiores iusto et. Corrupti enim et non qui voluptas.","2016-03-01 00:00:00","2017-03-01 00:00:00",https://capco.dev/consultations/projet-de-loi-renseignement/consultation/elaboration-de-la-loi/opinions/titre-ier-la-circulation-des-donnees-et-du-savoir/chapitre-ier-economie-de-la-donnee/section-1-ouverture-des-donnees-publiques/sous-partie-1/opinion-d-hier-69#arg-argument247,Yes,No,,,0,,,,,,,,,,,,,,,,,,,,,,,,,,,,
argument,,,,,,,,,,,,,,,,,,,,,,opinion69,opinion,argument248,VXNlcjp1c2VyMg==,AGAINST,"Repudiandae ipsam minima sint perferendis repudiandae libero. Est aut voluptas non repudiandae excepturi eveniet. Ipsa temporibus in aut odio molestiae dolorum magni. Est repellendus neque ut hic ea. Quia ex voluptatem reprehenderit repellendus.","2016-03-01 00:00:00","2017-03-01 00:00:00",https://capco.dev/consultations/projet-de-loi-renseignement/consultation/elaboration-de-la-loi/opinions/titre-ier-la-circulation-des-donnees-et-du-savoir/chapitre-ier-economie-de-la-donnee/section-1-ouverture-des-donnees-publiques/sous-partie-1/opinion-d-hier-69#arg-argument248,Yes,No,,,0,,,,,,,,,,,,,,,,,,,,,,,,,,,,
argument,,,,,,,,,,,,,,,,,,,,,,opinion69,opinion,argument249,VXNlcjp1c2VyMw==,FOR,"Commodi laudantium recusandae explicabo iure tempore consequatur ex qui. Necessitatibus consequuntur nostrum et. Dolorum facere praesentium officiis quasi omnis recusandae doloremque. Omnis molestiae qui id dicta et omnis.","2016-03-01 00:00:00","2017-03-01 00:00:00",https://capco.dev/consultations/projet-de-loi-renseignement/consultation/elaboration-de-la-loi/opinions/titre-ier-la-circulation-des-donnees-et-du-savoir/chapitre-ier-economie-de-la-donnee/section-1-ouverture-des-donnees-publiques/sous-partie-1/opinion-d-hier-69#arg-argument249,Yes,No,,,0,,,,,,,,,,,,,,,,,,,,,,,,,,,,
argument,,,,,,,,,,,,,,,,,,,,,,opinion69,opinion,argument250,VXNlcjp1c2VyQWRtaW4=,AGAINST,"Quod laboriosam incidunt ut fuga. Porro tempora natus qui ex. Et inventore qui odit. Totam explicabo consequuntur voluptas aperiam cumque. Ut placeat asperiores alias assumenda nisi. Aperiam rem nostrum itaque a voluptatibus iusto repudiandae. Et animi et qui soluta.","2016-03-01 00:00:00","2017-03-01 00:00:00",https://capco.dev/consultations/projet-de-loi-renseignement/consultation/elaboration-de-la-loi/opinions/titre-ier-la-circulation-des-donnees-et-du-savoir/chapitre-ier-economie-de-la-donnee/section-1-ouverture-des-donnees-publiques/sous-partie-1/opinion-d-hier-69#arg-argument250,Yes,No,,,0,,,,,,,,,,,,,,,,,,,,,,,,,,,,
opinion,opinion68,VXNlcjp1c2VyNQ==,"Sous-partie 1","Opinion d hier 68","Est est rerum voluptates autem ab ex. Dolor ut doloremque aut dolor autem. Qui id animi omnis.
Ut magni et eum quia repellendus. Veritatis a quia fuga. Officiis vel aut illo qui eos facere voluptas commodi. Placeat maiores nulla deleniti quia ea quia saepe. Id tenetur omnis itaque nemo. Nobis qui temporibus saepe reiciendis est. Excepturi aut iusto veniam repellat nihil.
","2018-02-20 00:00:00","2018-02-20 00:00:00",https://capco.dev/consultations/projet-de-loi-renseignement/consultation/elaboration-de-la-loi/opinions/titre-ier-la-circulation-des-donnees-et-du-savoir/chapitre-ier-economie-de-la-donnee/section-1-ouverture-des-donnees-publiques/sous-partie-1/opinion-d-hier-68,Yes,No,,,0,0,0,0,0,0,0,0,0,,,opinion68,VXNlcjp1c2VyNQ==,,,"2018-02-20 00:00:00","2018-02-20 00:00:00",https://capco.dev/consultations/projet-de-loi-renseignement/consultation/elaboration-de-la-loi/opinions/titre-ier-la-circulation-des-donnees-et-du-savoir/chapitre-ier-economie-de-la-donnee/section-1-ouverture-des-donnees-publiques/sous-partie-1/opinion-d-hier-68,Yes,No,,,0,opinion68,VXNlcjp1c2VyNQ==,,"2018-02-20 00:00:00",,,opinion68,VXNlcjp1c2VyNQ==,,,"2018-02-20 00:00:00",opinion68,,,VXNlcjp1c2VyNQ==,No,,,,"2018-02-20 00:00:00","2018-02-20 00:00:00",Yes,0,opinion68,"Opinion d hier 68","Est est rerum voluptates autem ab ex. Dolor ut doloremque aut dolor autem. Qui id animi omnis.
Ut magni et eum quia repellendus. Veritatis a quia fuga. Officiis vel aut illo qui eos facere voluptas commodi. Placeat maiores nulla deleniti quia ea quia saepe. Id tenetur omnis itaque nemo. Nobis qui temporibus saepe reiciendis est. Excepturi aut iusto veniam repellat nihil.
","2018-02-20 00:00:00","2018-02-20 00:00:00"
opinion,opinion70,VXNlcjp1c2VyNQ==,"Sous-partie 1","Opinion d hier 70","Enim saepe nisi nisi. Et ut aperiam ut voluptatem eius. Est aut optio rerum dolorem et similique.
Dolores rerum sapiente pariatur mollitia dolore vel dolorem. Sint aperiam nihil doloribus fuga. Laudantium voluptate voluptatibus et laborum. Est ut sequi laboriosam aut. Sunt est laudantium ea eligendi deserunt totam voluptatem.
","2018-02-20 00:00:00","2018-02-20 00:00:00",https://capco.dev/consultations/projet-de-loi-renseignement/consultation/elaboration-de-la-loi/opinions/titre-ier-la-circulation-des-donnees-et-du-savoir/chapitre-ier-economie-de-la-donnee/section-1-ouverture-des-donnees-publiques/sous-partie-1/opinion-d-hier-70,Yes,No,,,0,0,0,0,0,0,0,0,0,,,opinion70,VXNlcjp1c2VyNQ==,,,"2018-02-20 00:00:00","2018-02-20 00:00:00",https://capco.dev/consultations/projet-de-loi-renseignement/consultation/elaboration-de-la-loi/opinions/titre-ier-la-circulation-des-donnees-et-du-savoir/chapitre-ier-economie-de-la-donnee/section-1-ouverture-des-donnees-publiques/sous-partie-1/opinion-d-hier-70,Yes,No,,,0,opinion70,VXNlcjp1c2VyNQ==,,"2018-02-20 00:00:00",,,opinion70,VXNlcjp1c2VyNQ==,,,"2018-02-20 00:00:00",opinion70,,,VXNlcjp1c2VyNQ==,No,,,,"2018-02-20 00:00:00","2018-02-20 00:00:00",Yes,0,opinion70,"Opinion d hier 70","Enim saepe nisi nisi. Et ut aperiam ut voluptatem eius. Est aut optio rerum dolorem et similique.
Dolores rerum sapiente pariatur mollitia dolore vel dolorem. Sint aperiam nihil doloribus fuga. Laudantium voluptate voluptatibus et laborum. Est ut sequi laboriosam aut. Sunt est laudantium ea eligendi deserunt totam voluptatem.
","2018-02-20 00:00:00","2018-02-20 00:00:00"
opinion,opinion71,VXNlcjp1c2VyNQ==,"Sous-partie 1","Opinion d hier 71","Consequatur sapiente repellendus iure voluptate voluptatem. Quia provident deleniti ipsum possimus.
Fugit eveniet aut voluptatibus rerum. Autem ut architecto et nemo rerum quae. Exercitationem fuga aperiam et sit saepe. Assumenda deserunt et libero est nihil rerum. Excepturi enim qui maiores est rerum voluptatem neque voluptatem.
","2018-02-20 00:00:00","2018-02-20 00:00:00",https://capco.dev/consultations/projet-de-loi-renseignement/consultation/elaboration-de-la-loi/opinions/titre-ier-la-circulation-des-donnees-et-du-savoir/chapitre-ier-economie-de-la-donnee/section-1-ouverture-des-donnees-publiques/sous-partie-1/opinion-d-hier-71,Yes,No,,,0,0,0,0,0,0,0,0,0,,,opinion71,VXNlcjp1c2VyNQ==,,,"2018-02-20 00:00:00","2018-02-20 00:00:00",https://capco.dev/consultations/projet-de-loi-renseignement/consultation/elaboration-de-la-loi/opinions/titre-ier-la-circulation-des-donnees-et-du-savoir/chapitre-ier-economie-de-la-donnee/section-1-ouverture-des-donnees-publiques/sous-partie-1/opinion-d-hier-71,Yes,No,,,0,opinion71,VXNlcjp1c2VyNQ==,,"2018-02-20 00:00:00",,,opinion71,VXNlcjp1c2VyNQ==,,,"2018-02-20 00:00:00",opinion71,,,VXNlcjp1c2VyNQ==,No,,,,"2018-02-20 00:00:00","2018-02-20 00:00:00",Yes,0,opinion71,"Opinion d hier 71","Consequatur sapiente repellendus iure voluptate voluptatem. Quia provident deleniti ipsum possimus.
Fugit eveniet aut voluptatibus rerum. Autem ut architecto et nemo rerum quae. Exercitationem fuga aperiam et sit saepe. Assumenda deserunt et libero est nihil rerum. Excepturi enim qui maiores est rerum voluptatem neque voluptatem.
","2018-02-20 00:00:00","2018-02-20 00:00:00"
opinion,opinion72,VXNlcjp1c2VyNQ==,"Sous-partie 1","Opinion d hier 72","Aspernatur est laboriosam totam. Omnis iusto dolorum eos ullam provident et et.
Reiciendis consequatur perspiciatis illo. Id sed saepe saepe impedit voluptas incidunt et mollitia. Voluptate cumque qui et voluptatem quasi. Vero eum et numquam et qui aspernatur sit.
","2018-02-20 00:00:00","2018-02-20 00:00:00",https://capco.dev/consultations/projet-de-loi-renseignement/consultation/elaboration-de-la-loi/opinions/titre-ier-la-circulation-des-donnees-et-du-savoir/chapitre-ier-economie-de-la-donnee/section-1-ouverture-des-donnees-publiques/sous-partie-1/opinion-d-hier-72,Yes,No,,,0,0,0,0,0,0,0,0,0,,,opinion72,VXNlcjp1c2VyNQ==,,,"2018-02-20 00:00:00","2018-02-20 00:00:00",https://capco.dev/consultations/projet-de-loi-renseignement/consultation/elaboration-de-la-loi/opinions/titre-ier-la-circulation-des-donnees-et-du-savoir/chapitre-ier-economie-de-la-donnee/section-1-ouverture-des-donnees-publiques/sous-partie-1/opinion-d-hier-72,Yes,No,,,0,opinion72,VXNlcjp1c2VyNQ==,,"2018-02-20 00:00:00",,,opinion72,VXNlcjp1c2VyNQ==,,,"2018-02-20 00:00:00",opinion72,,,VXNlcjp1c2VyNQ==,No,,,,"2018-02-20 00:00:00","2018-02-20 00:00:00",Yes,0,opinion72,"Opinion d hier 72","Aspernatur est laboriosam totam. Omnis iusto dolorum eos ullam provident et et.
Reiciendis consequatur perspiciatis illo. Id sed saepe saepe impedit voluptas incidunt et mollitia. Voluptate cumque qui et voluptatem quasi. Vero eum et numquam et qui aspernatur sit.
","2018-02-20 00:00:00","2018-02-20 00:00:00"
opinion,opinion73,VXNlcjp1c2VyNQ==,"Sous-partie 1","Opinion d hier 73","Sed voluptatem fuga ut at. Commodi deserunt architecto modi et nam beatae esse.
Voluptatem quaerat laborum quam enim. Voluptatum amet voluptates vel nihil vel aperiam. Et consequatur nulla asperiores animi illo dolorem impedit. Exercitationem cum architecto nam. Perspiciatis illo nulla dicta. Repellendus dolor autem iste quia consequatur accusantium.
","2018-02-20 00:00:00","2018-02-20 00:00:00",https://capco.dev/consultations/projet-de-loi-renseignement/consultation/elaboration-de-la-loi/opinions/titre-ier-la-circulation-des-donnees-et-du-savoir/chapitre-ier-economie-de-la-donnee/section-1-ouverture-des-donnees-publiques/sous-partie-1/opinion-d-hier-73,Yes,No,,,0,0,0,0,0,0,0,0,0,,,opinion73,VXNlcjp1c2VyNQ==,,,"2018-02-20 00:00:00","2018-02-20 00:00:00",https://capco.dev/consultations/projet-de-loi-renseignement/consultation/elaboration-de-la-loi/opinions/titre-ier-la-circulation-des-donnees-et-du-savoir/chapitre-ier-economie-de-la-donnee/section-1-ouverture-des-donnees-publiques/sous-partie-1/opinion-d-hier-73,Yes,No,,,0,opinion73,VXNlcjp1c2VyNQ==,,"2018-02-20 00:00:00",,,opinion73,VXNlcjp1c2VyNQ==,,,"2018-02-20 00:00:00",opinion73,,,VXNlcjp1c2VyNQ==,No,,,,"2018-02-20 00:00:00","2018-02-20 00:00:00",Yes,0,opinion73,"Opinion d hier 73","Sed voluptatem fuga ut at. Commodi deserunt architecto modi et nam beatae esse.
Voluptatem quaerat laborum quam enim. Voluptatum amet voluptates vel nihil vel aperiam. Et consequatur nulla asperiores animi illo dolorem impedit. Exercitationem cum architecto nam. Perspiciatis illo nulla dicta. Repellendus dolor autem iste quia consequatur accusantium.
","2018-02-20 00:00:00","2018-02-20 00:00:00"
