type,contributions_id,contributions_author_id,contributions_consultation_title,contributions_section_title,contributions_title,contributions_bodyText,contributions_createdAt,contributions_updatedAt,contributions_url,contributions_published,contributions_trashed,contributions_trashedStatus,contributions_trashedAt,contributions_trashedReason,contributions_votesCount,contributions_votesCountOk,contributions_votesCountMitige,contributions_votesCountNok,contributions_argumentsCount,contributions_argumentsCountFor,contributions_argumentsCountAgainst,contributions_sourcesCount,contributions_versionsCount,contributions_context_element_title,contributions_context_element_bodyText,contributions_votes_id,contributions_votes_related_id,contributions_votes_author_id,contributions_votes_value,contributions_votes_createdAt,contributions_arguments_related_id,contributions_arguments_related_kind,contributions_arguments_id,contributions_arguments_author_id,contributions_arguments_type,contributions_arguments_body,contributions_arguments_createdAt,contributions_arguments_updatedAt,contributions_arguments_url,contributions_arguments_published,contributions_arguments_trashed,contributions_arguments_trashedStatus,contributions_arguments_trashedAt,contributions_arguments_trashedReason,contributions_arguments_votesCount,contributions_reportings_related_id,contributions_reportings_related_kind,contributions_reportings_id,contributions_reportings_author_id,contributions_reportings_type,contributions_reportings_body,contributions_reportings_createdAt,contributions_sources_id,contributions_sources_related_id,contributions_sources_related_kind,contributions_sources_author_id,contributions_sources_trashed,contributions_sources_trashedStatus,contributions_sources_trashedAt,contributions_sources_trashedReason,contributions_sources_body,contributions_sources_createdAt,contributions_sources_updatedAt,contributions_sources_published,contributions_sources_votesCount,contribution_versions_id,contribution_versions_title,contribution_versions_bodyText,contribution_versions_createdAt,contribution_versions_updatedAt
opinion,opinion61,VXNlcjp1c2VyMg==,"Projet de loi","Sous-partie 1","Lié à article et épinglé","Magni voluptates harum modi tempore quis numquam. Est atque nulla rerum et aut aut fugit.","2018-03-01 12:00:00",,https://capco.dev/consultations/projet-de-loi-renseignement/consultation/elaboration-de-la-loi/opinions/chapitre-ier-economie-de-la-donnee/section-1-ouverture-des-donnees-publiques/sous-partie-1/lie-a-article-et-epingle,1,,,,,0,0,0,0,0,0,0,0,0,,,,,,,,,,,,,,,,,,,,,,,,,,,,,,,,,,,,,,,,,,,,,,,
opinion,opinion225,VXNlcjp1c2VyNQ==,"Projet de loi","Sous-partie 1","Opinion d hier 225","Magni voluptates harum modi tempore quis numquam. Est atque nulla rerum et aut aut fugit.","2019-04-01 03:45:00","2019-04-01 03:45:00",https://capco.dev/consultations/projet-de-loi-renseignement/consultation/elaboration-de-la-loi/opinions/chapitre-ier-economie-de-la-donnee/section-1-ouverture-des-donnees-publiques/sous-partie-1/opinion-d-hier-225,1,,,,,0,0,0,0,0,0,0,0,0,,,,,,,,,,,,,,,,,,,,,,,,,,,,,,,,,,,,,,,,,,,,,,,
opinion,opinion224,VXNlcjp1c2VyNQ==,"Projet de loi","Sous-partie 1","Opinion d hier 224","Magni voluptates harum modi tempore quis numquam. Est atque nulla rerum et aut aut fugit.","2019-04-01 03:44:00","2019-04-01 03:44:00",https://capco.dev/consultations/projet-de-loi-renseignement/consultation/elaboration-de-la-loi/opinions/chapitre-ier-economie-de-la-donnee/section-1-ouverture-des-donnees-publiques/sous-partie-1/opinion-d-hier-224,1,,,,,0,0,0,0,0,0,0,0,0,,,,,,,,,,,,,,,,,,,,,,,,,,,,,,,,,,,,,,,,,,,,,,,
opinion,opinion223,VXNlcjp1c2VyNQ==,"Projet de loi","Sous-partie 1","Opinion d hier 223","Magni voluptates harum modi tempore quis numquam. Est atque nulla rerum et aut aut fugit.","2019-04-01 03:43:00","2019-04-01 03:43:00",https://capco.dev/consultations/projet-de-loi-renseignement/consultation/elaboration-de-la-loi/opinions/chapitre-ier-economie-de-la-donnee/section-1-ouverture-des-donnees-publiques/sous-partie-1/opinion-d-hier-223,1,,,,,0,0,0,0,0,0,0,0,0,,,,,,,,,,,,,,,,,,,,,,,,,,,,,,,,,,,,,,,,,,,,,,,
opinion,opinion222,VXNlcjp1c2VyNQ==,"Projet de loi","Sous-partie 1","Opinion d hier 222","Magni voluptates harum modi tempore quis numquam. Est atque nulla rerum et aut aut fugit.","2019-04-01 03:42:00","2019-04-01 03:42:00",https://capco.dev/consultations/projet-de-loi-renseignement/consultation/elaboration-de-la-loi/opinions/chapitre-ier-economie-de-la-donnee/section-1-ouverture-des-donnees-publiques/sous-partie-1/opinion-d-hier-222,1,,,,,0,0,0,0,0,0,0,0,0,,,,,,,,,,,,,,,,,,,,,,,,,,,,,,,,,,,,,,,,,,,,,,,
opinion,opinion221,VXNlcjp1c2VyNQ==,"Projet de loi","Sous-partie 1","Opinion d hier 221","Magni voluptates harum modi tempore quis numquam. Est atque nulla rerum et aut aut fugit.","2019-04-01 03:41:00","2019-04-01 03:41:00",https://capco.dev/consultations/projet-de-loi-renseignement/consultation/elaboration-de-la-loi/opinions/chapitre-ier-economie-de-la-donnee/section-1-ouverture-des-donnees-publiques/sous-partie-1/opinion-d-hier-221,1,,,,,0,0,0,0,0,0,0,0,0,,,,,,,,,,,,,,,,,,,,,,,,,,,,,,,,,,,,,,,,,,,,,,,
opinion,opinion220,VXNlcjp1c2VyNQ==,"Projet de loi","Sous-partie 1","Opinion d hier 220","Magni voluptates harum modi tempore quis numquam. Est atque nulla rerum et aut aut fugit.","2019-04-01 03:40:00","2019-04-01 03:40:00",https://capco.dev/consultations/projet-de-loi-renseignement/consultation/elaboration-de-la-loi/opinions/chapitre-ier-economie-de-la-donnee/section-1-ouverture-des-donnees-publiques/sous-partie-1/opinion-d-hier-220,1,,,,,0,0,0,0,0,0,0,0,0,,,,,,,,,,,,,,,,,,,,,,,,,,,,,,,,,,,,,,,,,,,,,,,
opinion,opinion219,VXNlcjp1c2VyNQ==,"Projet de loi","Sous-partie 1","Opinion d hier 219","Magni voluptates harum modi tempore quis numquam. Est atque nulla rerum et aut aut fugit.","2019-04-01 03:39:00","2019-04-01 03:39:00",https://capco.dev/consultations/projet-de-loi-renseignement/consultation/elaboration-de-la-loi/opinions/chapitre-ier-economie-de-la-donnee/section-1-ouverture-des-donnees-publiques/sous-partie-1/opinion-d-hier-219,1,,,,,0,0,0,0,0,0,0,0,0,,,,,,,,,,,,,,,,,,,,,,,,,,,,,,,,,,,,,,,,,,,,,,,
opinion,opinion218,VXNlcjp1c2VyNQ==,"Projet de loi","Sous-partie 1","Opinion d hier 218","Magni voluptates harum modi tempore quis numquam. Est atque nulla rerum et aut aut fugit.","2019-04-01 03:38:00","2019-04-01 03:38:00",https://capco.dev/consultations/projet-de-loi-renseignement/consultation/elaboration-de-la-loi/opinions/chapitre-ier-economie-de-la-donnee/section-1-ouverture-des-donnees-publiques/sous-partie-1/opinion-d-hier-218,1,,,,,0,0,0,0,0,0,0,0,0,,,,,,,,,,,,,,,,,,,,,,,,,,,,,,,,,,,,,,,,,,,,,,,
opinion,opinion217,VXNlcjp1c2VyNQ==,"Projet de loi","Sous-partie 1","Opinion d hier 217","Magni voluptates harum modi tempore quis numquam. Est atque nulla rerum et aut aut fugit.","2019-04-01 03:37:00","2019-04-01 03:37:00",https://capco.dev/consultations/projet-de-loi-renseignement/consultation/elaboration-de-la-loi/opinions/chapitre-ier-economie-de-la-donnee/section-1-ouverture-des-donnees-publiques/sous-partie-1/opinion-d-hier-217,1,,,,,0,0,0,0,0,0,0,0,0,,,,,,,,,,,,,,,,,,,,,,,,,,,,,,,,,,,,,,,,,,,,,,,
opinion,opinion216,VXNlcjp1c2VyNQ==,"Projet de loi","Sous-partie 1","Opinion d hier 216","Magni voluptates harum modi tempore quis numquam. Est atque nulla rerum et aut aut fugit.","2019-04-01 03:36:00","2019-04-01 03:36:00",https://capco.dev/consultations/projet-de-loi-renseignement/consultation/elaboration-de-la-loi/opinions/chapitre-ier-economie-de-la-donnee/section-1-ouverture-des-donnees-publiques/sous-partie-1/opinion-d-hier-216,1,,,,,0,0,0,0,0,0,0,0,0,,,,,,,,,,,,,,,,,,,,,,,,,,,,,,,,,,,,,,,,,,,,,,,
opinion,opinion215,VXNlcjp1c2VyNQ==,"Projet de loi","Sous-partie 1","Opinion d hier 215","Magni voluptates harum modi tempore quis numquam. Est atque nulla rerum et aut aut fugit.","2019-04-01 03:35:00","2019-04-01 03:35:00",https://capco.dev/consultations/projet-de-loi-renseignement/consultation/elaboration-de-la-loi/opinions/chapitre-ier-economie-de-la-donnee/section-1-ouverture-des-donnees-publiques/sous-partie-1/opinion-d-hier-215,1,,,,,0,0,0,0,0,0,0,0,0,,,,,,,,,,,,,,,,,,,,,,,,,,,,,,,,,,,,,,,,,,,,,,,
opinion,opinion214,VXNlcjp1c2VyNQ==,"Projet de loi","Sous-partie 1","Opinion d hier 214","Magni voluptates harum modi tempore quis numquam. Est atque nulla rerum et aut aut fugit.","2019-04-01 03:34:00","2019-04-01 03:34:00",https://capco.dev/consultations/projet-de-loi-renseignement/consultation/elaboration-de-la-loi/opinions/chapitre-ier-economie-de-la-donnee/section-1-ouverture-des-donnees-publiques/sous-partie-1/opinion-d-hier-214,1,,,,,0,0,0,0,0,0,0,0,0,,,,,,,,,,,,,,,,,,,,,,,,,,,,,,,,,,,,,,,,,,,,,,,
opinion,opinion213,VXNlcjp1c2VyNQ==,"Projet de loi","Sous-partie 1","Opinion d hier 213","Magni voluptates harum modi tempore quis numquam. Est atque nulla rerum et aut aut fugit.","2019-04-01 03:33:00","2019-04-01 03:33:00",https://capco.dev/consultations/projet-de-loi-renseignement/consultation/elaboration-de-la-loi/opinions/chapitre-ier-economie-de-la-donnee/section-1-ouverture-des-donnees-publiques/sous-partie-1/opinion-d-hier-213,1,,,,,0,0,0,0,0,0,0,0,0,,,,,,,,,,,,,,,,,,,,,,,,,,,,,,,,,,,,,,,,,,,,,,,
opinion,opinion212,VXNlcjp1c2VyNQ==,"Projet de loi","Sous-partie 1","Opinion d hier 212","Magni voluptates harum modi tempore quis numquam. Est atque nulla rerum et aut aut fugit.","2019-04-01 03:32:00","2019-04-01 03:32:00",https://capco.dev/consultations/projet-de-loi-renseignement/consultation/elaboration-de-la-loi/opinions/chapitre-ier-economie-de-la-donnee/section-1-ouverture-des-donnees-publiques/sous-partie-1/opinion-d-hier-212,1,,,,,0,0,0,0,0,0,0,0,0,,,,,,,,,,,,,,,,,,,,,,,,,,,,,,,,,,,,,,,,,,,,,,,
opinion,opinion211,VXNlcjp1c2VyNQ==,"Projet de loi","Sous-partie 1","Opinion d hier 211","Magni voluptates harum modi tempore quis numquam. Est atque nulla rerum et aut aut fugit.","2019-04-01 03:31:00","2019-04-01 03:31:00",https://capco.dev/consultations/projet-de-loi-renseignement/consultation/elaboration-de-la-loi/opinions/chapitre-ier-economie-de-la-donnee/section-1-ouverture-des-donnees-publiques/sous-partie-1/opinion-d-hier-211,1,,,,,0,0,0,0,0,0,0,0,0,,,,,,,,,,,,,,,,,,,,,,,,,,,,,,,,,,,,,,,,,,,,,,,
opinion,opinion210,VXNlcjp1c2VyNQ==,"Projet de loi","Sous-partie 1","Opinion d hier 210","Magni voluptates harum modi tempore quis numquam. Est atque nulla rerum et aut aut fugit.","2019-04-01 03:30:00","2019-04-01 03:30:00",https://capco.dev/consultations/projet-de-loi-renseignement/consultation/elaboration-de-la-loi/opinions/chapitre-ier-economie-de-la-donnee/section-1-ouverture-des-donnees-publiques/sous-partie-1/opinion-d-hier-210,1,,,,,0,0,0,0,0,0,0,0,0,,,,,,,,,,,,,,,,,,,,,,,,,,,,,,,,,,,,,,,,,,,,,,,
opinion,opinion209,VXNlcjp1c2VyNQ==,"Projet de loi","Sous-partie 1","Opinion d hier 209","Magni voluptates harum modi tempore quis numquam. Est atque nulla rerum et aut aut fugit.","2019-04-01 03:29:00","2019-04-01 03:29:00",https://capco.dev/consultations/projet-de-loi-renseignement/consultation/elaboration-de-la-loi/opinions/chapitre-ier-economie-de-la-donnee/section-1-ouverture-des-donnees-publiques/sous-partie-1/opinion-d-hier-209,1,,,,,0,0,0,0,0,0,0,0,0,,,,,,,,,,,,,,,,,,,,,,,,,,,,,,,,,,,,,,,,,,,,,,,
opinion,opinion208,VXNlcjp1c2VyNQ==,"Projet de loi","Sous-partie 1","Opinion d hier 208","Magni voluptates harum modi tempore quis numquam. Est atque nulla rerum et aut aut fugit.","2019-04-01 03:28:00","2019-04-01 03:28:00",https://capco.dev/consultations/projet-de-loi-renseignement/consultation/elaboration-de-la-loi/opinions/chapitre-ier-economie-de-la-donnee/section-1-ouverture-des-donnees-publiques/sous-partie-1/opinion-d-hier-208,1,,,,,0,0,0,0,0,0,0,0,0,,,,,,,,,,,,,,,,,,,,,,,,,,,,,,,,,,,,,,,,,,,,,,,
opinion,opinion207,VXNlcjp1c2VyNQ==,"Projet de loi","Sous-partie 1","Opinion d hier 207","Magni voluptates harum modi tempore quis numquam. Est atque nulla rerum et aut aut fugit.","2019-04-01 03:27:00","2019-04-01 03:27:00",https://capco.dev/consultations/projet-de-loi-renseignement/consultation/elaboration-de-la-loi/opinions/chapitre-ier-economie-de-la-donnee/section-1-ouverture-des-donnees-publiques/sous-partie-1/opinion-d-hier-207,1,,,,,0,0,0,0,0,0,0,0,0,,,,,,,,,,,,,,,,,,,,,,,,,,,,,,,,,,,,,,,,,,,,,,,
opinion,opinion206,VXNlcjp1c2VyNQ==,"Projet de loi","Sous-partie 1","Opinion d hier 206","Magni voluptates harum modi tempore quis numquam. Est atque nulla rerum et aut aut fugit.","2019-04-01 03:26:00","2019-04-01 03:26:00",https://capco.dev/consultations/projet-de-loi-renseignement/consultation/elaboration-de-la-loi/opinions/chapitre-ier-economie-de-la-donnee/section-1-ouverture-des-donnees-publiques/sous-partie-1/opinion-d-hier-206,1,,,,,0,0,0,0,0,0,0,0,0,,,,,,,,,,,,,,,,,,,,,,,,,,,,,,,,,,,,,,,,,,,,,,,
opinion,opinion205,VXNlcjp1c2VyNQ==,"Projet de loi","Sous-partie 1","Opinion d hier 205","Magni voluptates harum modi tempore quis numquam. Est atque nulla rerum et aut aut fugit.","2019-04-01 03:25:00","2019-04-01 03:25:00",https://capco.dev/consultations/projet-de-loi-renseignement/consultation/elaboration-de-la-loi/opinions/chapitre-ier-economie-de-la-donnee/section-1-ouverture-des-donnees-publiques/sous-partie-1/opinion-d-hier-205,1,,,,,0,0,0,0,0,0,0,0,0,,,,,,,,,,,,,,,,,,,,,,,,,,,,,,,,,,,,,,,,,,,,,,,
opinion,opinion204,VXNlcjp1c2VyNQ==,"Projet de loi","Sous-partie 1","Opinion d hier 204","Magni voluptates harum modi tempore quis numquam. Est atque nulla rerum et aut aut fugit.","2019-04-01 03:24:00","2019-04-01 03:24:00",https://capco.dev/consultations/projet-de-loi-renseignement/consultation/elaboration-de-la-loi/opinions/chapitre-ier-economie-de-la-donnee/section-1-ouverture-des-donnees-publiques/sous-partie-1/opinion-d-hier-204,1,,,,,0,0,0,0,0,0,0,0,0,,,,,,,,,,,,,,,,,,,,,,,,,,,,,,,,,,,,,,,,,,,,,,,
opinion,opinion203,VXNlcjp1c2VyNQ==,"Projet de loi","Sous-partie 1","Opinion d hier 203","Magni voluptates harum modi tempore quis numquam. Est atque nulla rerum et aut aut fugit.","2019-04-01 03:23:00","2019-04-01 03:23:00",https://capco.dev/consultations/projet-de-loi-renseignement/consultation/elaboration-de-la-loi/opinions/chapitre-ier-economie-de-la-donnee/section-1-ouverture-des-donnees-publiques/sous-partie-1/opinion-d-hier-203,1,,,,,0,0,0,0,0,0,0,0,0,,,,,,,,,,,,,,,,,,,,,,,,,,,,,,,,,,,,,,,,,,,,,,,
opinion,opinion202,VXNlcjp1c2VyNQ==,"Projet de loi","Sous-partie 1","Opinion d hier 202","Magni voluptates harum modi tempore quis numquam. Est atque nulla rerum et aut aut fugit.","2019-04-01 03:22:00","2019-04-01 03:22:00",https://capco.dev/consultations/projet-de-loi-renseignement/consultation/elaboration-de-la-loi/opinions/chapitre-ier-economie-de-la-donnee/section-1-ouverture-des-donnees-publiques/sous-partie-1/opinion-d-hier-202,1,,,,,0,0,0,0,0,0,0,0,0,,,,,,,,,,,,,,,,,,,,,,,,,,,,,,,,,,,,,,,,,,,,,,,
opinion,opinion201,VXNlcjp1c2VyNQ==,"Projet de loi","Sous-partie 1","Opinion d hier 201","Magni voluptates harum modi tempore quis numquam. Est atque nulla rerum et aut aut fugit.","2019-04-01 03:21:00","2019-04-01 03:21:00",https://capco.dev/consultations/projet-de-loi-renseignement/consultation/elaboration-de-la-loi/opinions/chapitre-ier-economie-de-la-donnee/section-1-ouverture-des-donnees-publiques/sous-partie-1/opinion-d-hier-201,1,,,,,0,0,0,0,0,0,0,0,0,,,,,,,,,,,,,,,,,,,,,,,,,,,,,,,,,,,,,,,,,,,,,,,
opinion,opinion200,VXNlcjp1c2VyNQ==,"Projet de loi","Sous-partie 1","Opinion d hier 200","Magni voluptates harum modi tempore quis numquam. Est atque nulla rerum et aut aut fugit.","2019-04-01 03:20:00","2019-04-01 03:20:00",https://capco.dev/consultations/projet-de-loi-renseignement/consultation/elaboration-de-la-loi/opinions/chapitre-ier-economie-de-la-donnee/section-1-ouverture-des-donnees-publiques/sous-partie-1/opinion-d-hier-200,1,,,,,0,0,0,0,0,0,0,0,0,,,,,,,,,,,,,,,,,,,,,,,,,,,,,,,,,,,,,,,,,,,,,,,
opinion,opinion199,VXNlcjp1c2VyNQ==,"Projet de loi","Sous-partie 1","Opinion d hier 199","Magni voluptates harum modi tempore quis numquam. Est atque nulla rerum et aut aut fugit.","2019-04-01 03:19:00","2019-04-01 03:19:00",https://capco.dev/consultations/projet-de-loi-renseignement/consultation/elaboration-de-la-loi/opinions/chapitre-ier-economie-de-la-donnee/section-1-ouverture-des-donnees-publiques/sous-partie-1/opinion-d-hier-199,1,,,,,0,0,0,0,0,0,0,0,0,,,,,,,,,,,,,,,,,,,,,,,,,,,,,,,,,,,,,,,,,,,,,,,
opinion,opinion198,VXNlcjp1c2VyNQ==,"Projet de loi","Sous-partie 1","Opinion d hier 198","Magni voluptates harum modi tempore quis numquam. Est atque nulla rerum et aut aut fugit.","2019-04-01 03:18:00","2019-04-01 03:18:00",https://capco.dev/consultations/projet-de-loi-renseignement/consultation/elaboration-de-la-loi/opinions/chapitre-ier-economie-de-la-donnee/section-1-ouverture-des-donnees-publiques/sous-partie-1/opinion-d-hier-198,1,,,,,0,0,0,0,0,0,0,0,0,,,,,,,,,,,,,,,,,,,,,,,,,,,,,,,,,,,,,,,,,,,,,,,
opinion,opinion197,VXNlcjp1c2VyNQ==,"Projet de loi","Sous-partie 1","Opinion d hier 197","Magni voluptates harum modi tempore quis numquam. Est atque nulla rerum et aut aut fugit.","2019-04-01 03:17:00","2019-04-01 03:17:00",https://capco.dev/consultations/projet-de-loi-renseignement/consultation/elaboration-de-la-loi/opinions/chapitre-ier-economie-de-la-donnee/section-1-ouverture-des-donnees-publiques/sous-partie-1/opinion-d-hier-197,1,,,,,0,0,0,0,0,0,0,0,0,,,,,,,,,,,,,,,,,,,,,,,,,,,,,,,,,,,,,,,,,,,,,,,
opinion,opinion196,VXNlcjp1c2VyNQ==,"Projet de loi","Sous-partie 1","Opinion d hier 196","Magni voluptates harum modi tempore quis numquam. Est atque nulla rerum et aut aut fugit.","2019-04-01 03:16:00","2019-04-01 03:16:00",https://capco.dev/consultations/projet-de-loi-renseignement/consultation/elaboration-de-la-loi/opinions/chapitre-ier-economie-de-la-donnee/section-1-ouverture-des-donnees-publiques/sous-partie-1/opinion-d-hier-196,1,,,,,0,0,0,0,0,0,0,0,0,,,,,,,,,,,,,,,,,,,,,,,,,,,,,,,,,,,,,,,,,,,,,,,
opinion,opinion195,VXNlcjp1c2VyNQ==,"Projet de loi","Sous-partie 1","Opinion d hier 195","Magni voluptates harum modi tempore quis numquam. Est atque nulla rerum et aut aut fugit.","2019-04-01 03:15:00","2019-04-01 03:15:00",https://capco.dev/consultations/projet-de-loi-renseignement/consultation/elaboration-de-la-loi/opinions/chapitre-ier-economie-de-la-donnee/section-1-ouverture-des-donnees-publiques/sous-partie-1/opinion-d-hier-195,1,,,,,0,0,0,0,0,0,0,0,0,,,,,,,,,,,,,,,,,,,,,,,,,,,,,,,,,,,,,,,,,,,,,,,
opinion,opinion194,VXNlcjp1c2VyNQ==,"Projet de loi","Sous-partie 1","Opinion d hier 194","Magni voluptates harum modi tempore quis numquam. Est atque nulla rerum et aut aut fugit.","2019-04-01 03:14:00","2019-04-01 03:14:00",https://capco.dev/consultations/projet-de-loi-renseignement/consultation/elaboration-de-la-loi/opinions/chapitre-ier-economie-de-la-donnee/section-1-ouverture-des-donnees-publiques/sous-partie-1/opinion-d-hier-194,1,,,,,0,0,0,0,0,0,0,0,0,,,,,,,,,,,,,,,,,,,,,,,,,,,,,,,,,,,,,,,,,,,,,,,
opinion,opinion193,VXNlcjp1c2VyNQ==,"Projet de loi","Sous-partie 1","Opinion d hier 193","Magni voluptates harum modi tempore quis numquam. Est atque nulla rerum et aut aut fugit.","2019-04-01 03:13:00","2019-04-01 03:13:00",https://capco.dev/consultations/projet-de-loi-renseignement/consultation/elaboration-de-la-loi/opinions/chapitre-ier-economie-de-la-donnee/section-1-ouverture-des-donnees-publiques/sous-partie-1/opinion-d-hier-193,1,,,,,0,0,0,0,0,0,0,0,0,,,,,,,,,,,,,,,,,,,,,,,,,,,,,,,,,,,,,,,,,,,,,,,
opinion,opinion192,VXNlcjp1c2VyNQ==,"Projet de loi","Sous-partie 1","Opinion d hier 192","Magni voluptates harum modi tempore quis numquam. Est atque nulla rerum et aut aut fugit.","2019-04-01 03:12:00","2019-04-01 03:12:00",https://capco.dev/consultations/projet-de-loi-renseignement/consultation/elaboration-de-la-loi/opinions/chapitre-ier-economie-de-la-donnee/section-1-ouverture-des-donnees-publiques/sous-partie-1/opinion-d-hier-192,1,,,,,0,0,0,0,0,0,0,0,0,,,,,,,,,,,,,,,,,,,,,,,,,,,,,,,,,,,,,,,,,,,,,,,
opinion,opinion191,VXNlcjp1c2VyNQ==,"Projet de loi","Sous-partie 1","Opinion d hier 191","Magni voluptates harum modi tempore quis numquam. Est atque nulla rerum et aut aut fugit.","2019-04-01 03:11:00","2019-04-01 03:11:00",https://capco.dev/consultations/projet-de-loi-renseignement/consultation/elaboration-de-la-loi/opinions/chapitre-ier-economie-de-la-donnee/section-1-ouverture-des-donnees-publiques/sous-partie-1/opinion-d-hier-191,1,,,,,0,0,0,0,0,0,0,0,0,,,,,,,,,,,,,,,,,,,,,,,,,,,,,,,,,,,,,,,,,,,,,,,
opinion,opinion190,VXNlcjp1c2VyNQ==,"Projet de loi","Sous-partie 1","Opinion d hier 190","Magni voluptates harum modi tempore quis numquam. Est atque nulla rerum et aut aut fugit.","2019-04-01 03:10:00","2019-04-01 03:10:00",https://capco.dev/consultations/projet-de-loi-renseignement/consultation/elaboration-de-la-loi/opinions/chapitre-ier-economie-de-la-donnee/section-1-ouverture-des-donnees-publiques/sous-partie-1/opinion-d-hier-190,1,,,,,0,0,0,0,0,0,0,0,0,,,,,,,,,,,,,,,,,,,,,,,,,,,,,,,,,,,,,,,,,,,,,,,
opinion,opinion189,VXNlcjp1c2VyNQ==,"Projet de loi","Sous-partie 1","Opinion d hier 189","Magni voluptates harum modi tempore quis numquam. Est atque nulla rerum et aut aut fugit.","2019-04-01 03:09:00","2019-04-01 03:09:00",https://capco.dev/consultations/projet-de-loi-renseignement/consultation/elaboration-de-la-loi/opinions/chapitre-ier-economie-de-la-donnee/section-1-ouverture-des-donnees-publiques/sous-partie-1/opinion-d-hier-189,1,,,,,0,0,0,0,0,0,0,0,0,,,,,,,,,,,,,,,,,,,,,,,,,,,,,,,,,,,,,,,,,,,,,,,
opinion,opinion188,VXNlcjp1c2VyNQ==,"Projet de loi","Sous-partie 1","Opinion d hier 188","Magni voluptates harum modi tempore quis numquam. Est atque nulla rerum et aut aut fugit.","2019-04-01 03:08:00","2019-04-01 03:08:00",https://capco.dev/consultations/projet-de-loi-renseignement/consultation/elaboration-de-la-loi/opinions/chapitre-ier-economie-de-la-donnee/section-1-ouverture-des-donnees-publiques/sous-partie-1/opinion-d-hier-188,1,,,,,0,0,0,0,0,0,0,0,0,,,,,,,,,,,,,,,,,,,,,,,,,,,,,,,,,,,,,,,,,,,,,,,
opinion,opinion187,VXNlcjp1c2VyNQ==,"Projet de loi","Sous-partie 1","Opinion d hier 187","Magni voluptates harum modi tempore quis numquam. Est atque nulla rerum et aut aut fugit.","2019-04-01 03:07:00","2019-04-01 03:07:00",https://capco.dev/consultations/projet-de-loi-renseignement/consultation/elaboration-de-la-loi/opinions/chapitre-ier-economie-de-la-donnee/section-1-ouverture-des-donnees-publiques/sous-partie-1/opinion-d-hier-187,1,,,,,0,0,0,0,0,0,0,0,0,,,,,,,,,,,,,,,,,,,,,,,,,,,,,,,,,,,,,,,,,,,,,,,
opinion,opinion186,VXNlcjp1c2VyNQ==,"Projet de loi","Sous-partie 1","Opinion d hier 186","Magni voluptates harum modi tempore quis numquam. Est atque nulla rerum et aut aut fugit.","2019-04-01 03:06:00","2019-04-01 03:06:00",https://capco.dev/consultations/projet-de-loi-renseignement/consultation/elaboration-de-la-loi/opinions/chapitre-ier-economie-de-la-donnee/section-1-ouverture-des-donnees-publiques/sous-partie-1/opinion-d-hier-186,1,,,,,0,0,0,0,0,0,0,0,0,,,,,,,,,,,,,,,,,,,,,,,,,,,,,,,,,,,,,,,,,,,,,,,
opinion,opinion185,VXNlcjp1c2VyNQ==,"Projet de loi","Sous-partie 1","Opinion d hier 185","Magni voluptates harum modi tempore quis numquam. Est atque nulla rerum et aut aut fugit.","2019-04-01 03:05:00","2019-04-01 03:05:00",https://capco.dev/consultations/projet-de-loi-renseignement/consultation/elaboration-de-la-loi/opinions/chapitre-ier-economie-de-la-donnee/section-1-ouverture-des-donnees-publiques/sous-partie-1/opinion-d-hier-185,1,,,,,0,0,0,0,0,0,0,0,0,,,,,,,,,,,,,,,,,,,,,,,,,,,,,,,,,,,,,,,,,,,,,,,
opinion,opinion184,VXNlcjp1c2VyNQ==,"Projet de loi","Sous-partie 1","Opinion d hier 184","Magni voluptates harum modi tempore quis numquam. Est atque nulla rerum et aut aut fugit.","2019-04-01 03:04:00","2019-04-01 03:04:00",https://capco.dev/consultations/projet-de-loi-renseignement/consultation/elaboration-de-la-loi/opinions/chapitre-ier-economie-de-la-donnee/section-1-ouverture-des-donnees-publiques/sous-partie-1/opinion-d-hier-184,1,,,,,0,0,0,0,0,0,0,0,0,,,,,,,,,,,,,,,,,,,,,,,,,,,,,,,,,,,,,,,,,,,,,,,
opinion,opinion183,VXNlcjp1c2VyNQ==,"Projet de loi","Sous-partie 1","Opinion d hier 183","Magni voluptates harum modi tempore quis numquam. Est atque nulla rerum et aut aut fugit.","2019-04-01 03:03:00","2019-04-01 03:03:00",https://capco.dev/consultations/projet-de-loi-renseignement/consultation/elaboration-de-la-loi/opinions/chapitre-ier-economie-de-la-donnee/section-1-ouverture-des-donnees-publiques/sous-partie-1/opinion-d-hier-183,1,,,,,0,0,0,0,0,0,0,0,0,,,,,,,,,,,,,,,,,,,,,,,,,,,,,,,,,,,,,,,,,,,,,,,
opinion,opinion182,VXNlcjp1c2VyNQ==,"Projet de loi","Sous-partie 1","Opinion d hier 182","Magni voluptates harum modi tempore quis numquam. Est atque nulla rerum et aut aut fugit.","2019-04-01 03:02:00","2019-04-01 03:02:00",https://capco.dev/consultations/projet-de-loi-renseignement/consultation/elaboration-de-la-loi/opinions/chapitre-ier-economie-de-la-donnee/section-1-ouverture-des-donnees-publiques/sous-partie-1/opinion-d-hier-182,1,,,,,0,0,0,0,0,0,0,0,0,,,,,,,,,,,,,,,,,,,,,,,,,,,,,,,,,,,,,,,,,,,,,,,
opinion,opinion181,VXNlcjp1c2VyNQ==,"Projet de loi","Sous-partie 1","Opinion d hier 181","Magni voluptates harum modi tempore quis numquam. Est atque nulla rerum et aut aut fugit.","2019-04-01 03:01:00","2019-04-01 03:01:00",https://capco.dev/consultations/projet-de-loi-renseignement/consultation/elaboration-de-la-loi/opinions/chapitre-ier-economie-de-la-donnee/section-1-ouverture-des-donnees-publiques/sous-partie-1/opinion-d-hier-181,1,,,,,0,0,0,0,0,0,0,0,0,,,,,,,,,,,,,,,,,,,,,,,,,,,,,,,,,,,,,,,,,,,,,,,
opinion,opinion180,VXNlcjp1c2VyNQ==,"Projet de loi","Sous-partie 1","Opinion d hier 180","Magni voluptates harum modi tempore quis numquam. Est atque nulla rerum et aut aut fugit.","2019-04-01 03:00:00","2019-04-01 03:00:00",https://capco.dev/consultations/projet-de-loi-renseignement/consultation/elaboration-de-la-loi/opinions/chapitre-ier-economie-de-la-donnee/section-1-ouverture-des-donnees-publiques/sous-partie-1/opinion-d-hier-180,1,,,,,0,0,0,0,0,0,0,0,0,,,,,,,,,,,,,,,,,,,,,,,,,,,,,,,,,,,,,,,,,,,,,,,
opinion,opinion179,VXNlcjp1c2VyNQ==,"Projet de loi","Sous-partie 1","Opinion d hier 179","Magni voluptates harum modi tempore quis numquam. Est atque nulla rerum et aut aut fugit.","2019-04-01 02:59:00","2019-04-01 02:59:00",https://capco.dev/consultations/projet-de-loi-renseignement/consultation/elaboration-de-la-loi/opinions/chapitre-ier-economie-de-la-donnee/section-1-ouverture-des-donnees-publiques/sous-partie-1/opinion-d-hier-179,1,,,,,0,0,0,0,0,0,0,0,0,,,,,,,,,,,,,,,,,,,,,,,,,,,,,,,,,,,,,,,,,,,,,,,
opinion,opinion178,VXNlcjp1c2VyNQ==,"Projet de loi","Sous-partie 1","Opinion d hier 178","Magni voluptates harum modi tempore quis numquam. Est atque nulla rerum et aut aut fugit.","2019-04-01 02:58:00","2019-04-01 02:58:00",https://capco.dev/consultations/projet-de-loi-renseignement/consultation/elaboration-de-la-loi/opinions/chapitre-ier-economie-de-la-donnee/section-1-ouverture-des-donnees-publiques/sous-partie-1/opinion-d-hier-178,1,,,,,0,0,0,0,0,0,0,0,0,,,,,,,,,,,,,,,,,,,,,,,,,,,,,,,,,,,,,,,,,,,,,,,
opinion,opinion177,VXNlcjp1c2VyNQ==,"Projet de loi","Sous-partie 1","Opinion d hier 177","Magni voluptates harum modi tempore quis numquam. Est atque nulla rerum et aut aut fugit.","2019-04-01 02:57:00","2019-04-01 02:57:00",https://capco.dev/consultations/projet-de-loi-renseignement/consultation/elaboration-de-la-loi/opinions/chapitre-ier-economie-de-la-donnee/section-1-ouverture-des-donnees-publiques/sous-partie-1/opinion-d-hier-177,1,,,,,0,0,0,0,0,0,0,0,0,,,,,,,,,,,,,,,,,,,,,,,,,,,,,,,,,,,,,,,,,,,,,,,
opinion,opinion176,VXNlcjp1c2VyNQ==,"Projet de loi","Sous-partie 1","Opinion d hier 176","Magni voluptates harum modi tempore quis numquam. Est atque nulla rerum et aut aut fugit.","2019-04-01 02:56:00","2019-04-01 02:56:00",https://capco.dev/consultations/projet-de-loi-renseignement/consultation/elaboration-de-la-loi/opinions/chapitre-ier-economie-de-la-donnee/section-1-ouverture-des-donnees-publiques/sous-partie-1/opinion-d-hier-176,1,,,,,0,0,0,0,0,0,0,0,0,,,,,,,,,,,,,,,,,,,,,,,,,,,,,,,,,,,,,,,,,,,,,,,
opinion,opinion80,VXNlcjp1c2VyMQ==,"Projet de loi","Section 1","Opinion mis a la corbeille hier 80","Magni voluptates harum modi tempore quis numquam. Est atque nulla rerum et aut aut fugit.","2018-04-01 01:20:00","2018-04-01 01:20:00",https://capco.dev/consultations/projet-de-loi-renseignement/consultation/elaboration-de-la-loi/opinions/chapitre-ier-economie-de-la-donnee/section-1-ouverture-des-donnees-publiques/opinion-mis-a-la-corbeille-hier-80,1,1,VISIBLE,"2018-04-20 00:00:00",reporting.status.spam,0,0,0,0,0,0,0,0,0,,,,,,,,,,,,,,,,,,,,,,,,,,,,,,,,,,,,,,,,,,,,,,,
opinion,opinion79,VXNlcjp1c2VyMQ==,"Projet de loi","Section 1","Opinion mis a la corbeille hier 79","Magni voluptates harum modi tempore quis numquam. Est atque nulla rerum et aut aut fugit.","2018-04-01 01:19:00","2018-04-01 01:19:00",https://capco.dev/consultations/projet-de-loi-renseignement/consultation/elaboration-de-la-loi/opinions/chapitre-ier-economie-de-la-donnee/section-1-ouverture-des-donnees-publiques/opinion-mis-a-la-corbeille-hier-79,1,1,VISIBLE,"2018-04-20 00:00:00",reporting.status.spam,0,0,0,0,0,0,0,0,0,,,,,,,,,,,,,,,,,,,,,,,,,,,,,,,,,,,,,,,,,,,,,,,
opinion,opinion78,VXNlcjp1c2VyMQ==,"Projet de loi","Section 1","Opinion mis a la corbeille hier 78","Magni voluptates harum modi tempore quis numquam. Est atque nulla rerum et aut aut fugit.","2018-04-01 01:18:00","2018-04-01 01:18:00",https://capco.dev/consultations/projet-de-loi-renseignement/consultation/elaboration-de-la-loi/opinions/chapitre-ier-economie-de-la-donnee/section-1-ouverture-des-donnees-publiques/opinion-mis-a-la-corbeille-hier-78,1,1,VISIBLE,"2018-04-20 00:00:00",reporting.status.spam,0,0,0,0,0,0,0,0,0,,,,,,,,,,,,,,,,,,,,,,,,,,,,,,,,,,,,,,,,,,,,,,,
opinion,opinion77,VXNlcjp1c2VyMQ==,"Projet de loi","Section 1","Opinion mis a la corbeille hier 77","Magni voluptates harum modi tempore quis numquam. Est atque nulla rerum et aut aut fugit.","2018-04-01 01:17:00","2018-04-01 01:17:00",https://capco.dev/consultations/projet-de-loi-renseignement/consultation/elaboration-de-la-loi/opinions/chapitre-ier-economie-de-la-donnee/section-1-ouverture-des-donnees-publiques/opinion-mis-a-la-corbeille-hier-77,1,1,VISIBLE,"2018-04-20 00:00:00",reporting.status.spam,0,0,0,0,0,0,0,0,0,,,,,,,,,,,,,,,,,,,,,,,,,,,,,,,,,,,,,,,,,,,,,,,
opinion,opinion76,VXNlcjp1c2VyMQ==,"Projet de loi","Section 1","Opinion mis a la corbeille hier 76","Magni voluptates harum modi tempore quis numquam. Est atque nulla rerum et aut aut fugit.","2018-04-01 01:16:00","2018-04-01 01:16:00",https://capco.dev/consultations/projet-de-loi-renseignement/consultation/elaboration-de-la-loi/opinions/chapitre-ier-economie-de-la-donnee/section-1-ouverture-des-donnees-publiques/opinion-mis-a-la-corbeille-hier-76,1,1,VISIBLE,"2018-04-20 00:00:00",reporting.status.spam,0,0,0,0,0,0,0,0,0,,,,,,,,,,,,,,,,,,,,,,,,,,,,,,,,,,,,,,,,,,,,,,,
opinion,opinion75,VXNlcjp1c2VyMQ==,"Projet de loi","Section 1","Opinion mis a la corbeille hier 75","Magni voluptates harum modi tempore quis numquam. Est atque nulla rerum et aut aut fugit.","2018-04-01 01:15:00","2018-04-01 01:15:00",https://capco.dev/consultations/projet-de-loi-renseignement/consultation/elaboration-de-la-loi/opinions/chapitre-ier-economie-de-la-donnee/section-1-ouverture-des-donnees-publiques/opinion-mis-a-la-corbeille-hier-75,1,1,VISIBLE,"2018-04-20 00:00:00",reporting.status.spam,0,0,0,0,0,0,0,0,0,,,,,,,,,,,,,,,,,,,,,,,,,,,,,,,,,,,,,,,,,,,,,,,
opinion,opinion74,VXNlcjp1c2VyMQ==,"Projet de loi","Section 1","Opinion mis a la corbeille hier 74","Magni voluptates harum modi tempore quis numquam. Est atque nulla rerum et aut aut fugit.","2018-04-01 01:14:00","2018-04-01 01:14:00",https://capco.dev/consultations/projet-de-loi-renseignement/consultation/elaboration-de-la-loi/opinions/chapitre-ier-economie-de-la-donnee/section-1-ouverture-des-donnees-publiques/opinion-mis-a-la-corbeille-hier-74,1,1,VISIBLE,"2018-04-20 00:00:00",reporting.status.spam,0,0,0,0,0,0,0,0,0,,,,,,,,,,,,,,,,,,,,,,,,,,,,,,,,,,,,,,,,,,,,,,,
opinion,opinion73,VXNlcjp1c2VyNQ==,"Projet de loi","Sous-partie 1","Opinion d hier 73","Magni voluptates harum modi tempore quis numquam. Est atque nulla rerum et aut aut fugit.","2018-04-01 01:13:00","2018-04-01 01:13:00",https://capco.dev/consultations/projet-de-loi-renseignement/consultation/elaboration-de-la-loi/opinions/chapitre-ier-economie-de-la-donnee/section-1-ouverture-des-donnees-publiques/sous-partie-1/opinion-d-hier-73,1,,,,,0,0,0,0,0,0,0,0,0,,,,,,,,,,,,,,,,,,,,,,,,,,,,,,,,,,,,,,,,,,,,,,,
opinion,opinion72,VXNlcjp1c2VyNQ==,"Projet de loi","Sous-partie 1","Opinion d hier 72","Magni voluptates harum modi tempore quis numquam. Est atque nulla rerum et aut aut fugit.","2018-04-01 01:12:00","2018-04-01 01:12:00",https://capco.dev/consultations/projet-de-loi-renseignement/consultation/elaboration-de-la-loi/opinions/chapitre-ier-economie-de-la-donnee/section-1-ouverture-des-donnees-publiques/sous-partie-1/opinion-d-hier-72,1,,,,,0,0,0,0,0,0,0,0,0,,,,,,,,,,,,,,,,,,,,,,,,,,,,,,,,,,,,,,,,,,,,,,,
opinion,opinion71,VXNlcjp1c2VyNQ==,"Projet de loi","Sous-partie 1","Opinion d hier 71","Magni voluptates harum modi tempore quis numquam. Est atque nulla rerum et aut aut fugit.","2018-04-01 01:11:00","2018-04-01 01:11:00",https://capco.dev/consultations/projet-de-loi-renseignement/consultation/elaboration-de-la-loi/opinions/chapitre-ier-economie-de-la-donnee/section-1-ouverture-des-donnees-publiques/sous-partie-1/opinion-d-hier-71,1,,,,,0,0,0,0,0,0,0,0,0,,,,,,,,,,,,,,,,,,,,,,,,,,,,,,,,,,,,,,,,,,,,,,,
opinion,opinion70,VXNlcjp1c2VyNQ==,"Projet de loi","Sous-partie 1","Opinion d hier 70","Magni voluptates harum modi tempore quis numquam. Est atque nulla rerum et aut aut fugit.","2018-04-01 01:10:00","2018-04-01 01:10:00",https://capco.dev/consultations/projet-de-loi-renseignement/consultation/elaboration-de-la-loi/opinions/chapitre-ier-economie-de-la-donnee/section-1-ouverture-des-donnees-publiques/sous-partie-1/opinion-d-hier-70,1,,,,,0,0,0,0,0,0,0,0,0,,,,,,,,,,,,,,,,,,,,,,,,,,,,,,,,,,,,,,,,,,,,,,,
opinion,opinion69,VXNlcjp1c2VyNQ==,"Projet de loi","Sous-partie 1","Opinion d hier 69","Magni voluptates harum modi tempore quis numquam. Est atque nulla rerum et aut aut fugit.","2018-04-01 01:09:00","2018-04-01 01:09:00",https://capco.dev/consultations/projet-de-loi-renseignement/consultation/elaboration-de-la-loi/opinions/chapitre-ier-economie-de-la-donnee/section-1-ouverture-des-donnees-publiques/sous-partie-1/opinion-d-hier-69,1,,,,,29,0,0,29,38,0,38,0,0,,,,,,,,,,,,,,,,,,,,,,,,,,,,,,,,,,,,,,,,,,,,,,,
vote,,,,,,,,,,,,,,,,,,,,,,,,,,T3BpbmlvblZvdGU6NTI=,opinion69,VXNlcjp1c2VyNTI=,NO,"2015-03-01 00:00:00",,,,,,,,,,,,,,,,,,,,,,,,,,,,,,,,,,,,,,,,
vote,,,,,,,,,,,,,,,,,,,,,,,,,,T3BpbmlvblZvdGU6NTM=,opinion69,VXNlcjp1c2VyNTM=,NO,"2015-03-01 00:00:00",,,,,,,,,,,,,,,,,,,,,,,,,,,,,,,,,,,,,,,,
vote,,,,,,,,,,,,,,,,,,,,,,,,,,T3BpbmlvblZvdGU6NTQ=,opinion69,VXNlcjp1c2VyNTQ=,NO,"2015-03-01 00:00:00",,,,,,,,,,,,,,,,,,,,,,,,,,,,,,,,,,,,,,,,
vote,,,,,,,,,,,,,,,,,,,,,,,,,,T3BpbmlvblZvdGU6NTU=,opinion69,VXNlcjp1c2VyNTU=,NO,"2015-03-01 00:00:00",,,,,,,,,,,,,,,,,,,,,,,,,,,,,,,,,,,,,,,,
vote,,,,,,,,,,,,,,,,,,,,,,,,,,T3BpbmlvblZvdGU6NTY=,opinion69,VXNlcjp1c2VyNTY=,NO,"2015-03-01 00:00:00",,,,,,,,,,,,,,,,,,,,,,,,,,,,,,,,,,,,,,,,
vote,,,,,,,,,,,,,,,,,,,,,,,,,,T3BpbmlvblZvdGU6NTc=,opinion69,VXNlcjp1c2VyNTc=,NO,"2015-03-01 00:00:00",,,,,,,,,,,,,,,,,,,,,,,,,,,,,,,,,,,,,,,,
vote,,,,,,,,,,,,,,,,,,,,,,,,,,T3BpbmlvblZvdGU6NTg=,opinion69,VXNlcjp1c2VyNTg=,NO,"2015-03-01 00:00:00",,,,,,,,,,,,,,,,,,,,,,,,,,,,,,,,,,,,,,,,
vote,,,,,,,,,,,,,,,,,,,,,,,,,,T3BpbmlvblZvdGU6NTk=,opinion69,VXNlcjp1c2VyNTk=,NO,"2015-03-01 00:00:00",,,,,,,,,,,,,,,,,,,,,,,,,,,,,,,,,,,,,,,,
vote,,,,,,,,,,,,,,,,,,,,,,,,,,T3BpbmlvblZvdGU6NjA=,opinion69,VXNlcjp1c2VyNjA=,NO,"2015-03-01 00:00:00",,,,,,,,,,,,,,,,,,,,,,,,,,,,,,,,,,,,,,,,
vote,,,,,,,,,,,,,,,,,,,,,,,,,,T3BpbmlvblZvdGU6NjE=,opinion69,VXNlcjp1c2VyNjE=,NO,"2015-03-01 00:00:00",,,,,,,,,,,,,,,,,,,,,,,,,,,,,,,,,,,,,,,,
vote,,,,,,,,,,,,,,,,,,,,,,,,,,T3BpbmlvblZvdGU6NjI=,opinion69,VXNlcjp1c2VyNjI=,NO,"2015-03-01 00:00:00",,,,,,,,,,,,,,,,,,,,,,,,,,,,,,,,,,,,,,,,
vote,,,,,,,,,,,,,,,,,,,,,,,,,,T3BpbmlvblZvdGU6NjM=,opinion69,VXNlcjp1c2VyNjM=,NO,"2015-03-01 00:00:00",,,,,,,,,,,,,,,,,,,,,,,,,,,,,,,,,,,,,,,,
vote,,,,,,,,,,,,,,,,,,,,,,,,,,T3BpbmlvblZvdGU6NjQ=,opinion69,VXNlcjp1c2VyNjQ=,NO,"2015-03-01 00:00:00",,,,,,,,,,,,,,,,,,,,,,,,,,,,,,,,,,,,,,,,
vote,,,,,,,,,,,,,,,,,,,,,,,,,,T3BpbmlvblZvdGU6NjU=,opinion69,VXNlcjp1c2VyNjU=,NO,"2015-03-01 00:00:00",,,,,,,,,,,,,,,,,,,,,,,,,,,,,,,,,,,,,,,,
vote,,,,,,,,,,,,,,,,,,,,,,,,,,T3BpbmlvblZvdGU6NjY=,opinion69,VXNlcjp1c2VyNjY=,NO,"2015-03-01 00:00:00",,,,,,,,,,,,,,,,,,,,,,,,,,,,,,,,,,,,,,,,
vote,,,,,,,,,,,,,,,,,,,,,,,,,,T3BpbmlvblZvdGU6Njc=,opinion69,VXNlcjp1c2VyNjc=,NO,"2015-03-01 00:00:00",,,,,,,,,,,,,,,,,,,,,,,,,,,,,,,,,,,,,,,,
vote,,,,,,,,,,,,,,,,,,,,,,,,,,T3BpbmlvblZvdGU6Njg=,opinion69,VXNlcjp1c2VyNjg=,NO,"2015-03-01 00:00:00",,,,,,,,,,,,,,,,,,,,,,,,,,,,,,,,,,,,,,,,
vote,,,,,,,,,,,,,,,,,,,,,,,,,,T3BpbmlvblZvdGU6Njk=,opinion69,VXNlcjp1c2VyNjk=,NO,"2015-03-01 00:00:00",,,,,,,,,,,,,,,,,,,,,,,,,,,,,,,,,,,,,,,,
vote,,,,,,,,,,,,,,,,,,,,,,,,,,T3BpbmlvblZvdGU6NzA=,opinion69,VXNlcjp1c2VyNzA=,NO,"2015-03-01 00:00:00",,,,,,,,,,,,,,,,,,,,,,,,,,,,,,,,,,,,,,,,
vote,,,,,,,,,,,,,,,,,,,,,,,,,,T3BpbmlvblZvdGU6NzE=,opinion69,VXNlcjp1c2VyNzE=,NO,"2015-03-01 00:00:00",,,,,,,,,,,,,,,,,,,,,,,,,,,,,,,,,,,,,,,,
vote,,,,,,,,,,,,,,,,,,,,,,,,,,T3BpbmlvblZvdGU6NzI=,opinion69,VXNlcjp1c2VyNzI=,NO,"2015-03-01 00:00:00",,,,,,,,,,,,,,,,,,,,,,,,,,,,,,,,,,,,,,,,
vote,,,,,,,,,,,,,,,,,,,,,,,,,,T3BpbmlvblZvdGU6NzM=,opinion69,VXNlcjp1c2VyNzM=,NO,"2015-03-01 00:00:00",,,,,,,,,,,,,,,,,,,,,,,,,,,,,,,,,,,,,,,,
vote,,,,,,,,,,,,,,,,,,,,,,,,,,T3BpbmlvblZvdGU6NzQ=,opinion69,VXNlcjp1c2VyNzQ=,NO,"2015-03-01 00:00:00",,,,,,,,,,,,,,,,,,,,,,,,,,,,,,,,,,,,,,,,
vote,,,,,,,,,,,,,,,,,,,,,,,,,,T3BpbmlvblZvdGU6NzU=,opinion69,VXNlcjp1c2VyNzU=,NO,"2015-03-01 00:00:00",,,,,,,,,,,,,,,,,,,,,,,,,,,,,,,,,,,,,,,,
vote,,,,,,,,,,,,,,,,,,,,,,,,,,T3BpbmlvblZvdGU6NzY=,opinion69,VXNlcjp1c2VyNzY=,NO,"2015-03-01 00:00:00",,,,,,,,,,,,,,,,,,,,,,,,,,,,,,,,,,,,,,,,
vote,,,,,,,,,,,,,,,,,,,,,,,,,,T3BpbmlvblZvdGU6Nzc=,opinion69,VXNlcjp1c2VyNzc=,NO,"2015-03-01 00:00:00",,,,,,,,,,,,,,,,,,,,,,,,,,,,,,,,,,,,,,,,
vote,,,,,,,,,,,,,,,,,,,,,,,,,,T3BpbmlvblZvdGU6Nzg=,opinion69,VXNlcjp1c2VyNzg=,NO,"2015-03-01 00:00:00",,,,,,,,,,,,,,,,,,,,,,,,,,,,,,,,,,,,,,,,
vote,,,,,,,,,,,,,,,,,,,,,,,,,,T3BpbmlvblZvdGU6Nzk=,opinion69,VXNlcjp1c2VyNzk=,NO,"2015-03-01 00:00:00",,,,,,,,,,,,,,,,,,,,,,,,,,,,,,,,,,,,,,,,
vote,,,,,,,,,,,,,,,,,,,,,,,,,,T3BpbmlvblZvdGU6ODA=,opinion69,VXNlcjp1c2VyODA=,NO,"2015-03-01 00:00:00",,,,,,,,,,,,,,,,,,,,,,,,,,,,,,,,,,,,,,,,
argument,,,,,,,,,,,,,,,,,,,,,,,,,,,,,,,opinion69,opinion,argument250,VXNlcjp1c2VyMw==,AGAINST,"<p>Quaerat quia sunt impedit labore minima fugiat praesentium. Occaecati ad sunt officia rerum ex enim necessitatibus.</p>","2019-11-06 00:00:00","2019-11-06 00:00:00",https://capco.dev/consultations/projet-de-loi-renseignement/consultation/elaboration-de-la-loi/opinions/chapitre-ier-economie-de-la-donnee/section-1-ouverture-des-donnees-publiques/sous-partie-1/opinion-d-hier-69#arg-argument250,1,,,,,0,,,,,,,,,,,,,,,,,,,,,,,,,
argument,,,,,,,,,,,,,,,,,,,,,,,,,,,,,,,opinion69,opinion,argument249,VXNlcjp1c2VyMw==,AGAINST,"<p>Quaerat quia sunt impedit labore minima fugiat praesentium. Occaecati ad sunt officia rerum ex enim necessitatibus.</p>","2019-11-05 00:00:00","2019-11-05 00:00:00",https://capco.dev/consultations/projet-de-loi-renseignement/consultation/elaboration-de-la-loi/opinions/chapitre-ier-economie-de-la-donnee/section-1-ouverture-des-donnees-publiques/sous-partie-1/opinion-d-hier-69#arg-argument249,1,,,,,0,,,,,,,,,,,,,,,,,,,,,,,,,
argument,,,,,,,,,,,,,,,,,,,,,,,,,,,,,,,opinion69,opinion,argument248,VXNlcjp1c2VyMw==,AGAINST,"<p>Quaerat quia sunt impedit labore minima fugiat praesentium. Occaecati ad sunt officia rerum ex enim necessitatibus.</p>","2019-11-04 00:00:00","2019-11-04 00:00:00",https://capco.dev/consultations/projet-de-loi-renseignement/consultation/elaboration-de-la-loi/opinions/chapitre-ier-economie-de-la-donnee/section-1-ouverture-des-donnees-publiques/sous-partie-1/opinion-d-hier-69#arg-argument248,1,,,,,0,,,,,,,,,,,,,,,,,,,,,,,,,
argument,,,,,,,,,,,,,,,,,,,,,,,,,,,,,,,opinion69,opinion,argument247,VXNlcjp1c2VyMw==,AGAINST,"<p>Quaerat quia sunt impedit labore minima fugiat praesentium. Occaecati ad sunt officia rerum ex enim necessitatibus.</p>","2019-11-03 00:00:00","2019-11-03 00:00:00",https://capco.dev/consultations/projet-de-loi-renseignement/consultation/elaboration-de-la-loi/opinions/chapitre-ier-economie-de-la-donnee/section-1-ouverture-des-donnees-publiques/sous-partie-1/opinion-d-hier-69#arg-argument247,1,,,,,0,,,,,,,,,,,,,,,,,,,,,,,,,
argument,,,,,,,,,,,,,,,,,,,,,,,,,,,,,,,opinion69,opinion,argument246,VXNlcjp1c2VyMw==,AGAINST,"<p>Quaerat quia sunt impedit labore minima fugiat praesentium. Occaecati ad sunt officia rerum ex enim necessitatibus.</p>","2019-11-02 00:00:00","2019-11-02 00:00:00",https://capco.dev/consultations/projet-de-loi-renseignement/consultation/elaboration-de-la-loi/opinions/chapitre-ier-economie-de-la-donnee/section-1-ouverture-des-donnees-publiques/sous-partie-1/opinion-d-hier-69#arg-argument246,1,,,,,0,,,,,,,,,,,,,,,,,,,,,,,,,
argument,,,,,,,,,,,,,,,,,,,,,,,,,,,,,,,opinion69,opinion,argument245,VXNlcjp1c2VyMw==,AGAINST,"<p>Quaerat quia sunt impedit labore minima fugiat praesentium. Occaecati ad sunt officia rerum ex enim necessitatibus.</p>","2019-11-01 00:00:00","2019-11-01 00:00:00",https://capco.dev/consultations/projet-de-loi-renseignement/consultation/elaboration-de-la-loi/opinions/chapitre-ier-economie-de-la-donnee/section-1-ouverture-des-donnees-publiques/sous-partie-1/opinion-d-hier-69#arg-argument245,1,,,,,0,,,,,,,,,,,,,,,,,,,,,,,,,
argument,,,,,,,,,,,,,,,,,,,,,,,,,,,,,,,opinion69,opinion,argument244,VXNlcjp1c2VyMw==,AGAINST,"<p>Quaerat quia sunt impedit labore minima fugiat praesentium. Occaecati ad sunt officia rerum ex enim necessitatibus.</p>","2019-10-31 00:00:00","2019-10-31 00:00:00",https://capco.dev/consultations/projet-de-loi-renseignement/consultation/elaboration-de-la-loi/opinions/chapitre-ier-economie-de-la-donnee/section-1-ouverture-des-donnees-publiques/sous-partie-1/opinion-d-hier-69#arg-argument244,1,,,,,0,,,,,,,,,,,,,,,,,,,,,,,,,
argument,,,,,,,,,,,,,,,,,,,,,,,,,,,,,,,opinion69,opinion,argument243,VXNlcjp1c2VyMw==,AGAINST,"<p>Quaerat quia sunt impedit labore minima fugiat praesentium. Occaecati ad sunt officia rerum ex enim necessitatibus.</p>","2019-10-30 00:00:00","2019-10-30 00:00:00",https://capco.dev/consultations/projet-de-loi-renseignement/consultation/elaboration-de-la-loi/opinions/chapitre-ier-economie-de-la-donnee/section-1-ouverture-des-donnees-publiques/sous-partie-1/opinion-d-hier-69#arg-argument243,1,,,,,0,,,,,,,,,,,,,,,,,,,,,,,,,
argument,,,,,,,,,,,,,,,,,,,,,,,,,,,,,,,opinion69,opinion,argument242,VXNlcjp1c2VyMw==,AGAINST,"<p>Quaerat quia sunt impedit labore minima fugiat praesentium. Occaecati ad sunt officia rerum ex enim necessitatibus.</p>","2019-10-29 00:00:00","2019-10-29 00:00:00",https://capco.dev/consultations/projet-de-loi-renseignement/consultation/elaboration-de-la-loi/opinions/chapitre-ier-economie-de-la-donnee/section-1-ouverture-des-donnees-publiques/sous-partie-1/opinion-d-hier-69#arg-argument242,1,,,,,0,,,,,,,,,,,,,,,,,,,,,,,,,
argument,,,,,,,,,,,,,,,,,,,,,,,,,,,,,,,opinion69,opinion,argument241,VXNlcjp1c2VyMw==,AGAINST,"<p>Quaerat quia sunt impedit labore minima fugiat praesentium. Occaecati ad sunt officia rerum ex enim necessitatibus.</p>","2019-10-28 00:00:00","2019-10-28 00:00:00",https://capco.dev/consultations/projet-de-loi-renseignement/consultation/elaboration-de-la-loi/opinions/chapitre-ier-economie-de-la-donnee/section-1-ouverture-des-donnees-publiques/sous-partie-1/opinion-d-hier-69#arg-argument241,1,,,,,0,,,,,,,,,,,,,,,,,,,,,,,,,
argument,,,,,,,,,,,,,,,,,,,,,,,,,,,,,,,opinion69,opinion,argument240,VXNlcjp1c2VyMw==,AGAINST,"<p>Quaerat quia sunt impedit labore minima fugiat praesentium. Occaecati ad sunt officia rerum ex enim necessitatibus.</p>","2019-10-27 00:00:00","2019-10-27 00:00:00",https://capco.dev/consultations/projet-de-loi-renseignement/consultation/elaboration-de-la-loi/opinions/chapitre-ier-economie-de-la-donnee/section-1-ouverture-des-donnees-publiques/sous-partie-1/opinion-d-hier-69#arg-argument240,1,,,,,0,,,,,,,,,,,,,,,,,,,,,,,,,
argument,,,,,,,,,,,,,,,,,,,,,,,,,,,,,,,opinion69,opinion,argument239,VXNlcjp1c2VyMw==,AGAINST,"<p>Quaerat quia sunt impedit labore minima fugiat praesentium. Occaecati ad sunt officia rerum ex enim necessitatibus.</p>","2019-10-26 00:00:00","2019-10-26 00:00:00",https://capco.dev/consultations/projet-de-loi-renseignement/consultation/elaboration-de-la-loi/opinions/chapitre-ier-economie-de-la-donnee/section-1-ouverture-des-donnees-publiques/sous-partie-1/opinion-d-hier-69#arg-argument239,1,,,,,0,,,,,,,,,,,,,,,,,,,,,,,,,
argument,,,,,,,,,,,,,,,,,,,,,,,,,,,,,,,opinion69,opinion,argument238,VXNlcjp1c2VyMw==,AGAINST,"<p>Quaerat quia sunt impedit labore minima fugiat praesentium. Occaecati ad sunt officia rerum ex enim necessitatibus.</p>","2019-10-25 00:00:00","2019-10-25 00:00:00",https://capco.dev/consultations/projet-de-loi-renseignement/consultation/elaboration-de-la-loi/opinions/chapitre-ier-economie-de-la-donnee/section-1-ouverture-des-donnees-publiques/sous-partie-1/opinion-d-hier-69#arg-argument238,1,,,,,0,,,,,,,,,,,,,,,,,,,,,,,,,
argument,,,,,,,,,,,,,,,,,,,,,,,,,,,,,,,opinion69,opinion,argument237,VXNlcjp1c2VyMw==,AGAINST,"<p>Quaerat quia sunt impedit labore minima fugiat praesentium. Occaecati ad sunt officia rerum ex enim necessitatibus.</p>","2019-10-24 00:00:00","2019-10-24 00:00:00",https://capco.dev/consultations/projet-de-loi-renseignement/consultation/elaboration-de-la-loi/opinions/chapitre-ier-economie-de-la-donnee/section-1-ouverture-des-donnees-publiques/sous-partie-1/opinion-d-hier-69#arg-argument237,1,,,,,0,,,,,,,,,,,,,,,,,,,,,,,,,
argument,,,,,,,,,,,,,,,,,,,,,,,,,,,,,,,opinion69,opinion,argument236,VXNlcjp1c2VyMw==,AGAINST,"<p>Quaerat quia sunt impedit labore minima fugiat praesentium. Occaecati ad sunt officia rerum ex enim necessitatibus.</p>","2019-10-23 00:00:00","2019-10-23 00:00:00",https://capco.dev/consultations/projet-de-loi-renseignement/consultation/elaboration-de-la-loi/opinions/chapitre-ier-economie-de-la-donnee/section-1-ouverture-des-donnees-publiques/sous-partie-1/opinion-d-hier-69#arg-argument236,1,,,,,0,,,,,,,,,,,,,,,,,,,,,,,,,
argument,,,,,,,,,,,,,,,,,,,,,,,,,,,,,,,opinion69,opinion,argument235,VXNlcjp1c2VyMw==,AGAINST,"<p>Quaerat quia sunt impedit labore minima fugiat praesentium. Occaecati ad sunt officia rerum ex enim necessitatibus.</p>","2019-10-22 00:00:00","2019-10-22 00:00:00",https://capco.dev/consultations/projet-de-loi-renseignement/consultation/elaboration-de-la-loi/opinions/chapitre-ier-economie-de-la-donnee/section-1-ouverture-des-donnees-publiques/sous-partie-1/opinion-d-hier-69#arg-argument235,1,,,,,0,,,,,,,,,,,,,,,,,,,,,,,,,
argument,,,,,,,,,,,,,,,,,,,,,,,,,,,,,,,opinion69,opinion,argument234,VXNlcjp1c2VyMw==,AGAINST,"<p>Quaerat quia sunt impedit labore minima fugiat praesentium. Occaecati ad sunt officia rerum ex enim necessitatibus.</p>","2019-10-21 00:00:00","2019-10-21 00:00:00",https://capco.dev/consultations/projet-de-loi-renseignement/consultation/elaboration-de-la-loi/opinions/chapitre-ier-economie-de-la-donnee/section-1-ouverture-des-donnees-publiques/sous-partie-1/opinion-d-hier-69#arg-argument234,1,,,,,0,,,,,,,,,,,,,,,,,,,,,,,,,
argument,,,,,,,,,,,,,,,,,,,,,,,,,,,,,,,opinion69,opinion,argument233,VXNlcjp1c2VyMw==,AGAINST,"<p>Quaerat quia sunt impedit labore minima fugiat praesentium. Occaecati ad sunt officia rerum ex enim necessitatibus.</p>","2019-10-20 00:00:00","2019-10-20 00:00:00",https://capco.dev/consultations/projet-de-loi-renseignement/consultation/elaboration-de-la-loi/opinions/chapitre-ier-economie-de-la-donnee/section-1-ouverture-des-donnees-publiques/sous-partie-1/opinion-d-hier-69#arg-argument233,1,,,,,0,,,,,,,,,,,,,,,,,,,,,,,,,
argument,,,,,,,,,,,,,,,,,,,,,,,,,,,,,,,opinion69,opinion,argument232,VXNlcjp1c2VyMw==,AGAINST,"<p>Quaerat quia sunt impedit labore minima fugiat praesentium. Occaecati ad sunt officia rerum ex enim necessitatibus.</p>","2019-10-19 00:00:00","2019-10-19 00:00:00",https://capco.dev/consultations/projet-de-loi-renseignement/consultation/elaboration-de-la-loi/opinions/chapitre-ier-economie-de-la-donnee/section-1-ouverture-des-donnees-publiques/sous-partie-1/opinion-d-hier-69#arg-argument232,1,,,,,0,,,,,,,,,,,,,,,,,,,,,,,,,
argument,,,,,,,,,,,,,,,,,,,,,,,,,,,,,,,opinion69,opinion,argument231,VXNlcjp1c2VyMw==,AGAINST,"<p>Quaerat quia sunt impedit labore minima fugiat praesentium. Occaecati ad sunt officia rerum ex enim necessitatibus.</p>","2019-10-18 00:00:00","2019-10-18 00:00:00",https://capco.dev/consultations/projet-de-loi-renseignement/consultation/elaboration-de-la-loi/opinions/chapitre-ier-economie-de-la-donnee/section-1-ouverture-des-donnees-publiques/sous-partie-1/opinion-d-hier-69#arg-argument231,1,,,,,0,,,,,,,,,,,,,,,,,,,,,,,,,
argument,,,,,,,,,,,,,,,,,,,,,,,,,,,,,,,opinion69,opinion,argument230,VXNlcjp1c2VyMw==,AGAINST,"<p>Quaerat quia sunt impedit labore minima fugiat praesentium. Occaecati ad sunt officia rerum ex enim necessitatibus.</p>","2019-10-17 00:00:00","2019-10-17 00:00:00",https://capco.dev/consultations/projet-de-loi-renseignement/consultation/elaboration-de-la-loi/opinions/chapitre-ier-economie-de-la-donnee/section-1-ouverture-des-donnees-publiques/sous-partie-1/opinion-d-hier-69#arg-argument230,1,,,,,0,,,,,,,,,,,,,,,,,,,,,,,,,
argument,,,,,,,,,,,,,,,,,,,,,,,,,,,,,,,opinion69,opinion,argument229,VXNlcjp1c2VyMw==,AGAINST,"<p>Quaerat quia sunt impedit labore minima fugiat praesentium. Occaecati ad sunt officia rerum ex enim necessitatibus.</p>","2019-10-16 00:00:00","2019-10-16 00:00:00",https://capco.dev/consultations/projet-de-loi-renseignement/consultation/elaboration-de-la-loi/opinions/chapitre-ier-economie-de-la-donnee/section-1-ouverture-des-donnees-publiques/sous-partie-1/opinion-d-hier-69#arg-argument229,1,,,,,0,,,,,,,,,,,,,,,,,,,,,,,,,
argument,,,,,,,,,,,,,,,,,,,,,,,,,,,,,,,opinion69,opinion,argument228,VXNlcjp1c2VyMw==,AGAINST,"<p>Quaerat quia sunt impedit labore minima fugiat praesentium. Occaecati ad sunt officia rerum ex enim necessitatibus.</p>","2019-10-15 00:00:00","2019-10-15 00:00:00",https://capco.dev/consultations/projet-de-loi-renseignement/consultation/elaboration-de-la-loi/opinions/chapitre-ier-economie-de-la-donnee/section-1-ouverture-des-donnees-publiques/sous-partie-1/opinion-d-hier-69#arg-argument228,1,,,,,0,,,,,,,,,,,,,,,,,,,,,,,,,
argument,,,,,,,,,,,,,,,,,,,,,,,,,,,,,,,opinion69,opinion,argument227,VXNlcjp1c2VyMw==,AGAINST,"<p>Quaerat quia sunt impedit labore minima fugiat praesentium. Occaecati ad sunt officia rerum ex enim necessitatibus.</p>","2019-10-14 00:00:00","2019-10-14 00:00:00",https://capco.dev/consultations/projet-de-loi-renseignement/consultation/elaboration-de-la-loi/opinions/chapitre-ier-economie-de-la-donnee/section-1-ouverture-des-donnees-publiques/sous-partie-1/opinion-d-hier-69#arg-argument227,1,,,,,0,,,,,,,,,,,,,,,,,,,,,,,,,
argument,,,,,,,,,,,,,,,,,,,,,,,,,,,,,,,opinion69,opinion,argument226,VXNlcjp1c2VyMw==,AGAINST,"<p>Quaerat quia sunt impedit labore minima fugiat praesentium. Occaecati ad sunt officia rerum ex enim necessitatibus.</p>","2019-10-13 00:00:00","2019-10-13 00:00:00",https://capco.dev/consultations/projet-de-loi-renseignement/consultation/elaboration-de-la-loi/opinions/chapitre-ier-economie-de-la-donnee/section-1-ouverture-des-donnees-publiques/sous-partie-1/opinion-d-hier-69#arg-argument226,1,,,,,0,,,,,,,,,,,,,,,,,,,,,,,,,
argument,,,,,,,,,,,,,,,,,,,,,,,,,,,,,,,opinion69,opinion,argument225,VXNlcjp1c2VyMw==,AGAINST,"<p>Quaerat quia sunt impedit labore minima fugiat praesentium. Occaecati ad sunt officia rerum ex enim necessitatibus.</p>","2019-10-12 00:00:00","2019-10-12 00:00:00",https://capco.dev/consultations/projet-de-loi-renseignement/consultation/elaboration-de-la-loi/opinions/chapitre-ier-economie-de-la-donnee/section-1-ouverture-des-donnees-publiques/sous-partie-1/opinion-d-hier-69#arg-argument225,1,,,,,0,,,,,,,,,,,,,,,,,,,,,,,,,
argument,,,,,,,,,,,,,,,,,,,,,,,,,,,,,,,opinion69,opinion,argument224,VXNlcjp1c2VyMw==,AGAINST,"<p>Quaerat quia sunt impedit labore minima fugiat praesentium. Occaecati ad sunt officia rerum ex enim necessitatibus.</p>","2019-10-11 00:00:00","2019-10-11 00:00:00",https://capco.dev/consultations/projet-de-loi-renseignement/consultation/elaboration-de-la-loi/opinions/chapitre-ier-economie-de-la-donnee/section-1-ouverture-des-donnees-publiques/sous-partie-1/opinion-d-hier-69#arg-argument224,1,,,,,0,,,,,,,,,,,,,,,,,,,,,,,,,
argument,,,,,,,,,,,,,,,,,,,,,,,,,,,,,,,opinion69,opinion,argument223,VXNlcjp1c2VyMw==,AGAINST,"<p>Quaerat quia sunt impedit labore minima fugiat praesentium. Occaecati ad sunt officia rerum ex enim necessitatibus.</p>","2019-10-10 00:00:00","2019-10-10 00:00:00",https://capco.dev/consultations/projet-de-loi-renseignement/consultation/elaboration-de-la-loi/opinions/chapitre-ier-economie-de-la-donnee/section-1-ouverture-des-donnees-publiques/sous-partie-1/opinion-d-hier-69#arg-argument223,1,,,,,0,,,,,,,,,,,,,,,,,,,,,,,,,
argument,,,,,,,,,,,,,,,,,,,,,,,,,,,,,,,opinion69,opinion,argument222,VXNlcjp1c2VyMw==,AGAINST,"<p>Quaerat quia sunt impedit labore minima fugiat praesentium. Occaecati ad sunt officia rerum ex enim necessitatibus.</p>","2019-10-09 00:00:00","2019-10-09 00:00:00",https://capco.dev/consultations/projet-de-loi-renseignement/consultation/elaboration-de-la-loi/opinions/chapitre-ier-economie-de-la-donnee/section-1-ouverture-des-donnees-publiques/sous-partie-1/opinion-d-hier-69#arg-argument222,1,,,,,0,,,,,,,,,,,,,,,,,,,,,,,,,
argument,,,,,,,,,,,,,,,,,,,,,,,,,,,,,,,opinion69,opinion,argument221,VXNlcjp1c2VyMw==,AGAINST,"<p>Quaerat quia sunt impedit labore minima fugiat praesentium. Occaecati ad sunt officia rerum ex enim necessitatibus.</p>","2019-10-08 00:00:00","2019-10-08 00:00:00",https://capco.dev/consultations/projet-de-loi-renseignement/consultation/elaboration-de-la-loi/opinions/chapitre-ier-economie-de-la-donnee/section-1-ouverture-des-donnees-publiques/sous-partie-1/opinion-d-hier-69#arg-argument221,1,,,,,0,,,,,,,,,,,,,,,,,,,,,,,,,
argument,,,,,,,,,,,,,,,,,,,,,,,,,,,,,,,opinion69,opinion,argument220,VXNlcjp1c2VyMw==,AGAINST,"<p>Quaerat quia sunt impedit labore minima fugiat praesentium. Occaecati ad sunt officia rerum ex enim necessitatibus.</p>","2019-10-07 00:00:00","2019-10-07 00:00:00",https://capco.dev/consultations/projet-de-loi-renseignement/consultation/elaboration-de-la-loi/opinions/chapitre-ier-economie-de-la-donnee/section-1-ouverture-des-donnees-publiques/sous-partie-1/opinion-d-hier-69#arg-argument220,1,,,,,0,,,,,,,,,,,,,,,,,,,,,,,,,
argument,,,,,,,,,,,,,,,,,,,,,,,,,,,,,,,opinion69,opinion,argument219,VXNlcjp1c2VyMw==,AGAINST,"<p>Quaerat quia sunt impedit labore minima fugiat praesentium. Occaecati ad sunt officia rerum ex enim necessitatibus.</p>","2019-10-06 00:00:00","2019-10-06 00:00:00",https://capco.dev/consultations/projet-de-loi-renseignement/consultation/elaboration-de-la-loi/opinions/chapitre-ier-economie-de-la-donnee/section-1-ouverture-des-donnees-publiques/sous-partie-1/opinion-d-hier-69#arg-argument219,1,,,,,0,,,,,,,,,,,,,,,,,,,,,,,,,
argument,,,,,,,,,,,,,,,,,,,,,,,,,,,,,,,opinion69,opinion,argument218,VXNlcjp1c2VyMw==,AGAINST,"<p>Quaerat quia sunt impedit labore minima fugiat praesentium. Occaecati ad sunt officia rerum ex enim necessitatibus.</p>","2019-10-05 00:00:00","2019-10-05 00:00:00",https://capco.dev/consultations/projet-de-loi-renseignement/consultation/elaboration-de-la-loi/opinions/chapitre-ier-economie-de-la-donnee/section-1-ouverture-des-donnees-publiques/sous-partie-1/opinion-d-hier-69#arg-argument218,1,,,,,0,,,,,,,,,,,,,,,,,,,,,,,,,
argument,,,,,,,,,,,,,,,,,,,,,,,,,,,,,,,opinion69,opinion,argument217,VXNlcjp1c2VyMw==,AGAINST,"<p>Quaerat quia sunt impedit labore minima fugiat praesentium. Occaecati ad sunt officia rerum ex enim necessitatibus.</p>","2019-10-04 00:00:00","2019-10-04 00:00:00",https://capco.dev/consultations/projet-de-loi-renseignement/consultation/elaboration-de-la-loi/opinions/chapitre-ier-economie-de-la-donnee/section-1-ouverture-des-donnees-publiques/sous-partie-1/opinion-d-hier-69#arg-argument217,1,,,,,0,,,,,,,,,,,,,,,,,,,,,,,,,
argument,,,,,,,,,,,,,,,,,,,,,,,,,,,,,,,opinion69,opinion,argument216,VXNlcjp1c2VyMw==,AGAINST,"<p>Quaerat quia sunt impedit labore minima fugiat praesentium. Occaecati ad sunt officia rerum ex enim necessitatibus.</p>","2019-10-03 00:00:00","2019-10-03 00:00:00",https://capco.dev/consultations/projet-de-loi-renseignement/consultation/elaboration-de-la-loi/opinions/chapitre-ier-economie-de-la-donnee/section-1-ouverture-des-donnees-publiques/sous-partie-1/opinion-d-hier-69#arg-argument216,1,,,,,0,,,,,,,,,,,,,,,,,,,,,,,,,
argument,,,,,,,,,,,,,,,,,,,,,,,,,,,,,,,opinion69,opinion,argument215,VXNlcjp1c2VyMw==,AGAINST,"<p>Quaerat quia sunt impedit labore minima fugiat praesentium. Occaecati ad sunt officia rerum ex enim necessitatibus.</p>","2019-10-02 00:00:00","2019-10-02 00:00:00",https://capco.dev/consultations/projet-de-loi-renseignement/consultation/elaboration-de-la-loi/opinions/chapitre-ier-economie-de-la-donnee/section-1-ouverture-des-donnees-publiques/sous-partie-1/opinion-d-hier-69#arg-argument215,1,,,,,0,,,,,,,,,,,,,,,,,,,,,,,,,
argument,,,,,,,,,,,,,,,,,,,,,,,,,,,,,,,opinion69,opinion,argument214,VXNlcjp1c2VyMw==,AGAINST,"<p>Quaerat quia sunt impedit labore minima fugiat praesentium. Occaecati ad sunt officia rerum ex enim necessitatibus.</p>","2019-10-01 00:00:00","2019-10-01 00:00:00",https://capco.dev/consultations/projet-de-loi-renseignement/consultation/elaboration-de-la-loi/opinions/chapitre-ier-economie-de-la-donnee/section-1-ouverture-des-donnees-publiques/sous-partie-1/opinion-d-hier-69#arg-argument214,1,,,,,0,,,,,,,,,,,,,,,,,,,,,,,,,
argument,,,,,,,,,,,,,,,,,,,,,,,,,,,,,,,opinion69,opinion,argument213,VXNlcjp1c2VyMw==,AGAINST,"<p>Quaerat quia sunt impedit labore minima fugiat praesentium. Occaecati ad sunt officia rerum ex enim necessitatibus.</p>","2019-09-30 00:00:00","2019-09-30 00:00:00",https://capco.dev/consultations/projet-de-loi-renseignement/consultation/elaboration-de-la-loi/opinions/chapitre-ier-economie-de-la-donnee/section-1-ouverture-des-donnees-publiques/sous-partie-1/opinion-d-hier-69#arg-argument213,1,,,,,0,,,,,,,,,,,,,,,,,,,,,,,,,
opinion,opinion68,VXNlcjp1c2VyNQ==,"Projet de loi","Sous-partie 1","Opinion d hier 68","Magni voluptates harum modi tempore quis numquam. Est atque nulla rerum et aut aut fugit.","2018-04-01 01:08:00","2018-04-01 01:08:00",https://capco.dev/consultations/projet-de-loi-renseignement/consultation/elaboration-de-la-loi/opinions/chapitre-ier-economie-de-la-donnee/section-1-ouverture-des-donnees-publiques/sous-partie-1/opinion-d-hier-68,1,,,,,0,0,0,0,0,0,0,0,0,,,,,,,,,,,,,,,,,,,,,,,,,,,,,,,,,,,,,,,,,,,,,,,
opinion,opinion63,VXNlcjp1c2VyMg==,"Projet de loi","Sous-partie 1","Article visible à la corbeille","Je suis du spam","2018-03-01 14:00:00",,https://capco.dev/consultations/projet-de-loi-renseignement/consultation/elaboration-de-la-loi/opinions/chapitre-ier-economie-de-la-donnee/section-1-ouverture-des-donnees-publiques/sous-partie-1/article-visible-a-la-corbeille,1,1,VISIBLE,"2018-03-02 00:00:00",reporting.status.spam,0,0,0,0,0,0,0,0,0,,,,,,,,,,,,,,,,,,,,,,,,,,,,,,,,,,,,,,,,,,,,,,,
opinion,opinion60,VXNlcjp1c2VyMg==,"Projet de loi","Sous-partie 1",Article,"Super opinion de malade","2018-03-01 11:00:00","2018-03-01 00:00:00",https://capco.dev/consultations/projet-de-loi-renseignement/consultation/elaboration-de-la-loi/opinions/chapitre-ier-economie-de-la-donnee/section-1-ouverture-des-donnees-publiques/sous-partie-1/article-0,1,,,,,0,0,0,0,0,0,0,0,0,,,,,,,,,,,,,,,,,,,,,,,,,,,,,,,,,,,,,,,,,,,,,,,
opinion,opinion59,VXNlcjp1c2VyMg==,"Projet de loi","Section 1","Article 2","Magni voluptates harum modi tempore quis numquam. Est atque nulla rerum et aut aut fugit.","2018-03-01 10:00:00",,https://capco.dev/consultations/projet-de-loi-renseignement/consultation/elaboration-de-la-loi/opinions/chapitre-ier-economie-de-la-donnee/section-1-ouverture-des-donnees-publiques/article-2,1,,,,,46,45,1,0,0,0,0,2,0,,,,,,,,,,,,,,,,,,,,,,,,,,,,,,,,,,,,,,,,,,,,,,,
vote,,,,,,,,,,,,,,,,,,,,,,,,,,T3BpbmlvblZvdGU6Ng==,opinion59,VXNlcjp1c2VyNg==,YES,"2015-03-01 00:00:00",,,,,,,,,,,,,,,,,,,,,,,,,,,,,,,,,,,,,,,,
vote,,,,,,,,,,,,,,,,,,,,,,,,,,T3BpbmlvblZvdGU6Nw==,opinion59,VXNlcjp1c2VyNw==,YES,"2015-03-01 00:00:00",,,,,,,,,,,,,,,,,,,,,,,,,,,,,,,,,,,,,,,,
vote,,,,,,,,,,,,,,,,,,,,,,,,,,T3BpbmlvblZvdGU6OA==,opinion59,VXNlcjp1c2VyOA==,YES,"2015-03-01 00:00:00",,,,,,,,,,,,,,,,,,,,,,,,,,,,,,,,,,,,,,,,
vote,,,,,,,,,,,,,,,,,,,,,,,,,,T3BpbmlvblZvdGU6OQ==,opinion59,VXNlcjp1c2VyOQ==,YES,"2015-03-01 00:00:00",,,,,,,,,,,,,,,,,,,,,,,,,,,,,,,,,,,,,,,,
vote,,,,,,,,,,,,,,,,,,,,,,,,,,T3BpbmlvblZvdGU6MTA=,opinion59,VXNlcjp1c2VyMTA=,YES,"2015-03-01 00:00:00",,,,,,,,,,,,,,,,,,,,,,,,,,,,,,,,,,,,,,,,
vote,,,,,,,,,,,,,,,,,,,,,,,,,,T3BpbmlvblZvdGU6MTE=,opinion59,VXNlcjp1c2VyMTE=,YES,"2015-03-01 00:00:00",,,,,,,,,,,,,,,,,,,,,,,,,,,,,,,,,,,,,,,,
vote,,,,,,,,,,,,,,,,,,,,,,,,,,T3BpbmlvblZvdGU6MTI=,opinion59,VXNlcjp1c2VyMTI=,YES,"2015-03-01 00:00:00",,,,,,,,,,,,,,,,,,,,,,,,,,,,,,,,,,,,,,,,
vote,,,,,,,,,,,,,,,,,,,,,,,,,,T3BpbmlvblZvdGU6MTM=,opinion59,VXNlcjp1c2VyMTM=,YES,"2015-03-01 00:00:00",,,,,,,,,,,,,,,,,,,,,,,,,,,,,,,,,,,,,,,,
vote,,,,,,,,,,,,,,,,,,,,,,,,,,T3BpbmlvblZvdGU6MTQ=,opinion59,VXNlcjp1c2VyMTQ=,YES,"2015-03-01 00:00:00",,,,,,,,,,,,,,,,,,,,,,,,,,,,,,,,,,,,,,,,
vote,,,,,,,,,,,,,,,,,,,,,,,,,,T3BpbmlvblZvdGU6MTU=,opinion59,VXNlcjp1c2VyMTU=,YES,"2015-03-01 00:00:00",,,,,,,,,,,,,,,,,,,,,,,,,,,,,,,,,,,,,,,,
vote,,,,,,,,,,,,,,,,,,,,,,,,,,T3BpbmlvblZvdGU6MTY=,opinion59,VXNlcjp1c2VyMTY=,YES,"2015-03-01 00:00:00",,,,,,,,,,,,,,,,,,,,,,,,,,,,,,,,,,,,,,,,
vote,,,,,,,,,,,,,,,,,,,,,,,,,,T3BpbmlvblZvdGU6MTc=,opinion59,VXNlcjp1c2VyMTc=,YES,"2015-03-01 00:00:00",,,,,,,,,,,,,,,,,,,,,,,,,,,,,,,,,,,,,,,,
vote,,,,,,,,,,,,,,,,,,,,,,,,,,T3BpbmlvblZvdGU6MTg=,opinion59,VXNlcjp1c2VyMTg=,YES,"2015-03-01 00:00:00",,,,,,,,,,,,,,,,,,,,,,,,,,,,,,,,,,,,,,,,
vote,,,,,,,,,,,,,,,,,,,,,,,,,,T3BpbmlvblZvdGU6MTk=,opinion59,VXNlcjp1c2VyMTk=,YES,"2015-03-01 00:00:00",,,,,,,,,,,,,,,,,,,,,,,,,,,,,,,,,,,,,,,,
vote,,,,,,,,,,,,,,,,,,,,,,,,,,T3BpbmlvblZvdGU6MjA=,opinion59,VXNlcjp1c2VyMjA=,YES,"2015-03-01 00:00:00",,,,,,,,,,,,,,,,,,,,,,,,,,,,,,,,,,,,,,,,
vote,,,,,,,,,,,,,,,,,,,,,,,,,,T3BpbmlvblZvdGU6MjE=,opinion59,VXNlcjp1c2VyMjE=,YES,"2015-03-01 00:00:00",,,,,,,,,,,,,,,,,,,,,,,,,,,,,,,,,,,,,,,,
vote,,,,,,,,,,,,,,,,,,,,,,,,,,T3BpbmlvblZvdGU6MjI=,opinion59,VXNlcjp1c2VyMjI=,YES,"2015-03-01 00:00:00",,,,,,,,,,,,,,,,,,,,,,,,,,,,,,,,,,,,,,,,
vote,,,,,,,,,,,,,,,,,,,,,,,,,,T3BpbmlvblZvdGU6MjM=,opinion59,VXNlcjp1c2VyMjM=,YES,"2015-03-01 00:00:00",,,,,,,,,,,,,,,,,,,,,,,,,,,,,,,,,,,,,,,,
vote,,,,,,,,,,,,,,,,,,,,,,,,,,T3BpbmlvblZvdGU6MjQ=,opinion59,VXNlcjp1c2VyMjQ=,YES,"2015-03-01 00:00:00",,,,,,,,,,,,,,,,,,,,,,,,,,,,,,,,,,,,,,,,
vote,,,,,,,,,,,,,,,,,,,,,,,,,,T3BpbmlvblZvdGU6MjU=,opinion59,VXNlcjp1c2VyMjU=,YES,"2015-03-01 00:00:00",,,,,,,,,,,,,,,,,,,,,,,,,,,,,,,,,,,,,,,,
vote,,,,,,,,,,,,,,,,,,,,,,,,,,T3BpbmlvblZvdGU6MjY=,opinion59,VXNlcjp1c2VyMjY=,YES,"2015-03-01 00:00:00",,,,,,,,,,,,,,,,,,,,,,,,,,,,,,,,,,,,,,,,
vote,,,,,,,,,,,,,,,,,,,,,,,,,,T3BpbmlvblZvdGU6Mjc=,opinion59,VXNlcjp1c2VyMjc=,YES,"2015-03-01 00:00:00",,,,,,,,,,,,,,,,,,,,,,,,,,,,,,,,,,,,,,,,
vote,,,,,,,,,,,,,,,,,,,,,,,,,,T3BpbmlvblZvdGU6Mjg=,opinion59,VXNlcjp1c2VyMjg=,YES,"2015-03-01 00:00:00",,,,,,,,,,,,,,,,,,,,,,,,,,,,,,,,,,,,,,,,
vote,,,,,,,,,,,,,,,,,,,,,,,,,,T3BpbmlvblZvdGU6Mjk=,opinion59,VXNlcjp1c2VyMjk=,YES,"2015-03-01 00:00:00",,,,,,,,,,,,,,,,,,,,,,,,,,,,,,,,,,,,,,,,
vote,,,,,,,,,,,,,,,,,,,,,,,,,,T3BpbmlvblZvdGU6MzA=,opinion59,VXNlcjp1c2VyMzA=,YES,"2015-03-01 00:00:00",,,,,,,,,,,,,,,,,,,,,,,,,,,,,,,,,,,,,,,,
vote,,,,,,,,,,,,,,,,,,,,,,,,,,T3BpbmlvblZvdGU6MzE=,opinion59,VXNlcjp1c2VyMzE=,YES,"2015-03-01 00:00:00",,,,,,,,,,,,,,,,,,,,,,,,,,,,,,,,,,,,,,,,
vote,,,,,,,,,,,,,,,,,,,,,,,,,,T3BpbmlvblZvdGU6MzI=,opinion59,VXNlcjp1c2VyMzI=,YES,"2015-03-01 00:00:00",,,,,,,,,,,,,,,,,,,,,,,,,,,,,,,,,,,,,,,,
vote,,,,,,,,,,,,,,,,,,,,,,,,,,T3BpbmlvblZvdGU6MzM=,opinion59,VXNlcjp1c2VyMzM=,YES,"2015-03-01 00:00:00",,,,,,,,,,,,,,,,,,,,,,,,,,,,,,,,,,,,,,,,
vote,,,,,,,,,,,,,,,,,,,,,,,,,,T3BpbmlvblZvdGU6MzQ=,opinion59,VXNlcjp1c2VyMzQ=,YES,"2015-03-01 00:00:00",,,,,,,,,,,,,,,,,,,,,,,,,,,,,,,,,,,,,,,,
vote,,,,,,,,,,,,,,,,,,,,,,,,,,T3BpbmlvblZvdGU6MzU=,opinion59,VXNlcjp1c2VyMzU=,YES,"2015-03-01 00:00:00",,,,,,,,,,,,,,,,,,,,,,,,,,,,,,,,,,,,,,,,
vote,,,,,,,,,,,,,,,,,,,,,,,,,,T3BpbmlvblZvdGU6MzY=,opinion59,VXNlcjp1c2VyMzY=,YES,"2015-03-01 00:00:00",,,,,,,,,,,,,,,,,,,,,,,,,,,,,,,,,,,,,,,,
vote,,,,,,,,,,,,,,,,,,,,,,,,,,T3BpbmlvblZvdGU6Mzc=,opinion59,VXNlcjp1c2VyMzc=,YES,"2015-03-01 00:00:00",,,,,,,,,,,,,,,,,,,,,,,,,,,,,,,,,,,,,,,,
vote,,,,,,,,,,,,,,,,,,,,,,,,,,T3BpbmlvblZvdGU6Mzg=,opinion59,VXNlcjp1c2VyMzg=,YES,"2015-03-01 00:00:00",,,,,,,,,,,,,,,,,,,,,,,,,,,,,,,,,,,,,,,,
vote,,,,,,,,,,,,,,,,,,,,,,,,,,T3BpbmlvblZvdGU6Mzk=,opinion59,VXNlcjp1c2VyMzk=,YES,"2015-03-01 00:00:00",,,,,,,,,,,,,,,,,,,,,,,,,,,,,,,,,,,,,,,,
vote,,,,,,,,,,,,,,,,,,,,,,,,,,T3BpbmlvblZvdGU6NDA=,opinion59,VXNlcjp1c2VyNDA=,YES,"2015-03-01 00:00:00",,,,,,,,,,,,,,,,,,,,,,,,,,,,,,,,,,,,,,,,
vote,,,,,,,,,,,,,,,,,,,,,,,,,,T3BpbmlvblZvdGU6NDE=,opinion59,VXNlcjp1c2VyNDE=,YES,"2015-03-01 00:00:00",,,,,,,,,,,,,,,,,,,,,,,,,,,,,,,,,,,,,,,,
vote,,,,,,,,,,,,,,,,,,,,,,,,,,T3BpbmlvblZvdGU6NDI=,opinion59,VXNlcjp1c2VyNDI=,YES,"2015-03-01 00:00:00",,,,,,,,,,,,,,,,,,,,,,,,,,,,,,,,,,,,,,,,
vote,,,,,,,,,,,,,,,,,,,,,,,,,,T3BpbmlvblZvdGU6NDM=,opinion59,VXNlcjp1c2VyNDM=,YES,"2015-03-01 00:00:00",,,,,,,,,,,,,,,,,,,,,,,,,,,,,,,,,,,,,,,,
vote,,,,,,,,,,,,,,,,,,,,,,,,,,T3BpbmlvblZvdGU6NDQ=,opinion59,VXNlcjp1c2VyNDQ=,YES,"2015-03-01 00:00:00",,,,,,,,,,,,,,,,,,,,,,,,,,,,,,,,,,,,,,,,
vote,,,,,,,,,,,,,,,,,,,,,,,,,,T3BpbmlvblZvdGU6NDU=,opinion59,VXNlcjp1c2VyNDU=,YES,"2015-03-01 00:00:00",,,,,,,,,,,,,,,,,,,,,,,,,,,,,,,,,,,,,,,,
vote,,,,,,,,,,,,,,,,,,,,,,,,,,T3BpbmlvblZvdGU6NDY=,opinion59,VXNlcjp1c2VyNDY=,YES,"2015-03-01 00:00:00",,,,,,,,,,,,,,,,,,,,,,,,,,,,,,,,,,,,,,,,
vote,,,,,,,,,,,,,,,,,,,,,,,,,,T3BpbmlvblZvdGU6NDc=,opinion59,VXNlcjp1c2VyNDc=,YES,"2015-03-01 00:00:00",,,,,,,,,,,,,,,,,,,,,,,,,,,,,,,,,,,,,,,,
vote,,,,,,,,,,,,,,,,,,,,,,,,,,T3BpbmlvblZvdGU6NDg=,opinion59,VXNlcjp1c2VyNDg=,YES,"2015-03-01 00:00:00",,,,,,,,,,,,,,,,,,,,,,,,,,,,,,,,,,,,,,,,
vote,,,,,,,,,,,,,,,,,,,,,,,,,,T3BpbmlvblZvdGU6NDk=,opinion59,VXNlcjp1c2VyNDk=,YES,"2015-03-01 00:00:00",,,,,,,,,,,,,,,,,,,,,,,,,,,,,,,,,,,,,,,,
vote,,,,,,,,,,,,,,,,,,,,,,,,,,T3BpbmlvblZvdGU6NTA=,opinion59,VXNlcjp1c2VyNTA=,YES,"2015-03-01 00:00:00",,,,,,,,,,,,,,,,,,,,,,,,,,,,,,,,,,,,,,,,
vote,,,,,,,,,,,,,,,,,,,,,,,,,,T3BpbmlvblZvdGU6NTE=,opinion59,VXNlcjp1c2VyX25vdF9jb25maXJtZWRfd2l0aF9jb250cmlidXRpb24=,MITIGE,"2015-03-01 00:00:00",,,,,,,,,,,,,,,,,,,,,,,,,,,,,,,,,,,,,,,,
context_element,opinion59,,,,,,,,,,,,,,,,,,,,,,,"Exposé des motifs","Motifs 3",,,,,,,,,,,,,,,,,,,,,,,,,,,,,,,,,,,,,,,,,,,,,
context_element,opinion59,,,,,,,,,,,,,,,,,,,,,,,"Étude d'impact","Les impacts 3",,,,,,,,,,,,,,,,,,,,,,,,,,,,,,,,,,,,,,,,,,,,,
source,,,,,,,,,,,,,,,,,,,,,,,,,,,,,,,,,,,,,,,,,,,,,,,,,,,,,source33,opinion59,opinion,VXNlcjp1c2VyMQ==,1,INVISIBLE,"2017-03-01 00:00:00",,"<p>Distinctio sunt exercitationem omnis quasi. Asperiores fugiat voluptatibus nihil sed vel ut.      Facere alias sunt voluptas quia qui expedita. Quaerat quia sunt impedit labore minima fugiat praesentium. Occaecati ad sunt officia rerum ex enim necessitatibus. Quia consequatur eos molestias voluptatem eum error. Voluptas id omnis cum voluptatem.</p>","2016-03-01 00:00:00","2016-03-01 00:00:00",1,0,,,,,
source,,,,,,,,,,,,,,,,,,,,,,,,,,,,,,,,,,,,,,,,,,,,,,,,,,,,,source34,opinion59,opinion,VXNlcjp1c2VyMg==,,,,,"<p>Distinctio sunt exercitationem omnis quasi. Asperiores fugiat voluptatibus nihil sed vel ut.      Facere alias sunt voluptas quia qui expedita. Quaerat quia sunt impedit labore minima fugiat praesentium. Occaecati ad sunt officia rerum ex enim necessitatibus. Quia consequatur eos molestias voluptatem eum error. Voluptas id omnis cum voluptatem.</p>","2016-03-01 00:00:00","2016-03-01 00:00:00",1,0,,,,,
opinion,opinion58,VXNlcjp1c2VyNQ==,"Projet de loi","Section 1","Article 3","Magni voluptates harum modi tempore quis numquam. Est atque nulla rerum et aut aut fugit.","2018-03-01 08:00:00",,https://capco.dev/consultations/projet-de-loi-renseignement/consultation/elaboration-de-la-loi/opinions/chapitre-ier-economie-de-la-donnee/section-1-ouverture-des-donnees-publiques/article-3,1,,,,,0,0,0,0,0,0,0,0,0,,,,,,,,,,,,,,,,,,,,,,,,,,,,,,,,,,,,,,,,,,,,,,,
context_element,opinion58,,,,,,,,,,,,,,,,,,,,,,,"Exposé des motifs","Motifs 2",,,,,,,,,,,,,,,,,,,,,,,,,,,,,,,,,,,,,,,,,,,,,
context_element,opinion58,,,,,,,,,,,,,,,,,,,,,,,"Étude d'impact","Les impacts 2",,,,,,,,,,,,,,,,,,,,,,,,,,,,,,,,,,,,,,,,,,,,,
opinion,opinion57,VXNlcjp1c2VyMg==,"Projet de loi","Section 1","Article 1","Magni voluptates harum modi tempore quis numquam. Est atque nulla rerum et aut aut fugit.","2018-03-01 07:00:00",,https://capco.dev/consultations/projet-de-loi-renseignement/consultation/elaboration-de-la-loi/opinions/chapitre-ier-economie-de-la-donnee/section-1-ouverture-des-donnees-publiques/article-1,1,,,,,4,2,1,1,5,5,0,0,4,,,,,,,,,,,,,,,,,,,,,,,,,,,,,,,,,,,,,,,,,,,,,,,
vote,,,,,,,,,,,,,,,,,,,,,,,,,,T3BpbmlvblZvdGU6Mg==,opinion57,VXNlcjp1c2VyMg==,NO,"2015-03-01 00:00:00",,,,,,,,,,,,,,,,,,,,,,,,,,,,,,,,,,,,,,,,
vote,,,,,,,,,,,,,,,,,,,,,,,,,,T3BpbmlvblZvdGU6Mw==,opinion57,VXNlcjp1c2VyMw==,YES,"2015-03-01 00:00:00",,,,,,,,,,,,,,,,,,,,,,,,,,,,,,,,,,,,,,,,
vote,,,,,,,,,,,,,,,,,,,,,,,,,,T3BpbmlvblZvdGU6NA==,opinion57,VXNlcjp1c2VyQWRtaW4=,YES,"2015-03-01 00:00:00",,,,,,,,,,,,,,,,,,,,,,,,,,,,,,,,,,,,,,,,
vote,,,,,,,,,,,,,,,,,,,,,,,,,,T3BpbmlvblZvdGU6NQ==,opinion57,VXNlcjp1c2VyNQ==,MITIGE,"2015-03-01 00:00:00",,,,,,,,,,,,,,,,,,,,,,,,,,,,,,,,,,,,,,,,
context_element,opinion57,,,,,,,,,,,,,,,,,,,,,,,"Exposé des motifs","Motifs 1",,,,,,,,,,,,,,,,,,,,,,,,,,,,,,,,,,,,,,,,,,,,,
context_element,opinion57,,,,,,,,,,,,,,,,,,,,,,,"Étude d'impact","Impacts 1",,,,,,,,,,,,,,,,,,,,,,,,,,,,,,,,,,,,,,,,,,,,,
argument,,,,,,,,,,,,,,,,,,,,,,,,,,,,,,,opinion57,opinion,argument208,VXNlcjp1c2VyMQ==,FOR,"Le spam c cool","2019-03-08 00:00:00","2019-03-08 00:00:00",https://capco.dev/consultations/projet-de-loi-renseignement/consultation/elaboration-de-la-loi/opinions/chapitre-ier-economie-de-la-donnee/section-1-ouverture-des-donnees-publiques/article-1#arg-argument208,1,1,VISIBLE,"2019-03-08 00:00:00",moderation-guideline-violation,0,,,,,,,,,,,,,,,,,,,,,,,,,
argument,,,,,,,,,,,,,,,,,,,,,,,,,,,,,,,opinion57,opinion,argument207,VXNlcjp1c2VyMQ==,FOR,"Que la force soit avec toi et avec Yoda.","2019-03-07 00:00:00","2019-03-07 00:00:00",https://capco.dev/consultations/projet-de-loi-renseignement/consultation/elaboration-de-la-loi/opinions/chapitre-ier-economie-de-la-donnee/section-1-ouverture-des-donnees-publiques/article-1#arg-argument207,1,,,,,0,,,,,,,,,,,,,,,,,,,,,,,,,
argument,,,,,,,,,,,,,,,,,,,,,,,,,,,,,,,opinion57,opinion,argument206,VXNlcjp1c2VyMQ==,FOR,"Que la force soit avec toi.","2019-03-06 00:00:00","2019-03-06 00:00:00",https://capco.dev/consultations/projet-de-loi-renseignement/consultation/elaboration-de-la-loi/opinions/chapitre-ier-economie-de-la-donnee/section-1-ouverture-des-donnees-publiques/article-1#arg-argument206,1,,,,,0,,,,,,,,,,,,,,,,,,,,,,,,,
argument,,,,,,,,,,,,,,,,,,,,,,,,,,,,,,,opinion57,opinion,argument210,VXNlcjp1c2VyMQ==,FOR,"<p>Quaerat quia sunt impedit labore minima fugiat praesentium. Occaecati ad sunt officia rerum ex enim necessitatibus.</p>","2017-12-28 00:00:00","2017-12-28 00:00:00",https://capco.dev/consultations/projet-de-loi-renseignement/consultation/elaboration-de-la-loi/opinions/chapitre-ier-economie-de-la-donnee/section-1-ouverture-des-donnees-publiques/article-1#arg-argument210,1,,,,,0,,,,,,,,,,,,,,,,,,,,,,,,,
argument,,,,,,,,,,,,,,,,,,,,,,,,,,,,,,,opinion57,opinion,argument209,VXNlcjp1c2VyMQ==,FOR,"<p>Quaerat quia sunt impedit labore minima fugiat praesentium. Occaecati ad sunt officia rerum ex enim necessitatibus.</p>","2017-12-27 00:00:00","2017-12-27 00:00:00",https://capco.dev/consultations/projet-de-loi-renseignement/consultation/elaboration-de-la-loi/opinions/chapitre-ier-economie-de-la-donnee/section-1-ouverture-des-donnees-publiques/article-1#arg-argument209,1,,,,,0,,,,,,,,,,,,,,,,,,,,,,,,,
version,,,,,,,,,,,,,,,,,,,,,,,,,,,,,,,,,,,,,,,,,,,,,,,,,,,,,,,,,,,,,,,,,,version3,"Modification 3","Magni voluptates harum modi tempore quis numquam. Est atque nulla rerum et aut aut fugit.","2015-01-03 00:00:00",
version,,,,,,,,,,,,,,,,,,,,,,,,,,,,,,,,,,,,,,,,,,,,,,,,,,,,,,,,,,,,,,,,,,version45,"Modification sur un projet publique","Magni voluptates harum modi tempore quis numquam. Est atque nulla rerum et aut aut fugit.","2015-01-03 00:00:00",
version,,,,,,,,,,,,,,,,,,,,,,,,,,,,,,,,,,,,,,,,,,,,,,,,,,,,,,,,,,,,,,,,,,version2,"Modification 2","Magni voluptates harum modi tempore quis numquam. Est atque nulla rerum et aut aut fugit.","2015-01-02 00:00:00",
vote,,,,,,,,,,,,,,,,,,,,,,,,,,VmVyc2lvblZvdGU6NzAwMDEw,version2,VXNlcjp1c2VyMTA=,YES,"2015-01-01 00:00:00",,,,,,,,,,,,,,,,,,,,,,,,,,,,,,,,,,,,,,,,
vote,,,,,,,,,,,,,,,,,,,,,,,,,,VmVyc2lvblZvdGU6NzAwMDEx,version2,VXNlcjp1c2VyMTE=,YES,"2015-01-01 00:00:00",,,,,,,,,,,,,,,,,,,,,,,,,,,,,,,,,,,,,,,,
vote,,,,,,,,,,,,,,,,,,,,,,,,,,VmVyc2lvblZvdGU6NzAwMDEy,version2,VXNlcjp1c2VyMTI=,YES,"2015-01-01 00:00:00",,,,,,,,,,,,,,,,,,,,,,,,,,,,,,,,,,,,,,,,
vote,,,,,,,,,,,,,,,,,,,,,,,,,,VmVyc2lvblZvdGU6NzAwMDEz,version2,VXNlcjp1c2VyMTM=,YES,"2015-01-01 00:00:00",,,,,,,,,,,,,,,,,,,,,,,,,,,,,,,,,,,,,,,,
vote,,,,,,,,,,,,,,,,,,,,,,,,,,VmVyc2lvblZvdGU6NzAwMDE0,version2,VXNlcjp1c2VyMTQ=,YES,"2015-01-01 00:00:00",,,,,,,,,,,,,,,,,,,,,,,,,,,,,,,,,,,,,,,,
vote,,,,,,,,,,,,,,,,,,,,,,,,,,VmVyc2lvblZvdGU6NzAwMDE1,version2,VXNlcjp1c2VyMTU=,YES,"2015-01-01 00:00:00",,,,,,,,,,,,,,,,,,,,,,,,,,,,,,,,,,,,,,,,
vote,,,,,,,,,,,,,,,,,,,,,,,,,,VmVyc2lvblZvdGU6NzAwMDE2,version2,VXNlcjp1c2VyMTY=,YES,"2015-01-01 00:00:00",,,,,,,,,,,,,,,,,,,,,,,,,,,,,,,,,,,,,,,,
vote,,,,,,,,,,,,,,,,,,,,,,,,,,VmVyc2lvblZvdGU6NzAwMDE=,version2,VXNlcjp1c2VyMQ==,YES,"2015-01-01 00:00:00",,,,,,,,,,,,,,,,,,,,,,,,,,,,,,,,,,,,,,,,
vote,,,,,,,,,,,,,,,,,,,,,,,,,,VmVyc2lvblZvdGU6NzAwMDE3,version2,VXNlcjp1c2VyMTc=,YES,"2015-01-01 00:00:00",,,,,,,,,,,,,,,,,,,,,,,,,,,,,,,,,,,,,,,,
vote,,,,,,,,,,,,,,,,,,,,,,,,,,VmVyc2lvblZvdGU6NzAwMDI=,version2,VXNlcjp1c2VyMg==,YES,"2015-01-01 00:00:00",,,,,,,,,,,,,,,,,,,,,,,,,,,,,,,,,,,,,,,,
vote,,,,,,,,,,,,,,,,,,,,,,,,,,VmVyc2lvblZvdGU6NzAwMDE4,version2,VXNlcjp1c2VyMTg=,YES,"2015-01-01 00:00:00",,,,,,,,,,,,,,,,,,,,,,,,,,,,,,,,,,,,,,,,
vote,,,,,,,,,,,,,,,,,,,,,,,,,,VmVyc2lvblZvdGU6NzAwMDM=,version2,VXNlcjp1c2VyMw==,YES,"2015-01-01 00:00:00",,,,,,,,,,,,,,,,,,,,,,,,,,,,,,,,,,,,,,,,
vote,,,,,,,,,,,,,,,,,,,,,,,,,,VmVyc2lvblZvdGU6NzAwMDE5,version2,VXNlcjp1c2VyMTk=,YES,"2015-01-01 00:00:00",,,,,,,,,,,,,,,,,,,,,,,,,,,,,,,,,,,,,,,,
vote,,,,,,,,,,,,,,,,,,,,,,,,,,VmVyc2lvblZvdGU6NzAwMDQ=,version2,VXNlcjp1c2VyQWRtaW4=,YES,"2015-01-01 00:00:00",,,,,,,,,,,,,,,,,,,,,,,,,,,,,,,,,,,,,,,,
vote,,,,,,,,,,,,,,,,,,,,,,,,,,VmVyc2lvblZvdGU6NzAwMDIw,version2,VXNlcjp1c2VyMjA=,YES,"2015-01-01 00:00:00",,,,,,,,,,,,,,,,,,,,,,,,,,,,,,,,,,,,,,,,
vote,,,,,,,,,,,,,,,,,,,,,,,,,,VmVyc2lvblZvdGU6NzAwMDU=,version2,VXNlcjp1c2VyNQ==,YES,"2015-01-01 00:00:00",,,,,,,,,,,,,,,,,,,,,,,,,,,,,,,,,,,,,,,,
vote,,,,,,,,,,,,,,,,,,,,,,,,,,VmVyc2lvblZvdGU6NzAwMDIx,version2,VXNlcjp1c2VyMjE=,YES,"2015-01-01 00:00:00",,,,,,,,,,,,,,,,,,,,,,,,,,,,,,,,,,,,,,,,
vote,,,,,,,,,,,,,,,,,,,,,,,,,,VmVyc2lvblZvdGU6NzAwMDY=,version2,VXNlcjp1c2VyNg==,YES,"2015-01-01 00:00:00",,,,,,,,,,,,,,,,,,,,,,,,,,,,,,,,,,,,,,,,
vote,,,,,,,,,,,,,,,,,,,,,,,,,,VmVyc2lvblZvdGU6NzAwMDIy,version2,VXNlcjp1c2VyMjI=,YES,"2015-01-01 00:00:00",,,,,,,,,,,,,,,,,,,,,,,,,,,,,,,,,,,,,,,,
vote,,,,,,,,,,,,,,,,,,,,,,,,,,VmVyc2lvblZvdGU6NzAwMDc=,version2,VXNlcjp1c2VyNw==,YES,"2015-01-01 00:00:00",,,,,,,,,,,,,,,,,,,,,,,,,,,,,,,,,,,,,,,,
vote,,,,,,,,,,,,,,,,,,,,,,,,,,VmVyc2lvblZvdGU6NzAwMDIz,version2,VXNlcjp1c2VyMjM=,YES,"2015-01-01 00:00:00",,,,,,,,,,,,,,,,,,,,,,,,,,,,,,,,,,,,,,,,
vote,,,,,,,,,,,,,,,,,,,,,,,,,,VmVyc2lvblZvdGU6NzAwMDg=,version2,VXNlcjp1c2VyOA==,YES,"2015-01-01 00:00:00",,,,,,,,,,,,,,,,,,,,,,,,,,,,,,,,,,,,,,,,
vote,,,,,,,,,,,,,,,,,,,,,,,,,,VmVyc2lvblZvdGU6NzAwMDI0,version2,VXNlcjp1c2VyMjQ=,YES,"2015-01-01 00:00:00",,,,,,,,,,,,,,,,,,,,,,,,,,,,,,,,,,,,,,,,
vote,,,,,,,,,,,,,,,,,,,,,,,,,,VmVyc2lvblZvdGU6NzAwMDk=,version2,VXNlcjp1c2VyOQ==,YES,"2015-01-01 00:00:00",,,,,,,,,,,,,,,,,,,,,,,,,,,,,,,,,,,,,,,,
vote,,,,,,,,,,,,,,,,,,,,,,,,,,VmVyc2lvblZvdGU6NzAwMDI1,version2,VXNlcjp1c2VyMjU=,YES,"2015-01-01 00:00:00",,,,,,,,,,,,,,,,,,,,,,,,,,,,,,,,,,,,,,,,
vote,,,,,,,,,,,,,,,,,,,,,,,,,,VmVyc2lvblZvdGU6NzAwMDI2,version2,VXNlcjp1c2VyMjY=,YES,"2015-01-01 00:00:00",,,,,,,,,,,,,,,,,,,,,,,,,,,,,,,,,,,,,,,,
vote,,,,,,,,,,,,,,,,,,,,,,,,,,VmVyc2lvblZvdGU6NzAwMDI3,version2,VXNlcjp1c2VyMjc=,YES,"2015-01-01 00:00:00",,,,,,,,,,,,,,,,,,,,,,,,,,,,,,,,,,,,,,,,
vote,,,,,,,,,,,,,,,,,,,,,,,,,,VmVyc2lvblZvdGU6NzAwMDI4,version2,VXNlcjp1c2VyMjg=,YES,"2015-01-01 00:00:00",,,,,,,,,,,,,,,,,,,,,,,,,,,,,,,,,,,,,,,,
vote,,,,,,,,,,,,,,,,,,,,,,,,,,VmVyc2lvblZvdGU6NzAwMDI5,version2,VXNlcjp1c2VyMjk=,YES,"2015-01-01 00:00:00",,,,,,,,,,,,,,,,,,,,,,,,,,,,,,,,,,,,,,,,
vote,,,,,,,,,,,,,,,,,,,,,,,,,,VmVyc2lvblZvdGU6NzAwMDMw,version2,VXNlcjp1c2VyMzA=,YES,"2015-01-01 00:00:00",,,,,,,,,,,,,,,,,,,,,,,,,,,,,,,,,,,,,,,,
vote,,,,,,,,,,,,,,,,,,,,,,,,,,VmVyc2lvblZvdGU6NzAwMDMx,version2,VXNlcjp1c2VyMzE=,YES,"2015-01-01 00:00:00",,,,,,,,,,,,,,,,,,,,,,,,,,,,,,,,,,,,,,,,
vote,,,,,,,,,,,,,,,,,,,,,,,,,,VmVyc2lvblZvdGU6NzAwMDMy,version2,VXNlcjp1c2VyMzI=,YES,"2015-01-01 00:00:00",,,,,,,,,,,,,,,,,,,,,,,,,,,,,,,,,,,,,,,,
vote,,,,,,,,,,,,,,,,,,,,,,,,,,VmVyc2lvblZvdGU6NzAwMDMz,version2,VXNlcjp1c2VyMzM=,YES,"2015-01-01 00:00:00",,,,,,,,,,,,,,,,,,,,,,,,,,,,,,,,,,,,,,,,
vote,,,,,,,,,,,,,,,,,,,,,,,,,,VmVyc2lvblZvdGU6NzAwMDM0,version2,VXNlcjp1c2VyMzQ=,YES,"2015-01-01 00:00:00",,,,,,,,,,,,,,,,,,,,,,,,,,,,,,,,,,,,,,,,
vote,,,,,,,,,,,,,,,,,,,,,,,,,,VmVyc2lvblZvdGU6NzAwMDM1,version2,VXNlcjp1c2VyMzU=,YES,"2015-01-01 00:00:00",,,,,,,,,,,,,,,,,,,,,,,,,,,,,,,,,,,,,,,,
vote,,,,,,,,,,,,,,,,,,,,,,,,,,VmVyc2lvblZvdGU6NzAwMDM2,version2,VXNlcjp1c2VyMzY=,YES,"2015-01-01 00:00:00",,,,,,,,,,,,,,,,,,,,,,,,,,,,,,,,,,,,,,,,
vote,,,,,,,,,,,,,,,,,,,,,,,,,,VmVyc2lvblZvdGU6NzAwMDM3,version2,VXNlcjp1c2VyMzc=,YES,"2015-01-01 00:00:00",,,,,,,,,,,,,,,,,,,,,,,,,,,,,,,,,,,,,,,,
vote,,,,,,,,,,,,,,,,,,,,,,,,,,VmVyc2lvblZvdGU6NzAwMDM4,version2,VXNlcjp1c2VyMzg=,YES,"2015-01-01 00:00:00",,,,,,,,,,,,,,,,,,,,,,,,,,,,,,,,,,,,,,,,
vote,,,,,,,,,,,,,,,,,,,,,,,,,,VmVyc2lvblZvdGU6NzAwMDM5,version2,VXNlcjp1c2VyMzk=,YES,"2015-01-01 00:00:00",,,,,,,,,,,,,,,,,,,,,,,,,,,,,,,,,,,,,,,,
vote,,,,,,,,,,,,,,,,,,,,,,,,,,VmVyc2lvblZvdGU6NzAwMDQw,version2,VXNlcjp1c2VyNDA=,YES,"2015-01-01 00:00:00",,,,,,,,,,,,,,,,,,,,,,,,,,,,,,,,,,,,,,,,
vote,,,,,,,,,,,,,,,,,,,,,,,,,,VmVyc2lvblZvdGU6NzAwMDQx,version2,VXNlcjp1c2VyNDE=,YES,"2015-01-01 00:00:00",,,,,,,,,,,,,,,,,,,,,,,,,,,,,,,,,,,,,,,,
vote,,,,,,,,,,,,,,,,,,,,,,,,,,VmVyc2lvblZvdGU6NzAwMDQy,version2,VXNlcjp1c2VyNDI=,YES,"2015-01-01 00:00:00",,,,,,,,,,,,,,,,,,,,,,,,,,,,,,,,,,,,,,,,
vote,,,,,,,,,,,,,,,,,,,,,,,,,,VmVyc2lvblZvdGU6NzAwMDQz,version2,VXNlcjp1c2VyNDM=,YES,"2015-01-01 00:00:00",,,,,,,,,,,,,,,,,,,,,,,,,,,,,,,,,,,,,,,,
vote,,,,,,,,,,,,,,,,,,,,,,,,,,VmVyc2lvblZvdGU6NzAwMDQ0,version2,VXNlcjp1c2VyNDQ=,YES,"2015-01-01 00:00:00",,,,,,,,,,,,,,,,,,,,,,,,,,,,,,,,,,,,,,,,
vote,,,,,,,,,,,,,,,,,,,,,,,,,,VmVyc2lvblZvdGU6NzAwMDQ1,version2,VXNlcjp1c2VyNDU=,YES,"2015-01-01 00:00:00",,,,,,,,,,,,,,,,,,,,,,,,,,,,,,,,,,,,,,,,
vote,,,,,,,,,,,,,,,,,,,,,,,,,,VmVyc2lvblZvdGU6NzAwMDQ2,version2,VXNlcjp1c2VyNDY=,YES,"2015-01-01 00:00:00",,,,,,,,,,,,,,,,,,,,,,,,,,,,,,,,,,,,,,,,
vote,,,,,,,,,,,,,,,,,,,,,,,,,,VmVyc2lvblZvdGU6NzAwMDQ3,version2,VXNlcjp1c2VyNDc=,YES,"2015-01-01 00:00:00",,,,,,,,,,,,,,,,,,,,,,,,,,,,,,,,,,,,,,,,
vote,,,,,,,,,,,,,,,,,,,,,,,,,,VmVyc2lvblZvdGU6NzAwMDQ4,version2,VXNlcjp1c2VyNDg=,YES,"2015-01-01 00:00:00",,,,,,,,,,,,,,,,,,,,,,,,,,,,,,,,,,,,,,,,
vote,,,,,,,,,,,,,,,,,,,,,,,,,,VmVyc2lvblZvdGU6NzAwMDQ5,version2,VXNlcjp1c2VyNDk=,YES,"2015-01-01 00:00:00",,,,,,,,,,,,,,,,,,,,,,,,,,,,,,,,,,,,,,,,
vote,,,,,,,,,,,,,,,,,,,,,,,,,,VmVyc2lvblZvdGU6NzAwMDUw,version2,VXNlcjp1c2VyNTA=,YES,"2015-01-01 00:00:00",,,,,,,,,,,,,,,,,,,,,,,,,,,,,,,,,,,,,,,,
version,,,,,,,,,,,,,,,,,,,,,,,,,,,,,,,,,,,,,,,,,,,,,,,,,,,,,,,,,,,,,,,,,,version1,"Modification 1","Magni voluptates harum modi tempore quis numquam. Est atque nulla rerum et aut aut fugit.","2015-01-01 00:00:00",
source,,,,,,,,,,,,,,,,,,,,,,,,,,,,,,,,,,,,,,,,,,,,,,,,,,,,,source31,version1,version,VXNlcjp1c2VyNQ==,,,,,"<p>Distinctio sunt exercitationem omnis quasi. Asperiores fugiat voluptatibus nihil sed vel ut.      Facere alias sunt voluptas quia qui expedita. Quaerat quia sunt impedit labore minima fugiat praesentium. Occaecati ad sunt officia rerum ex enim necessitatibus. Quia consequatur eos molestias voluptatem eum error. Voluptas id omnis cum voluptatem.</p>","2016-03-01 00:00:00","2016-03-01 00:00:00",1,0,,,,,
source,,,,,,,,,,,,,,,,,,,,,,,,,,,,,,,,,,,,,,,,,,,,,,,,,,,,,source32,version1,version,VXNlcjp1c2VyQWRtaW4=,1,VISIBLE,"2017-03-01 00:00:00",,"<p>Distinctio sunt exercitationem omnis quasi. Asperiores fugiat voluptatibus nihil sed vel ut.      Facere alias sunt voluptas quia qui expedita. Quaerat quia sunt impedit labore minima fugiat praesentium. Occaecati ad sunt officia rerum ex enim necessitatibus. Quia consequatur eos molestias voluptatem eum error. Voluptas id omnis cum voluptatem.</p>","2016-03-01 00:00:00","2016-03-01 00:00:00",1,0,,,,,
reportings,,,,,,,,,,,,,,,,,,,,,,,,,,,,,,,,,,,,,,,,,,,,,,version1,version,4,VXNlcjp1c2VyMTAw,SPAM,"Je signale","2018-03-01 00:00:00",,,,,,,,,,,,,,,,,,
argument,,,,,,,,,,,,,,,,,,,,,,,,,,,,,,,version1,version,argument205,VXNlcjp1c2VyMg==,FOR,"<p>Quaerat quia sunt impedit labore minima fugiat praesentium. Occaecati ad sunt officia rerum ex enim necessitatibus.</p>","2019-03-05 00:00:00","2019-03-05 00:00:00",https://capco.dev/projects/projet-de-loi-renseignement/consultation/elaboration-de-la-loi/opinions/chapitre-ier-economie-de-la-donnee/section-1-ouverture-des-donnees-publiques/article-1/versions/modification-1#arg-argument205,1,,,,,0,,,,,,,,,,,,,,,,,,,,,,,,,
argument,,,,,,,,,,,,,,,,,,,,,,,,,,,,,,,version1,version,argument204,VXNlcjp1c2VyNQ==,AGAINST,"<p>Quaerat quia sunt impedit labore minima fugiat praesentium. Occaecati ad sunt officia rerum ex enim necessitatibus.</p>","2019-03-04 00:00:00","2019-03-04 00:00:00",https://capco.dev/projects/projet-de-loi-renseignement/consultation/elaboration-de-la-loi/opinions/chapitre-ier-economie-de-la-donnee/section-1-ouverture-des-donnees-publiques/article-1/versions/modification-1#arg-argument204,1,,,,,5,,,,,,,,,,,,,,,,,,,,,,,,,
argument,,,,,,,,,,,,,,,,,,,,,,,,,,,,,,,version1,version,argument211,VXNlcjp1c2VyMQ==,FOR,"<p>Quaerat quia sunt impedit labore minima fugiat praesentium. Occaecati ad sunt officia rerum ex enim necessitatibus.</p>","2016-03-01 02:00:00","2016-03-01 02:00:00",https://capco.dev/projects/projet-de-loi-renseignement/consultation/elaboration-de-la-loi/opinions/chapitre-ier-economie-de-la-donnee/section-1-ouverture-des-donnees-publiques/article-1/versions/modification-1#arg-argument211,1,,,,,0,,,,,,,,,,,,,,,,,,,,,,,,,
