body,related_kind,related_url,type,createdAt,updatedAt,url,published,trashed,trashedAt,trashedReason,votes_totalCount
"<p>Quaerat quia sunt impedit labore minima fugiat praesentium. Occaecati ad sunt officia rerum ex enim necessitatibus.</p>`",opinion,https://capco.dev/consultations/croissance-innovation-disruption/consultation/collecte-des-avis/opinions/les-enjeux/opinion-3,FOR,"2015-01-11 00:00:00","2017-01-01 00:00:00",https://capco.dev/consultations/croissance-innovation-disruption/consultation/collecte-des-avis/opinions/les-enjeux/opinion-3#arg-argument10,1,0,,,0
"<p>Quaerat quia sunt impedit labore minima fugiat praesentium. Occaecati ad sunt officia rerum ex enim necessitatibus.</p>`",opinion,https://capco.dev/consultations/croissance-innovation-disruption/consultation/collecte-des-avis/opinions/les-enjeux/opinion-3,FOR,"2015-01-12 00:00:00","2017-01-01 00:00:00",https://capco.dev/consultations/croissance-innovation-disruption/consultation/collecte-des-avis/opinions/les-enjeux/opinion-3#arg-argument11,1,0,,,0
"<p>Quaerat quia sunt impedit labore minima fugiat praesentium. Occaecati ad sunt officia rerum ex enim necessitatibus.</p>`",opinion,https://capco.dev/consultations/croissance-innovation-disruption/consultation/collecte-des-avis/opinions/les-enjeux/opinion-3,FOR,"2015-01-13 00:00:00","2017-01-01 00:00:00",https://capco.dev/consultations/croissance-innovation-disruption/consultation/collecte-des-avis/opinions/les-enjeux/opinion-3#arg-argument12,1,0,,,0
"<p>Quaerat quia sunt impedit labore minima fugiat praesentium. Occaecati ad sunt officia rerum ex enim necessitatibus.</p>`",opinion,https://capco.dev/consultations/croissance-innovation-disruption/consultation/collecte-des-avis/opinions/les-enjeux/opinion-3,FOR,"2015-01-14 00:00:00","2017-01-01 00:00:00",https://capco.dev/consultations/croissance-innovation-disruption/consultation/collecte-des-avis/opinions/les-enjeux/opinion-3#arg-argument13,1,0,,,0
"<p>Quaerat quia sunt impedit labore minima fugiat praesentium. Occaecati ad sunt officia rerum ex enim necessitatibus.</p>`",opinion,https://capco.dev/consultations/croissance-innovation-disruption/consultation/collecte-des-avis/opinions/les-enjeux/opinion-3,FOR,"2015-01-15 00:00:00","2017-01-01 00:00:00",https://capco.dev/consultations/croissance-innovation-disruption/consultation/collecte-des-avis/opinions/les-enjeux/opinion-3#arg-argument14,1,0,,,0
"<p>Quaerat quia sunt impedit labore minima fugiat praesentium. Occaecati ad sunt officia rerum ex enim necessitatibus.</p>`",opinion,https://capco.dev/consultations/croissance-innovation-disruption/consultation/collecte-des-avis/opinions/les-enjeux/opinion-3,FOR,"2015-01-16 00:00:00","2017-01-01 00:00:00",https://capco.dev/consultations/croissance-innovation-disruption/consultation/collecte-des-avis/opinions/les-enjeux/opinion-3#arg-argument15,1,0,,,0
"<p>Quaerat quia sunt impedit labore minima fugiat praesentium. Occaecati ad sunt officia rerum ex enim necessitatibus.</p>`",opinion,https://capco.dev/consultations/croissance-innovation-disruption/consultation/collecte-des-avis/opinions/les-enjeux/opinion-3,FOR,"2015-01-17 00:00:00","2017-01-01 00:00:00",https://capco.dev/consultations/croissance-innovation-disruption/consultation/collecte-des-avis/opinions/les-enjeux/opinion-3#arg-argument16,1,0,,,0
"<p>Quaerat quia sunt impedit labore minima fugiat praesentium. Occaecati ad sunt officia rerum ex enim necessitatibus.</p>`",opinion,https://capco.dev/consultations/croissance-innovation-disruption/consultation/collecte-des-avis/opinions/les-enjeux/opinion-3,FOR,"2015-01-18 00:00:00","2017-01-01 00:00:00",https://capco.dev/consultations/croissance-innovation-disruption/consultation/collecte-des-avis/opinions/les-enjeux/opinion-3#arg-argument17,1,0,,,0
"<p>Quaerat quia sunt impedit labore minima fugiat praesentium. Occaecati ad sunt officia rerum ex enim necessitatibus.</p>`",opinion,https://capco.dev/consultations/croissance-innovation-disruption/consultation/collecte-des-avis/opinions/les-enjeux/opinion-3,FOR,"2015-01-19 00:00:00","2017-01-01 00:00:00",https://capco.dev/consultations/croissance-innovation-disruption/consultation/collecte-des-avis/opinions/les-enjeux/opinion-3#arg-argument18,1,0,,,0
"<p>Quaerat quia sunt impedit labore minima fugiat praesentium. Occaecati ad sunt officia rerum ex enim necessitatibus.</p>`",opinion,https://capco.dev/consultations/croissance-innovation-disruption/consultation/collecte-des-avis/opinions/les-enjeux/opinion-3,FOR,"2015-01-20 00:00:00","2017-01-01 00:00:00",https://capco.dev/consultations/croissance-innovation-disruption/consultation/collecte-des-avis/opinions/les-enjeux/opinion-3#arg-argument19,1,0,,,0
"<p>Quaerat quia sunt impedit labore minima fugiat praesentium. Occaecati ad sunt officia rerum ex enim necessitatibus.</p>`",opinion,https://capco.dev/consultations/croissance-innovation-disruption/consultation/collecte-des-avis/opinions/les-enjeux/opinion-3,FOR,"2015-01-21 00:00:00","2017-01-01 00:00:00",https://capco.dev/consultations/croissance-innovation-disruption/consultation/collecte-des-avis/opinions/les-enjeux/opinion-3#arg-argument20,1,0,,,0
"<p>Quaerat quia sunt impedit labore minima fugiat praesentium. Occaecati ad sunt officia rerum ex enim necessitatibus.</p>",opinion,https://capco.dev/consultations/strategie-technologique-de-letat-et-services-publics/consultation/collecte-des-avis-pour-une-meilleur-strategie/opinions/les-causes/opinion-51,AGAINST,"2019-03-01 00:00:00","2017-01-01 00:00:00",https://capco.dev/consultations/strategie-technologique-de-letat-et-services-publics/consultation/collecte-des-avis-pour-une-meilleur-strategie/opinions/les-causes/opinion-51#arg-argument201,1,0,,,0
"Que la force soit avec toi.",opinion,https://capco.dev/consultations/projet-de-loi-renseignement/consultation/elaboration-de-la-loi/opinions/chapitre-ier-economie-de-la-donnee/section-1-ouverture-des-donnees-publiques/article-1,FOR,"2019-03-06 00:00:00","2019-03-06 00:00:00",https://capco.dev/consultations/projet-de-loi-renseignement/consultation/elaboration-de-la-loi/opinions/chapitre-ier-economie-de-la-donnee/section-1-ouverture-des-donnees-publiques/article-1#arg-argument206,1,0,,,0
"Que la force soit avec toi et avec Yoda.",opinion,https://capco.dev/consultations/projet-de-loi-renseignement/consultation/elaboration-de-la-loi/opinions/chapitre-ier-economie-de-la-donnee/section-1-ouverture-des-donnees-publiques/article-1,FOR,"2019-03-07 00:00:00","2019-03-07 00:00:00",https://capco.dev/consultations/projet-de-loi-renseignement/consultation/elaboration-de-la-loi/opinions/chapitre-ier-economie-de-la-donnee/section-1-ouverture-des-donnees-publiques/article-1#arg-argument207,1,0,,,0
"Le spam c cool",opinion,https://capco.dev/consultations/projet-de-loi-renseignement/consultation/elaboration-de-la-loi/opinions/chapitre-ier-economie-de-la-donnee/section-1-ouverture-des-donnees-publiques/article-1,FOR,"2019-03-08 00:00:00","2019-03-08 00:00:00",https://capco.dev/consultations/projet-de-loi-renseignement/consultation/elaboration-de-la-loi/opinions/chapitre-ier-economie-de-la-donnee/section-1-ouverture-des-donnees-publiques/article-1#arg-argument208,1,1,"2019-03-08 00:00:00",moderation-guideline-violation,0
"<p>Quaerat quia sunt impedit labore minima fugiat praesentium. Occaecati ad sunt officia rerum ex enim necessitatibus.</p>",opinion,https://capco.dev/consultations/projet-de-loi-renseignement/consultation/elaboration-de-la-loi/opinions/chapitre-ier-economie-de-la-donnee/section-1-ouverture-des-donnees-publiques/article-1,FOR,"2017-12-27 00:00:00","2017-12-27 00:00:00",https://capco.dev/consultations/projet-de-loi-renseignement/consultation/elaboration-de-la-loi/opinions/chapitre-ier-economie-de-la-donnee/section-1-ouverture-des-donnees-publiques/article-1#arg-argument209,1,0,,,0
"<p>Quaerat quia sunt impedit labore minima fugiat praesentium. Occaecati ad sunt officia rerum ex enim necessitatibus.</p>`",opinion,https://capco.dev/consultations/croissance-innovation-disruption/consultation/collecte-des-avis/opinions/les-enjeux/opinion-3,FOR,"2015-01-22 00:00:00","2017-01-01 00:00:00",https://capco.dev/consultations/croissance-innovation-disruption/consultation/collecte-des-avis/opinions/les-enjeux/opinion-3#arg-argument21,1,0,,,0
"<p>Quaerat quia sunt impedit labore minima fugiat praesentium. Occaecati ad sunt officia rerum ex enim necessitatibus.</p>",opinion,https://capco.dev/consultations/projet-de-loi-renseignement/consultation/elaboration-de-la-loi/opinions/chapitre-ier-economie-de-la-donnee/section-1-ouverture-des-donnees-publiques/article-1,FOR,"2017-12-28 00:00:00","2017-12-28 00:00:00",https://capco.dev/consultations/projet-de-loi-renseignement/consultation/elaboration-de-la-loi/opinions/chapitre-ier-economie-de-la-donnee/section-1-ouverture-des-donnees-publiques/article-1#arg-argument210,1,0,,,0
"<p>Quaerat quia sunt impedit labore minima fugiat praesentium. Occaecati ad sunt officia rerum ex enim necessitatibus.</p>",version,https://capco.dev/projects/projet-de-loi-renseignement/consultation/elaboration-de-la-loi/opinions/chapitre-ier-economie-de-la-donnee/section-1-ouverture-des-donnees-publiques/article-1/versions/modification-1,FOR,"2016-03-01 02:00:00","2016-03-01 02:00:00",https://capco.dev/projects/projet-de-loi-renseignement/consultation/elaboration-de-la-loi/opinions/chapitre-ier-economie-de-la-donnee/section-1-ouverture-des-donnees-publiques/article-1/versions/modification-1#arg-argument211,1,0,,,0
"<p>Quaerat quia sunt impedit labore minima fugiat praesentium. Occaecati ad sunt officia rerum ex enim necessitatibus.</p>",version,https://capco.dev/projects/strategie-technologique-de-letat-et-services-publics/consultation/collecte-des-avis-pour-une-meilleur-strategie/opinions/les-causes/opinion-51/versions/version-sur-une-etape-fermee,FOR,"2016-03-01 03:00:00","2016-03-01 03:00:00",https://capco.dev/projects/strategie-technologique-de-letat-et-services-publics/consultation/collecte-des-avis-pour-une-meilleur-strategie/opinions/les-causes/opinion-51/versions/version-sur-une-etape-fermee#arg-argument212,1,0,,,0
"<p>Quaerat quia sunt impedit labore minima fugiat praesentium. Occaecati ad sunt officia rerum ex enim necessitatibus.</p>`",opinion,https://capco.dev/consultations/croissance-innovation-disruption/consultation/collecte-des-avis/opinions/les-enjeux/opinion-3,FOR,"2015-01-23 00:00:00","2017-01-01 00:00:00",https://capco.dev/consultations/croissance-innovation-disruption/consultation/collecte-des-avis/opinions/les-enjeux/opinion-3#arg-argument22,1,0,,,0
"<p>Quaerat quia sunt impedit labore minima fugiat praesentium. Occaecati ad sunt officia rerum ex enim necessitatibus.</p>`",opinion,https://capco.dev/consultations/croissance-innovation-disruption/consultation/collecte-des-avis/opinions/les-enjeux/opinion-3,FOR,"2015-01-24 00:00:00","2017-01-01 00:00:00",https://capco.dev/consultations/croissance-innovation-disruption/consultation/collecte-des-avis/opinions/les-enjeux/opinion-3#arg-argument23,1,0,,,0
"<p>Quaerat quia sunt impedit labore minima fugiat praesentium. Occaecati ad sunt officia rerum ex enim necessitatibus.</p>`",opinion,https://capco.dev/consultations/croissance-innovation-disruption/consultation/collecte-des-avis/opinions/les-enjeux/opinion-3,FOR,"2015-01-25 00:00:00","2017-01-01 00:00:00",https://capco.dev/consultations/croissance-innovation-disruption/consultation/collecte-des-avis/opinions/les-enjeux/opinion-3#arg-argument24,1,0,,,0
"<p>Quaerat quia sunt impedit labore minima fugiat praesentium. Occaecati ad sunt officia rerum ex enim necessitatibus.</p>`",opinion,https://capco.dev/consultations/croissance-innovation-disruption/consultation/collecte-des-avis/opinions/les-enjeux/opinion-3,FOR,"2015-01-26 00:00:00","2017-01-01 00:00:00",https://capco.dev/consultations/croissance-innovation-disruption/consultation/collecte-des-avis/opinions/les-enjeux/opinion-3#arg-argument25,1,0,,,0
"<p>Quaerat quia sunt impedit labore minima fugiat praesentium. Occaecati ad sunt officia rerum ex enim necessitatibus.</p>`",opinion,https://capco.dev/consultations/croissance-innovation-disruption/consultation/collecte-des-avis/opinions/les-enjeux/opinion-3,FOR,"2015-01-27 00:00:00","2017-01-01 00:00:00",https://capco.dev/consultations/croissance-innovation-disruption/consultation/collecte-des-avis/opinions/les-enjeux/opinion-3#arg-argument26,1,0,,,0
"<p>Quaerat quia sunt impedit labore minima fugiat praesentium. Occaecati ad sunt officia rerum ex enim necessitatibus.</p>`",opinion,https://capco.dev/consultations/croissance-innovation-disruption/consultation/collecte-des-avis/opinions/les-enjeux/opinion-3,FOR,"2015-01-28 00:00:00","2017-01-01 00:00:00",https://capco.dev/consultations/croissance-innovation-disruption/consultation/collecte-des-avis/opinions/les-enjeux/opinion-3#arg-argument27,1,0,,,0
"<p>Quaerat quia sunt impedit labore minima fugiat praesentium. Occaecati ad sunt officia rerum ex enim necessitatibus.</p>`",opinion,https://capco.dev/consultations/croissance-innovation-disruption/consultation/collecte-des-avis/opinions/les-enjeux/opinion-3,FOR,"2015-01-29 00:00:00","2017-01-01 00:00:00",https://capco.dev/consultations/croissance-innovation-disruption/consultation/collecte-des-avis/opinions/les-enjeux/opinion-3#arg-argument28,1,0,,,0
"<p>Quaerat quia sunt impedit labore minima fugiat praesentium. Occaecati ad sunt officia rerum ex enim necessitatibus.</p>`",opinion,https://capco.dev/consultations/croissance-innovation-disruption/consultation/collecte-des-avis/opinions/les-enjeux/opinion-3,FOR,"2015-01-30 00:00:00","2017-01-01 00:00:00",https://capco.dev/consultations/croissance-innovation-disruption/consultation/collecte-des-avis/opinions/les-enjeux/opinion-3#arg-argument29,1,0,,,0
"<p>Quaerat quia sunt impedit labore minima fugiat praesentium. Occaecati ad sunt officia rerum ex enim necessitatibus.</p>`",opinion,https://capco.dev/consultations/croissance-innovation-disruption/consultation/collecte-des-avis/opinions/les-enjeux/opinion-3,FOR,"2015-01-04 00:00:00","2017-01-01 00:00:00",https://capco.dev/consultations/croissance-innovation-disruption/consultation/collecte-des-avis/opinions/les-enjeux/opinion-3#arg-argument3,1,0,,,0
"<p>Quaerat quia sunt impedit labore minima fugiat praesentium. Occaecati ad sunt officia rerum ex enim necessitatibus.</p>`",opinion,https://capco.dev/consultations/croissance-innovation-disruption/consultation/collecte-des-avis/opinions/les-enjeux/opinion-3,FOR,"2015-01-31 00:00:00","2017-01-01 00:00:00",https://capco.dev/consultations/croissance-innovation-disruption/consultation/collecte-des-avis/opinions/les-enjeux/opinion-3#arg-argument30,1,0,,,0
"<p>Quaerat quia sunt impedit labore minima fugiat praesentium. Occaecati ad sunt officia rerum ex enim necessitatibus.</p>`",opinion,https://capco.dev/consultations/croissance-innovation-disruption/consultation/collecte-des-avis/opinions/les-enjeux/opinion-3,FOR,"2015-02-01 00:00:00","2017-01-01 00:00:00",https://capco.dev/consultations/croissance-innovation-disruption/consultation/collecte-des-avis/opinions/les-enjeux/opinion-3#arg-argument31,1,0,,,0
"<p>Quaerat quia sunt impedit labore minima fugiat praesentium. Occaecati ad sunt officia rerum ex enim necessitatibus.</p>`",opinion,https://capco.dev/consultations/croissance-innovation-disruption/consultation/collecte-des-avis/opinions/les-enjeux/opinion-3,FOR,"2015-02-02 00:00:00","2017-01-01 00:00:00",https://capco.dev/consultations/croissance-innovation-disruption/consultation/collecte-des-avis/opinions/les-enjeux/opinion-3#arg-argument32,1,0,,,0
"<p>Quaerat quia sunt impedit labore minima fugiat praesentium. Occaecati ad sunt officia rerum ex enim necessitatibus.</p>`",opinion,https://capco.dev/consultations/croissance-innovation-disruption/consultation/collecte-des-avis/opinions/les-enjeux/opinion-3,FOR,"2015-02-03 00:00:00","2017-01-01 00:00:00",https://capco.dev/consultations/croissance-innovation-disruption/consultation/collecte-des-avis/opinions/les-enjeux/opinion-3#arg-argument33,1,0,,,0
"<p>Quaerat quia sunt impedit labore minima fugiat praesentium. Occaecati ad sunt officia rerum ex enim necessitatibus.</p>`",opinion,https://capco.dev/consultations/croissance-innovation-disruption/consultation/collecte-des-avis/opinions/les-enjeux/opinion-3,FOR,"2015-02-04 00:00:00","2017-01-01 00:00:00",https://capco.dev/consultations/croissance-innovation-disruption/consultation/collecte-des-avis/opinions/les-enjeux/opinion-3#arg-argument34,1,0,,,0
"<p>Quaerat quia sunt impedit labore minima fugiat praesentium. Occaecati ad sunt officia rerum ex enim necessitatibus.</p>`",opinion,https://capco.dev/consultations/croissance-innovation-disruption/consultation/collecte-des-avis/opinions/les-enjeux/opinion-3,FOR,"2015-02-05 00:00:00","2017-01-01 00:00:00",https://capco.dev/consultations/croissance-innovation-disruption/consultation/collecte-des-avis/opinions/les-enjeux/opinion-3#arg-argument35,1,0,,,0
"<p>Quaerat quia sunt impedit labore minima fugiat praesentium. Occaecati ad sunt officia rerum ex enim necessitatibus.</p>`",opinion,https://capco.dev/consultations/croissance-innovation-disruption/consultation/collecte-des-avis/opinions/les-enjeux/opinion-3,FOR,"2015-02-06 00:00:00","2017-01-01 00:00:00",https://capco.dev/consultations/croissance-innovation-disruption/consultation/collecte-des-avis/opinions/les-enjeux/opinion-3#arg-argument36,1,0,,,0
"<p>Quaerat quia sunt impedit labore minima fugiat praesentium. Occaecati ad sunt officia rerum ex enim necessitatibus.</p>`",opinion,https://capco.dev/consultations/croissance-innovation-disruption/consultation/collecte-des-avis/opinions/les-enjeux/opinion-3,FOR,"2015-02-07 00:00:00","2017-01-01 00:00:00",https://capco.dev/consultations/croissance-innovation-disruption/consultation/collecte-des-avis/opinions/les-enjeux/opinion-3#arg-argument37,1,0,,,0
"<p>Quaerat quia sunt impedit labore minima fugiat praesentium. Occaecati ad sunt officia rerum ex enim necessitatibus.</p>`",opinion,https://capco.dev/consultations/croissance-innovation-disruption/consultation/collecte-des-avis/opinions/les-enjeux/opinion-3,FOR,"2015-02-08 00:00:00","2017-01-01 00:00:00",https://capco.dev/consultations/croissance-innovation-disruption/consultation/collecte-des-avis/opinions/les-enjeux/opinion-3#arg-argument38,1,0,,,0
"<p>Quaerat quia sunt impedit labore minima fugiat praesentium. Occaecati ad sunt officia rerum ex enim necessitatibus.</p>`",opinion,https://capco.dev/consultations/croissance-innovation-disruption/consultation/collecte-des-avis/opinions/les-enjeux/opinion-3,FOR,"2015-02-09 00:00:00","2017-01-01 00:00:00",https://capco.dev/consultations/croissance-innovation-disruption/consultation/collecte-des-avis/opinions/les-enjeux/opinion-3#arg-argument39,1,0,,,0
"<p>Quaerat quia sunt impedit labore minima fugiat praesentium. Occaecati ad sunt officia rerum ex enim necessitatibus.</p>`",opinion,https://capco.dev/consultations/croissance-innovation-disruption/consultation/collecte-des-avis/opinions/les-enjeux/opinion-3,FOR,"2015-01-05 00:00:00","2017-01-01 00:00:00",https://capco.dev/consultations/croissance-innovation-disruption/consultation/collecte-des-avis/opinions/les-enjeux/opinion-3#arg-argument4,1,0,,,0
"<p>Quaerat quia sunt impedit labore minima fugiat praesentium. Occaecati ad sunt officia rerum ex enim necessitatibus.</p>`",opinion,https://capco.dev/consultations/croissance-innovation-disruption/consultation/collecte-des-avis/opinions/les-enjeux/opinion-3,FOR,"2015-02-10 00:00:00","2017-01-01 00:00:00",https://capco.dev/consultations/croissance-innovation-disruption/consultation/collecte-des-avis/opinions/les-enjeux/opinion-3#arg-argument40,1,0,,,0
"<p>Quaerat quia sunt impedit labore minima fugiat praesentium. Occaecati ad sunt officia rerum ex enim necessitatibus.</p>`",opinion,https://capco.dev/consultations/croissance-innovation-disruption/consultation/collecte-des-avis/opinions/les-enjeux/opinion-3,FOR,"2015-02-11 00:00:00","2017-01-01 00:00:00",https://capco.dev/consultations/croissance-innovation-disruption/consultation/collecte-des-avis/opinions/les-enjeux/opinion-3#arg-argument41,1,0,,,0
"<p>Quaerat quia sunt impedit labore minima fugiat praesentium. Occaecati ad sunt officia rerum ex enim necessitatibus.</p>`",opinion,https://capco.dev/consultations/croissance-innovation-disruption/consultation/collecte-des-avis/opinions/les-enjeux/opinion-3,FOR,"2015-02-12 00:00:00","2017-01-01 00:00:00",https://capco.dev/consultations/croissance-innovation-disruption/consultation/collecte-des-avis/opinions/les-enjeux/opinion-3#arg-argument42,1,0,,,0
"<p>Quaerat quia sunt impedit labore minima fugiat praesentium. Occaecati ad sunt officia rerum ex enim necessitatibus.</p>`",opinion,https://capco.dev/consultations/croissance-innovation-disruption/consultation/collecte-des-avis/opinions/les-enjeux/opinion-3,FOR,"2015-02-13 00:00:00","2017-01-01 00:00:00",https://capco.dev/consultations/croissance-innovation-disruption/consultation/collecte-des-avis/opinions/les-enjeux/opinion-3#arg-argument43,1,0,,,0
"<p>Quaerat quia sunt impedit labore minima fugiat praesentium. Occaecati ad sunt officia rerum ex enim necessitatibus.</p>`",opinion,https://capco.dev/consultations/croissance-innovation-disruption/consultation/collecte-des-avis/opinions/les-enjeux/opinion-3,FOR,"2015-02-14 00:00:00","2017-01-01 00:00:00",https://capco.dev/consultations/croissance-innovation-disruption/consultation/collecte-des-avis/opinions/les-enjeux/opinion-3#arg-argument44,1,0,,,0
"<p>Quaerat quia sunt impedit labore minima fugiat praesentium. Occaecati ad sunt officia rerum ex enim necessitatibus.</p>`",opinion,https://capco.dev/consultations/croissance-innovation-disruption/consultation/collecte-des-avis/opinions/les-enjeux/opinion-3,FOR,"2015-02-15 00:00:00","2017-01-01 00:00:00",https://capco.dev/consultations/croissance-innovation-disruption/consultation/collecte-des-avis/opinions/les-enjeux/opinion-3#arg-argument45,1,0,,,0
"<p>Quaerat quia sunt impedit labore minima fugiat praesentium. Occaecati ad sunt officia rerum ex enim necessitatibus.</p>`",opinion,https://capco.dev/consultations/croissance-innovation-disruption/consultation/collecte-des-avis/opinions/les-enjeux/opinion-3,FOR,"2015-02-16 00:00:00","2017-01-01 00:00:00",https://capco.dev/consultations/croissance-innovation-disruption/consultation/collecte-des-avis/opinions/les-enjeux/opinion-3#arg-argument46,1,0,,,0
"<p>Quaerat quia sunt impedit labore minima fugiat praesentium. Occaecati ad sunt officia rerum ex enim necessitatibus.</p>`",opinion,https://capco.dev/consultations/croissance-innovation-disruption/consultation/collecte-des-avis/opinions/les-enjeux/opinion-3,FOR,"2015-02-17 00:00:00","2017-01-01 00:00:00",https://capco.dev/consultations/croissance-innovation-disruption/consultation/collecte-des-avis/opinions/les-enjeux/opinion-3#arg-argument47,1,0,,,0
"<p>Quaerat quia sunt impedit labore minima fugiat praesentium. Occaecati ad sunt officia rerum ex enim necessitatibus.</p>`",opinion,https://capco.dev/consultations/croissance-innovation-disruption/consultation/collecte-des-avis/opinions/les-enjeux/opinion-3,FOR,"2015-02-18 00:00:00","2017-01-01 00:00:00",https://capco.dev/consultations/croissance-innovation-disruption/consultation/collecte-des-avis/opinions/les-enjeux/opinion-3#arg-argument48,1,0,,,0
"<p>Quaerat quia sunt impedit labore minima fugiat praesentium. Occaecati ad sunt officia rerum ex enim necessitatibus.</p>`",opinion,https://capco.dev/consultations/croissance-innovation-disruption/consultation/collecte-des-avis/opinions/les-enjeux/opinion-3,FOR,"2015-02-19 00:00:00","2017-01-01 00:00:00",https://capco.dev/consultations/croissance-innovation-disruption/consultation/collecte-des-avis/opinions/les-enjeux/opinion-3#arg-argument49,1,0,,,0
"<p>Quaerat quia sunt impedit labore minima fugiat praesentium. Occaecati ad sunt officia rerum ex enim necessitatibus.</p>`",opinion,https://capco.dev/consultations/croissance-innovation-disruption/consultation/collecte-des-avis/opinions/les-enjeux/opinion-3,FOR,"2015-01-06 00:00:00","2017-01-01 00:00:00",https://capco.dev/consultations/croissance-innovation-disruption/consultation/collecte-des-avis/opinions/les-enjeux/opinion-3#arg-argument5,1,0,,,0
"<p>Quaerat quia sunt impedit labore minima fugiat praesentium. Occaecati ad sunt officia rerum ex enim necessitatibus.</p>`",opinion,https://capco.dev/consultations/croissance-innovation-disruption/consultation/collecte-des-avis/opinions/les-enjeux/opinion-3,FOR,"2015-02-20 00:00:00","2017-01-01 00:00:00",https://capco.dev/consultations/croissance-innovation-disruption/consultation/collecte-des-avis/opinions/les-enjeux/opinion-3#arg-argument50,1,0,,,0
"<p>Quaerat quia sunt impedit labore minima fugiat praesentium. Occaecati ad sunt officia rerum ex enim necessitatibus.</p>`",opinion,https://capco.dev/consultations/croissance-innovation-disruption/consultation/collecte-des-avis/opinions/les-enjeux/opinion-3,FOR,"2015-02-21 00:00:00","2017-01-01 00:00:00",https://capco.dev/consultations/croissance-innovation-disruption/consultation/collecte-des-avis/opinions/les-enjeux/opinion-3#arg-argument51,1,0,,,0
"<p>Quaerat quia sunt impedit labore minima fugiat praesentium. Occaecati ad sunt officia rerum ex enim necessitatibus.</p>`",opinion,https://capco.dev/consultations/croissance-innovation-disruption/consultation/collecte-des-avis/opinions/les-enjeux/opinion-3,FOR,"2015-02-22 00:00:00","2017-01-01 00:00:00",https://capco.dev/consultations/croissance-innovation-disruption/consultation/collecte-des-avis/opinions/les-enjeux/opinion-3#arg-argument52,1,0,,,0
"<p>Quaerat quia sunt impedit labore minima fugiat praesentium. Occaecati ad sunt officia rerum ex enim necessitatibus.</p>`",opinion,https://capco.dev/consultations/croissance-innovation-disruption/consultation/collecte-des-avis/opinions/les-enjeux/opinion-3,FOR,"2015-02-23 00:00:00","2017-01-01 00:00:00",https://capco.dev/consultations/croissance-innovation-disruption/consultation/collecte-des-avis/opinions/les-enjeux/opinion-3#arg-argument53,1,0,,,0
"<p>Quaerat quia sunt impedit labore minima fugiat praesentium. Occaecati ad sunt officia rerum ex enim necessitatibus.</p>`",opinion,https://capco.dev/consultations/croissance-innovation-disruption/consultation/collecte-des-avis/opinions/les-enjeux/opinion-3,FOR,"2015-02-24 00:00:00","2017-01-01 00:00:00",https://capco.dev/consultations/croissance-innovation-disruption/consultation/collecte-des-avis/opinions/les-enjeux/opinion-3#arg-argument54,1,0,,,0
"<p>Quaerat quia sunt impedit labore minima fugiat praesentium. Occaecati ad sunt officia rerum ex enim necessitatibus.</p>`",opinion,https://capco.dev/consultations/croissance-innovation-disruption/consultation/collecte-des-avis/opinions/les-enjeux/opinion-3,FOR,"2015-02-25 00:00:00","2017-01-01 00:00:00",https://capco.dev/consultations/croissance-innovation-disruption/consultation/collecte-des-avis/opinions/les-enjeux/opinion-3#arg-argument55,1,0,,,0
"<p>Quaerat quia sunt impedit labore minima fugiat praesentium. Occaecati ad sunt officia rerum ex enim necessitatibus.</p>`",opinion,https://capco.dev/consultations/croissance-innovation-disruption/consultation/collecte-des-avis/opinions/les-enjeux/opinion-3,FOR,"2015-02-26 00:00:00","2017-01-01 00:00:00",https://capco.dev/consultations/croissance-innovation-disruption/consultation/collecte-des-avis/opinions/les-enjeux/opinion-3#arg-argument56,1,0,,,0
"<p>Quaerat quia sunt impedit labore minima fugiat praesentium. Occaecati ad sunt officia rerum ex enim necessitatibus.</p>`",opinion,https://capco.dev/consultations/croissance-innovation-disruption/consultation/collecte-des-avis/opinions/les-enjeux/opinion-3,FOR,"2015-02-27 00:00:00","2017-01-01 00:00:00",https://capco.dev/consultations/croissance-innovation-disruption/consultation/collecte-des-avis/opinions/les-enjeux/opinion-3#arg-argument57,1,0,,,0
"<p>Quaerat quia sunt impedit labore minima fugiat praesentium. Occaecati ad sunt officia rerum ex enim necessitatibus.</p>`",opinion,https://capco.dev/consultations/croissance-innovation-disruption/consultation/collecte-des-avis/opinions/les-enjeux/opinion-3,FOR,"2015-02-28 00:00:00","2017-01-01 00:00:00",https://capco.dev/consultations/croissance-innovation-disruption/consultation/collecte-des-avis/opinions/les-enjeux/opinion-3#arg-argument58,1,0,,,0
"<p>Quaerat quia sunt impedit labore minima fugiat praesentium. Occaecati ad sunt officia rerum ex enim necessitatibus.</p>`",opinion,https://capco.dev/consultations/croissance-innovation-disruption/consultation/collecte-des-avis/opinions/les-enjeux/opinion-3,FOR,"2015-03-01 00:00:00","2017-01-01 00:00:00",https://capco.dev/consultations/croissance-innovation-disruption/consultation/collecte-des-avis/opinions/les-enjeux/opinion-3#arg-argument59,1,0,,,0
"<p>Quaerat quia sunt impedit labore minima fugiat praesentium. Occaecati ad sunt officia rerum ex enim necessitatibus.</p>`",opinion,https://capco.dev/consultations/croissance-innovation-disruption/consultation/collecte-des-avis/opinions/les-enjeux/opinion-3,FOR,"2015-01-07 00:00:00","2017-01-01 00:00:00",https://capco.dev/consultations/croissance-innovation-disruption/consultation/collecte-des-avis/opinions/les-enjeux/opinion-3#arg-argument6,1,0,,,0
"<p>Quaerat quia sunt impedit labore minima fugiat praesentium. Occaecati ad sunt officia rerum ex enim necessitatibus.</p>`",opinion,https://capco.dev/consultations/croissance-innovation-disruption/consultation/collecte-des-avis/opinions/les-enjeux/opinion-3,FOR,"2015-03-02 00:00:00","2017-01-01 00:00:00",https://capco.dev/consultations/croissance-innovation-disruption/consultation/collecte-des-avis/opinions/les-enjeux/opinion-3#arg-argument60,1,0,,,0
"<p>Quaerat quia sunt impedit labore minima fugiat praesentium. Occaecati ad sunt officia rerum ex enim necessitatibus.</p>`",opinion,https://capco.dev/consultations/croissance-innovation-disruption/consultation/collecte-des-avis/opinions/les-enjeux/opinion-3,FOR,"2015-03-03 00:00:00","2017-01-01 00:00:00",https://capco.dev/consultations/croissance-innovation-disruption/consultation/collecte-des-avis/opinions/les-enjeux/opinion-3#arg-argument61,1,0,,,0
"<p>Quaerat quia sunt impedit labore minima fugiat praesentium. Occaecati ad sunt officia rerum ex enim necessitatibus.</p>`",opinion,https://capco.dev/consultations/croissance-innovation-disruption/consultation/collecte-des-avis/opinions/les-enjeux/opinion-3,FOR,"2015-03-04 00:00:00","2017-01-01 00:00:00",https://capco.dev/consultations/croissance-innovation-disruption/consultation/collecte-des-avis/opinions/les-enjeux/opinion-3#arg-argument62,1,0,,,0
"<p>Quaerat quia sunt impedit labore minima fugiat praesentium. Occaecati ad sunt officia rerum ex enim necessitatibus.</p>`",opinion,https://capco.dev/consultations/croissance-innovation-disruption/consultation/collecte-des-avis/opinions/les-enjeux/opinion-3,FOR,"2015-03-05 00:00:00","2017-01-01 00:00:00",https://capco.dev/consultations/croissance-innovation-disruption/consultation/collecte-des-avis/opinions/les-enjeux/opinion-3#arg-argument63,1,0,,,0
"<p>Quaerat quia sunt impedit labore minima fugiat praesentium. Occaecati ad sunt officia rerum ex enim necessitatibus.</p>`",opinion,https://capco.dev/consultations/croissance-innovation-disruption/consultation/collecte-des-avis/opinions/les-enjeux/opinion-3,FOR,"2015-03-06 00:00:00","2017-01-01 00:00:00",https://capco.dev/consultations/croissance-innovation-disruption/consultation/collecte-des-avis/opinions/les-enjeux/opinion-3#arg-argument64,1,0,,,0
"<p>Quaerat quia sunt impedit labore minima fugiat praesentium. Occaecati ad sunt officia rerum ex enim necessitatibus.</p>`",opinion,https://capco.dev/consultations/croissance-innovation-disruption/consultation/collecte-des-avis/opinions/les-enjeux/opinion-3,FOR,"2015-03-07 00:00:00","2017-01-01 00:00:00",https://capco.dev/consultations/croissance-innovation-disruption/consultation/collecte-des-avis/opinions/les-enjeux/opinion-3#arg-argument65,1,0,,,0
"<p>Quaerat quia sunt impedit labore minima fugiat praesentium. Occaecati ad sunt officia rerum ex enim necessitatibus.</p>`",opinion,https://capco.dev/consultations/croissance-innovation-disruption/consultation/collecte-des-avis/opinions/les-enjeux/opinion-3,FOR,"2015-03-08 00:00:00","2017-01-01 00:00:00",https://capco.dev/consultations/croissance-innovation-disruption/consultation/collecte-des-avis/opinions/les-enjeux/opinion-3#arg-argument66,1,0,,,0
"<p>Quaerat quia sunt impedit labore minima fugiat praesentium. Occaecati ad sunt officia rerum ex enim necessitatibus.</p>`",opinion,https://capco.dev/consultations/croissance-innovation-disruption/consultation/collecte-des-avis/opinions/les-enjeux/opinion-3,FOR,"2015-03-09 00:00:00","2017-01-01 00:00:00",https://capco.dev/consultations/croissance-innovation-disruption/consultation/collecte-des-avis/opinions/les-enjeux/opinion-3#arg-argument67,1,0,,,0
"<p>Quaerat quia sunt impedit labore minima fugiat praesentium. Occaecati ad sunt officia rerum ex enim necessitatibus.</p>`",opinion,https://capco.dev/consultations/croissance-innovation-disruption/consultation/collecte-des-avis/opinions/les-enjeux/opinion-3,FOR,"2015-03-10 00:00:00","2017-01-01 00:00:00",https://capco.dev/consultations/croissance-innovation-disruption/consultation/collecte-des-avis/opinions/les-enjeux/opinion-3#arg-argument68,1,0,,,0
"<p>Quaerat quia sunt impedit labore minima fugiat praesentium. Occaecati ad sunt officia rerum ex enim necessitatibus.</p>`",opinion,https://capco.dev/consultations/croissance-innovation-disruption/consultation/collecte-des-avis/opinions/les-enjeux/opinion-3,FOR,"2015-03-11 00:00:00","2017-01-01 00:00:00",https://capco.dev/consultations/croissance-innovation-disruption/consultation/collecte-des-avis/opinions/les-enjeux/opinion-3#arg-argument69,1,0,,,0
"<p>Quaerat quia sunt impedit labore minima fugiat praesentium. Occaecati ad sunt officia rerum ex enim necessitatibus.</p>`",opinion,https://capco.dev/consultations/croissance-innovation-disruption/consultation/collecte-des-avis/opinions/les-enjeux/opinion-3,FOR,"2015-01-08 00:00:00","2017-01-01 00:00:00",https://capco.dev/consultations/croissance-innovation-disruption/consultation/collecte-des-avis/opinions/les-enjeux/opinion-3#arg-argument7,1,0,,,0
"<p>Quaerat quia sunt impedit labore minima fugiat praesentium. Occaecati ad sunt officia rerum ex enim necessitatibus.</p>`",opinion,https://capco.dev/consultations/croissance-innovation-disruption/consultation/collecte-des-avis/opinions/les-enjeux/opinion-3,FOR,"2015-03-12 00:00:00","2017-01-01 00:00:00",https://capco.dev/consultations/croissance-innovation-disruption/consultation/collecte-des-avis/opinions/les-enjeux/opinion-3#arg-argument70,1,0,,,0
"<p>Quaerat quia sunt impedit labore minima fugiat praesentium. Occaecati ad sunt officia rerum ex enim necessitatibus.</p>`",opinion,https://capco.dev/consultations/croissance-innovation-disruption/consultation/collecte-des-avis/opinions/les-enjeux/opinion-3,FOR,"2015-03-13 00:00:00","2017-01-01 00:00:00",https://capco.dev/consultations/croissance-innovation-disruption/consultation/collecte-des-avis/opinions/les-enjeux/opinion-3#arg-argument71,1,0,,,0
"<p>Quaerat quia sunt impedit labore minima fugiat praesentium. Occaecati ad sunt officia rerum ex enim necessitatibus.</p>`",opinion,https://capco.dev/consultations/croissance-innovation-disruption/consultation/collecte-des-avis/opinions/les-enjeux/opinion-3,FOR,"2015-03-14 00:00:00","2017-01-01 00:00:00",https://capco.dev/consultations/croissance-innovation-disruption/consultation/collecte-des-avis/opinions/les-enjeux/opinion-3#arg-argument72,1,0,,,0
"<p>Quaerat quia sunt impedit labore minima fugiat praesentium. Occaecati ad sunt officia rerum ex enim necessitatibus.</p>`",opinion,https://capco.dev/consultations/croissance-innovation-disruption/consultation/collecte-des-avis/opinions/les-enjeux/opinion-3,FOR,"2015-03-15 00:00:00","2017-01-01 00:00:00",https://capco.dev/consultations/croissance-innovation-disruption/consultation/collecte-des-avis/opinions/les-enjeux/opinion-3#arg-argument73,1,0,,,0
"<p>Quaerat quia sunt impedit labore minima fugiat praesentium. Occaecati ad sunt officia rerum ex enim necessitatibus.</p>`",opinion,https://capco.dev/consultations/croissance-innovation-disruption/consultation/collecte-des-avis/opinions/les-enjeux/opinion-3,FOR,"2015-03-16 00:00:00","2017-01-01 00:00:00",https://capco.dev/consultations/croissance-innovation-disruption/consultation/collecte-des-avis/opinions/les-enjeux/opinion-3#arg-argument74,1,0,,,0
"<p>Quaerat quia sunt impedit labore minima fugiat praesentium. Occaecati ad sunt officia rerum ex enim necessitatibus.</p>`",opinion,https://capco.dev/consultations/croissance-innovation-disruption/consultation/collecte-des-avis/opinions/les-enjeux/opinion-3,FOR,"2015-03-17 00:00:00","2017-01-01 00:00:00",https://capco.dev/consultations/croissance-innovation-disruption/consultation/collecte-des-avis/opinions/les-enjeux/opinion-3#arg-argument75,1,0,,,0
"<p>Quaerat quia sunt impedit labore minima fugiat praesentium. Occaecati ad sunt officia rerum ex enim necessitatibus.</p>`",opinion,https://capco.dev/consultations/croissance-innovation-disruption/consultation/collecte-des-avis/opinions/les-enjeux/opinion-3,FOR,"2015-03-18 00:00:00","2017-01-01 00:00:00",https://capco.dev/consultations/croissance-innovation-disruption/consultation/collecte-des-avis/opinions/les-enjeux/opinion-3#arg-argument76,1,0,,,0
"<p>Quaerat quia sunt impedit labore minima fugiat praesentium. Occaecati ad sunt officia rerum ex enim necessitatibus.</p>`",opinion,https://capco.dev/consultations/croissance-innovation-disruption/consultation/collecte-des-avis/opinions/les-enjeux/opinion-3,FOR,"2015-03-19 00:00:00","2017-01-01 00:00:00",https://capco.dev/consultations/croissance-innovation-disruption/consultation/collecte-des-avis/opinions/les-enjeux/opinion-3#arg-argument77,1,0,,,0
"<p>Quaerat quia sunt impedit labore minima fugiat praesentium. Occaecati ad sunt officia rerum ex enim necessitatibus.</p>`",opinion,https://capco.dev/consultations/croissance-innovation-disruption/consultation/collecte-des-avis/opinions/les-enjeux/opinion-3,FOR,"2015-03-20 00:00:00","2017-01-01 00:00:00",https://capco.dev/consultations/croissance-innovation-disruption/consultation/collecte-des-avis/opinions/les-enjeux/opinion-3#arg-argument78,1,0,,,0
"<p>Quaerat quia sunt impedit labore minima fugiat praesentium. Occaecati ad sunt officia rerum ex enim necessitatibus.</p>`",opinion,https://capco.dev/consultations/croissance-innovation-disruption/consultation/collecte-des-avis/opinions/les-enjeux/opinion-3,FOR,"2015-03-21 00:00:00","2017-01-01 00:00:00",https://capco.dev/consultations/croissance-innovation-disruption/consultation/collecte-des-avis/opinions/les-enjeux/opinion-3#arg-argument79,1,0,,,0
"<p>Quaerat quia sunt impedit labore minima fugiat praesentium. Occaecati ad sunt officia rerum ex enim necessitatibus.</p>`",opinion,https://capco.dev/consultations/croissance-innovation-disruption/consultation/collecte-des-avis/opinions/les-enjeux/opinion-3,FOR,"2015-01-09 00:00:00","2017-01-01 00:00:00",https://capco.dev/consultations/croissance-innovation-disruption/consultation/collecte-des-avis/opinions/les-enjeux/opinion-3#arg-argument8,1,0,,,0
"<p>Quaerat quia sunt impedit labore minima fugiat praesentium. Occaecati ad sunt officia rerum ex enim necessitatibus.</p>`",opinion,https://capco.dev/consultations/croissance-innovation-disruption/consultation/collecte-des-avis/opinions/les-enjeux/opinion-3,FOR,"2015-03-22 00:00:00","2017-01-01 00:00:00",https://capco.dev/consultations/croissance-innovation-disruption/consultation/collecte-des-avis/opinions/les-enjeux/opinion-3#arg-argument80,1,0,,,0
"<p>Quaerat quia sunt impedit labore minima fugiat praesentium. Occaecati ad sunt officia rerum ex enim necessitatibus.</p>`",opinion,https://capco.dev/consultations/croissance-innovation-disruption/consultation/collecte-des-avis/opinions/les-enjeux/opinion-3,FOR,"2015-03-23 00:00:00","2017-01-01 00:00:00",https://capco.dev/consultations/croissance-innovation-disruption/consultation/collecte-des-avis/opinions/les-enjeux/opinion-3#arg-argument81,1,0,,,0
"<p>Quaerat quia sunt impedit labore minima fugiat praesentium. Occaecati ad sunt officia rerum ex enim necessitatibus.</p>`",opinion,https://capco.dev/consultations/croissance-innovation-disruption/consultation/collecte-des-avis/opinions/les-enjeux/opinion-3,FOR,"2015-03-24 00:00:00","2017-01-01 00:00:00",https://capco.dev/consultations/croissance-innovation-disruption/consultation/collecte-des-avis/opinions/les-enjeux/opinion-3#arg-argument82,1,0,,,0
"<p>Quaerat quia sunt impedit labore minima fugiat praesentium. Occaecati ad sunt officia rerum ex enim necessitatibus.</p>`",opinion,https://capco.dev/consultations/croissance-innovation-disruption/consultation/collecte-des-avis/opinions/les-enjeux/opinion-3,FOR,"2015-03-25 00:00:00","2017-01-01 00:00:00",https://capco.dev/consultations/croissance-innovation-disruption/consultation/collecte-des-avis/opinions/les-enjeux/opinion-3#arg-argument83,1,0,,,0
"<p>Quaerat quia sunt impedit labore minima fugiat praesentium. Occaecati ad sunt officia rerum ex enim necessitatibus.</p>`",opinion,https://capco.dev/consultations/croissance-innovation-disruption/consultation/collecte-des-avis/opinions/les-enjeux/opinion-3,FOR,"2015-03-26 00:00:00","2017-01-01 00:00:00",https://capco.dev/consultations/croissance-innovation-disruption/consultation/collecte-des-avis/opinions/les-enjeux/opinion-3#arg-argument84,1,0,,,0
"<p>Quaerat quia sunt impedit labore minima fugiat praesentium. Occaecati ad sunt officia rerum ex enim necessitatibus.</p>`",opinion,https://capco.dev/consultations/croissance-innovation-disruption/consultation/collecte-des-avis/opinions/les-enjeux/opinion-3,FOR,"2015-03-27 00:00:00","2017-01-01 00:00:00",https://capco.dev/consultations/croissance-innovation-disruption/consultation/collecte-des-avis/opinions/les-enjeux/opinion-3#arg-argument85,1,0,,,0
"<p>Quaerat quia sunt impedit labore minima fugiat praesentium. Occaecati ad sunt officia rerum ex enim necessitatibus.</p>`",opinion,https://capco.dev/consultations/croissance-innovation-disruption/consultation/collecte-des-avis/opinions/les-enjeux/opinion-3,FOR,"2015-03-28 00:00:00","2017-01-01 00:00:00",https://capco.dev/consultations/croissance-innovation-disruption/consultation/collecte-des-avis/opinions/les-enjeux/opinion-3#arg-argument86,1,0,,,0
"<p>Quaerat quia sunt impedit labore minima fugiat praesentium. Occaecati ad sunt officia rerum ex enim necessitatibus.</p>`",opinion,https://capco.dev/consultations/croissance-innovation-disruption/consultation/collecte-des-avis/opinions/les-enjeux/opinion-3,FOR,"2015-03-29 00:00:00","2017-01-01 00:00:00",https://capco.dev/consultations/croissance-innovation-disruption/consultation/collecte-des-avis/opinions/les-enjeux/opinion-3#arg-argument87,1,0,,,0
"<p>Quaerat quia sunt impedit labore minima fugiat praesentium. Occaecati ad sunt officia rerum ex enim necessitatibus.</p>`",opinion,https://capco.dev/consultations/croissance-innovation-disruption/consultation/collecte-des-avis/opinions/les-enjeux/opinion-3,FOR,"2015-03-30 00:00:00","2017-01-01 00:00:00",https://capco.dev/consultations/croissance-innovation-disruption/consultation/collecte-des-avis/opinions/les-enjeux/opinion-3#arg-argument88,1,0,,,0
"<p>Quaerat quia sunt impedit labore minima fugiat praesentium. Occaecati ad sunt officia rerum ex enim necessitatibus.</p>`",opinion,https://capco.dev/consultations/croissance-innovation-disruption/consultation/collecte-des-avis/opinions/les-enjeux/opinion-3,FOR,"2015-03-31 00:00:00","2017-01-01 00:00:00",https://capco.dev/consultations/croissance-innovation-disruption/consultation/collecte-des-avis/opinions/les-enjeux/opinion-3#arg-argument89,1,0,,,0
"<p>Quaerat quia sunt impedit labore minima fugiat praesentium. Occaecati ad sunt officia rerum ex enim necessitatibus.</p>`",opinion,https://capco.dev/consultations/croissance-innovation-disruption/consultation/collecte-des-avis/opinions/les-enjeux/opinion-3,FOR,"2015-01-10 00:00:00","2017-01-01 00:00:00",https://capco.dev/consultations/croissance-innovation-disruption/consultation/collecte-des-avis/opinions/les-enjeux/opinion-3#arg-argument9,1,0,,,0
"<p>Quaerat quia sunt impedit labore minima fugiat praesentium. Occaecati ad sunt officia rerum ex enim necessitatibus.</p>`",opinion,https://capco.dev/consultations/croissance-innovation-disruption/consultation/collecte-des-avis/opinions/les-enjeux/opinion-3,FOR,"2015-04-01 00:00:00","2017-01-01 00:00:00",https://capco.dev/consultations/croissance-innovation-disruption/consultation/collecte-des-avis/opinions/les-enjeux/opinion-3#arg-argument90,1,0,,,0
"<p>Quaerat quia sunt impedit labore minima fugiat praesentium. Occaecati ad sunt officia rerum ex enim necessitatibus.</p>`",opinion,https://capco.dev/consultations/croissance-innovation-disruption/consultation/collecte-des-avis/opinions/les-enjeux/opinion-3,FOR,"2015-04-02 00:00:00","2017-01-01 00:00:00",https://capco.dev/consultations/croissance-innovation-disruption/consultation/collecte-des-avis/opinions/les-enjeux/opinion-3#arg-argument91,1,0,,,0
"<p>Quaerat quia sunt impedit labore minima fugiat praesentium. Occaecati ad sunt officia rerum ex enim necessitatibus.</p>`",opinion,https://capco.dev/consultations/croissance-innovation-disruption/consultation/collecte-des-avis/opinions/les-enjeux/opinion-3,FOR,"2015-04-03 00:00:00","2017-01-01 00:00:00",https://capco.dev/consultations/croissance-innovation-disruption/consultation/collecte-des-avis/opinions/les-enjeux/opinion-3#arg-argument92,1,0,,,0
"<p>Quaerat quia sunt impedit labore minima fugiat praesentium. Occaecati ad sunt officia rerum ex enim necessitatibus.</p>`",opinion,https://capco.dev/consultations/croissance-innovation-disruption/consultation/collecte-des-avis/opinions/les-enjeux/opinion-3,FOR,"2015-04-04 00:00:00","2017-01-01 00:00:00",https://capco.dev/consultations/croissance-innovation-disruption/consultation/collecte-des-avis/opinions/les-enjeux/opinion-3#arg-argument93,1,0,,,0
"<p>Quaerat quia sunt impedit labore minima fugiat praesentium. Occaecati ad sunt officia rerum ex enim necessitatibus.</p>`",opinion,https://capco.dev/consultations/croissance-innovation-disruption/consultation/collecte-des-avis/opinions/les-enjeux/opinion-3,FOR,"2015-04-05 00:00:00","2017-01-01 00:00:00",https://capco.dev/consultations/croissance-innovation-disruption/consultation/collecte-des-avis/opinions/les-enjeux/opinion-3#arg-argument94,1,0,,,0
